solid
facet normal 0 0 0
outer loop
vertex 127282.2 154227.2 131724.4
vertex 129785.6 154227.2 131559.9
vertex 129785.6 152969.4 131724.4
endloop
endfacet
facet normal 0 0 0
outer loop
vertex 129785.6 159689.5 131724.4
vertex 129785.6 154227.2 131559.9
vertex 127282.2 154227.2 131724.4
endloop
endfacet
facet normal 0 0 0
outer loop
vertex 129785.6 152969.4 131724.4
vertex 129785.6 154227.2 131559.9
vertex 133923.7 154227.2 131724.4
endloop
endfacet
facet normal 0 0 0
outer loop
vertex 133923.7 154227.2 131724.4
vertex 129785.6 154227.2 131559.9
vertex 129785.6 159689.5 131724.4
endloop
endfacet
facet normal 0 0 0
outer loop
vertex 113522 154227.2 137365.3
vertex 118503.8 154227.2 133159.8
vertex 118503.8 149673.7 137365.3
endloop
endfacet
facet normal 0 0 0
outer loop
vertex 127936.8 142945.3 137365.3
vertex 129785.6 142945.3 136043.8
vertex 129785.6 141917.7 137365.3
endloop
endfacet
facet normal 0 0 0
outer loop
vertex 120409.1 148586.2 137365.3
vertex 124144.7 148586.2 133895.2
vertex 124144.7 145326.8 137365.3
endloop
endfacet
facet normal 0 0 0
outer loop
vertex 146708.4 154227.2 137112
vertex 141067.5 148586.2 134426.4
vertex 141067.5 154227.2 133975.5
endloop
endfacet
facet normal 0 0 0
outer loop
vertex 146708.4 148586.2 136803.9
vertex 141067.5 148586.2 134426.4
vertex 146708.4 154227.2 137112
endloop
endfacet
facet normal 0 0 0
outer loop
vertex 118503.8 159868.1 132856.8
vertex 118503.8 154227.2 133159.8
vertex 113522 154227.2 137365.3
endloop
endfacet
facet normal 0 0 0
outer loop
vertex 113522 154227.2 137365.3
vertex 113093.1 159868.1 137365.3
vertex 118503.8 159868.1 132856.8
endloop
endfacet
facet normal 0 0 0
outer loop
vertex 146708.4 148586.2 136803.9
vertex 146708.4 154227.2 137112
vertex 147216.7 154227.2 137365.3
endloop
endfacet
facet normal 0 0 0
outer loop
vertex 147216.7 154227.2 137365.3
vertex 148164.5 148586.2 137365.3
vertex 146708.4 148586.2 136803.9
endloop
endfacet
facet normal 0 0 0
outer loop
vertex 141067.5 154227.2 133975.5
vertex 141067.5 159868.1 135825.1
vertex 143629.5 159868.1 137365.3
endloop
endfacet
facet normal 0 0 0
outer loop
vertex 146708.4 155303.2 137365.3
vertex 141067.5 154227.2 133975.5
vertex 143629.5 159868.1 137365.3
endloop
endfacet
facet normal 0 0 0
outer loop
vertex 129785.6 148586.2 132721.7
vertex 129785.6 142945.3 136043.8
vertex 127936.8 142945.3 137365.3
endloop
endfacet
facet normal 0 0 0
outer loop
vertex 146708.4 154227.2 137112
vertex 141067.5 154227.2 133975.5
vertex 146708.4 155303.2 137365.3
endloop
endfacet
facet normal 0 0 0
outer loop
vertex 124144.7 145326.8 137365.3
vertex 129785.6 148586.2 132721.7
vertex 127936.8 142945.3 137365.3
endloop
endfacet
facet normal 0 0 0
outer loop
vertex 124144.7 148586.2 133895.2
vertex 129785.6 148586.2 132721.7
vertex 124144.7 145326.8 137365.3
endloop
endfacet
facet normal 0 0 0
outer loop
vertex 118503.8 154227.2 133159.8
vertex 124144.7 148586.2 133895.2
vertex 120409.1 148586.2 137365.3
endloop
endfacet
facet normal 0 0 0
outer loop
vertex 118503.8 149673.7 137365.3
vertex 118503.8 154227.2 133159.8
vertex 120409.1 148586.2 137365.3
endloop
endfacet
facet normal 0 0 0
outer loop
vertex 124144.7 154227.2 131969.8
vertex 124144.7 148586.2 133895.2
vertex 118503.8 154227.2 133159.8
endloop
endfacet
facet normal 0 0 0
outer loop
vertex 147216.7 154227.2 137365.3
vertex 146708.4 154227.2 137112
vertex 146708.4 155303.2 137365.3
endloop
endfacet
facet normal 0 0 0
outer loop
vertex 129785.6 141917.7 137365.3
vertex 135426.6 142945.3 135652.8
vertex 135426.6 140952.3 137365.3
endloop
endfacet
facet normal 0 0 0
outer loop
vertex 129785.6 142945.3 136043.8
vertex 135426.6 142945.3 135652.8
vertex 129785.6 141917.7 137365.3
endloop
endfacet
facet normal 0 0 0
outer loop
vertex 143629.5 159868.1 137365.3
vertex 141067.5 159868.1 135825.1
vertex 141067.5 162429.4 137365.3
endloop
endfacet
facet normal 0 0 0
outer loop
vertex 124144.7 148586.2 133895.2
vertex 124144.7 154227.2 131969.8
vertex 127282.2 154227.2 131724.4
endloop
endfacet
facet normal 0 0 0
outer loop
vertex 129785.6 148586.2 132721.7
vertex 124144.7 148586.2 133895.2
vertex 127282.2 154227.2 131724.4
endloop
endfacet
facet normal 0 0 0
outer loop
vertex 129785.6 152969.4 131724.4
vertex 129785.6 148586.2 132721.7
vertex 127282.2 154227.2 131724.4
endloop
endfacet
facet normal 0 0 0
outer loop
vertex 135426.6 142945.3 135652.8
vertex 141067.5 142945.3 136982.2
vertex 141067.5 142313.5 137365.3
endloop
endfacet
facet normal 0 0 0
outer loop
vertex 141067.5 142313.5 137365.3
vertex 135426.6 140952.3 137365.3
vertex 135426.6 142945.3 135652.8
endloop
endfacet
facet normal 0 0 0
outer loop
vertex 124144.7 154227.2 131969.8
vertex 118503.8 154227.2 133159.8
vertex 118503.8 159868.1 132856.8
endloop
endfacet
facet normal 0 0 0
outer loop
vertex 118503.8 159868.1 132856.8
vertex 124144.7 159868.1 131980.5
vertex 124144.7 154227.2 131969.8
endloop
endfacet
facet normal 0 0 0
outer loop
vertex 135426.6 142945.3 135652.8
vertex 129785.6 142945.3 136043.8
vertex 129785.6 148586.2 132721.7
endloop
endfacet
facet normal 0 0 0
outer loop
vertex 129785.6 148586.2 132721.7
vertex 135426.6 148586.2 133005.6
vertex 135426.6 142945.3 135652.8
endloop
endfacet
facet normal 0 0 0
outer loop
vertex 141067.5 148586.2 134426.4
vertex 135426.6 142945.3 135652.8
vertex 135426.6 148586.2 133005.6
endloop
endfacet
facet normal 0 0 0
outer loop
vertex 141067.5 142945.3 136982.2
vertex 135426.6 142945.3 135652.8
vertex 141067.5 148586.2 134426.4
endloop
endfacet
facet normal 0 0 0
outer loop
vertex 124144.7 159868.1 131980.5
vertex 129785.6 159868.1 131761.4
vertex 129785.6 159689.5 131724.4
endloop
endfacet
facet normal 0 0 0
outer loop
vertex 127282.2 154227.2 131724.4
vertex 124144.7 159868.1 131980.5
vertex 129785.6 159689.5 131724.4
endloop
endfacet
facet normal 0 0 0
outer loop
vertex 124144.7 154227.2 131969.8
vertex 124144.7 159868.1 131980.5
vertex 127282.2 154227.2 131724.4
endloop
endfacet
facet normal 0 0 0
outer loop
vertex 135426.6 148586.2 133005.6
vertex 129785.6 148586.2 132721.7
vertex 129785.6 152969.4 131724.4
endloop
endfacet
facet normal 0 0 0
outer loop
vertex 133923.7 154227.2 131724.4
vertex 135426.6 148586.2 133005.6
vertex 129785.6 152969.4 131724.4
endloop
endfacet
facet normal 0 0 0
outer loop
vertex 135426.6 154227.2 131980.3
vertex 135426.6 148586.2 133005.6
vertex 133923.7 154227.2 131724.4
endloop
endfacet
facet normal 0 0 0
outer loop
vertex 141067.5 154227.2 133975.5
vertex 135426.6 148586.2 133005.6
vertex 135426.6 154227.2 131980.3
endloop
endfacet
facet normal 0 0 0
outer loop
vertex 141067.5 148586.2 134426.4
vertex 135426.6 148586.2 133005.6
vertex 141067.5 154227.2 133975.5
endloop
endfacet
facet normal 0 0 0
outer loop
vertex 135426.6 159868.1 133060.2
vertex 135426.6 154227.2 131980.3
vertex 133923.7 154227.2 131724.4
endloop
endfacet
facet normal 0 0 0
outer loop
vertex 129785.6 159689.5 131724.4
vertex 135426.6 159868.1 133060.2
vertex 133923.7 154227.2 131724.4
endloop
endfacet
facet normal 0 0 0
outer loop
vertex 129785.6 159868.1 131761.4
vertex 135426.6 159868.1 133060.2
vertex 129785.6 159689.5 131724.4
endloop
endfacet
facet normal 0 0 0
outer loop
vertex 141067.5 154227.2 133975.5
vertex 135426.6 154227.2 131980.3
vertex 135426.6 159868.1 133060.2
endloop
endfacet
facet normal 0 0 0
outer loop
vertex 135426.6 159868.1 133060.2
vertex 141067.5 159868.1 135825.1
vertex 141067.5 154227.2 133975.5
endloop
endfacet
facet normal 0 0 0
outer loop
vertex 141067.5 142313.5 137365.3
vertex 141067.5 142945.3 136982.2
vertex 143599.1 142945.3 137365.3
endloop
endfacet
facet normal 0 0 0
outer loop
vertex 141067.5 148586.2 134426.4
vertex 146708.4 148586.2 136803.9
vertex 146708.4 145068.7 137365.3
endloop
endfacet
facet normal 0 0 0
outer loop
vertex 143599.1 142945.3 137365.3
vertex 141067.5 148586.2 134426.4
vertex 146708.4 145068.7 137365.3
endloop
endfacet
facet normal 0 0 0
outer loop
vertex 141067.5 142945.3 136982.2
vertex 141067.5 148586.2 134426.4
vertex 143599.1 142945.3 137365.3
endloop
endfacet
facet normal 0 0 0
outer loop
vertex 146708.4 145068.7 137365.3
vertex 146708.4 148586.2 136803.9
vertex 148164.5 148586.2 137365.3
endloop
endfacet
facet normal 0 0 0
outer loop
vertex 152349.4 148586.2 139339.2
vertex 152349.4 151406.7 139918.6
vertex 152770.6 151406.7 140185.8
endloop
endfacet
facet normal 0 0 0
outer loop
vertex 152770.6 151406.7 140185.8
vertex 153861.5 148586.2 140185.8
vertex 152349.4 148586.2 139339.2
endloop
endfacet
facet normal 0 0 0
outer loop
vertex 152770.6 151406.7 140185.8
vertex 152349.4 151406.7 139918.6
vertex 152349.4 152610.2 140185.8
endloop
endfacet
facet normal 0 0 0
outer loop
vertex 155169.8 151406.7 141779.3
vertex 155169.8 148586.2 141007.4
vertex 153861.5 148586.2 140185.8
endloop
endfacet
facet normal 0 0 0
outer loop
vertex 153861.5 148586.2 140185.8
vertex 152770.6 151406.7 140185.8
vertex 155169.8 151406.7 141779.3
endloop
endfacet
facet normal 0 0 0
outer loop
vertex 152349.4 154227.2 140657.2
vertex 152349.4 157047.7 141764.7
vertex 153964.8 157047.7 143006.2
endloop
endfacet
facet normal 0 0 0
outer loop
vertex 155169.8 154571.6 143006.2
vertex 152349.4 154227.2 140657.2
vertex 153964.8 157047.7 143006.2
endloop
endfacet
facet normal 0 0 0
outer loop
vertex 155169.8 154227.2 142831.3
vertex 152349.4 154227.2 140657.2
vertex 155169.8 154571.6 143006.2
endloop
endfacet
facet normal 0 0 0
outer loop
vertex 155169.8 148586.2 141007.4
vertex 155169.8 151406.7 141779.3
vertex 156785 151406.7 143006.2
endloop
endfacet
facet normal 0 0 0
outer loop
vertex 156785 151406.7 143006.2
vertex 157871.4 148586.2 143006.2
vertex 155169.8 148586.2 141007.4
endloop
endfacet
facet normal 0 0 0
outer loop
vertex 155335.2 154227.2 143006.2
vertex 155169.8 154227.2 142831.3
vertex 155169.8 154571.6 143006.2
endloop
endfacet
facet normal 0 0 0
outer loop
vertex 153964.8 157047.7 143006.2
vertex 152349.4 157047.7 141764.7
vertex 152349.4 159312.5 143006.2
endloop
endfacet
facet normal 0 0 0
outer loop
vertex 152349.4 152610.2 140185.8
vertex 155169.8 151406.7 141779.3
vertex 152770.6 151406.7 140185.8
endloop
endfacet
facet normal 0 0 0
outer loop
vertex 152349.4 154227.2 140657.2
vertex 155169.8 151406.7 141779.3
vertex 152349.4 152610.2 140185.8
endloop
endfacet
facet normal 0 0 0
outer loop
vertex 155169.8 154227.2 142831.3
vertex 155169.8 151406.7 141779.3
vertex 152349.4 154227.2 140657.2
endloop
endfacet
facet normal 0 0 0
outer loop
vertex 155169.8 151406.7 141779.3
vertex 155169.8 154227.2 142831.3
vertex 155335.2 154227.2 143006.2
endloop
endfacet
facet normal 0 0 0
outer loop
vertex 155335.2 154227.2 143006.2
vertex 156785 151406.7 143006.2
vertex 155169.8 151406.7 141779.3
endloop
endfacet
facet normal 0 0 0
outer loop
vertex 111954.1 154227.2 143006.2
vertex 112862.8 154227.2 138424.2
vertex 112862.8 151528.4 143006.2
endloop
endfacet
facet normal 0 0 0
outer loop
vertex 116838.8 148586.2 143006.2
vertex 118503.8 148586.2 140243.9
vertex 118503.8 147646.4 143006.2
endloop
endfacet
facet normal 0 0 0
outer loop
vertex 148164.5 148586.2 137365.3
vertex 150796.4 151607.3 139138.6
vertex 152349.4 148586.2 139339.2
endloop
endfacet
facet normal 0 0 0
outer loop
vertex 133744.5 137304.4 143006.2
vertex 135426.6 137304.4 142015.2
vertex 135426.6 136628.4 143006.2
endloop
endfacet
facet normal 0 0 0
outer loop
vertex 152349.4 148586.2 139339.2
vertex 150796.4 151607.3 139138.6
vertex 152349.4 151406.7 139918.6
endloop
endfacet
facet normal 0 0 0
outer loop
vertex 152349.4 151406.7 139918.6
vertex 150796.4 151607.3 139138.6
vertex 152349.4 152610.2 140185.8
endloop
endfacet
facet normal 0 0 0
outer loop
vertex 152349.4 152610.2 140185.8
vertex 150796.4 151607.3 139138.6
vertex 152349.4 154227.2 140657.2
endloop
endfacet
facet normal 0 0 0
outer loop
vertex 152349.4 154227.2 140657.2
vertex 150796.4 151607.3 139138.6
vertex 147216.7 154227.2 137365.3
endloop
endfacet
facet normal 0 0 0
outer loop
vertex 147216.7 154227.2 137365.3
vertex 150796.4 151607.3 139138.6
vertex 148164.5 148586.2 137365.3
endloop
endfacet
facet normal 0 0 0
outer loop
vertex 112862.8 151528.4 143006.2
vertex 118503.8 148586.2 140243.9
vertex 116838.8 148586.2 143006.2
endloop
endfacet
facet normal 0 0 0
outer loop
vertex 112862.8 154227.2 138424.2
vertex 118503.8 148586.2 140243.9
vertex 112862.8 151528.4 143006.2
endloop
endfacet
facet normal 0 0 0
outer loop
vertex 118503.8 149673.7 137365.3
vertex 118503.8 148586.2 140243.9
vertex 112862.8 154227.2 138424.2
endloop
endfacet
facet normal 0 0 0
outer loop
vertex 113522 154227.2 137365.3
vertex 118503.8 149673.7 137365.3
vertex 112862.8 154227.2 138424.2
endloop
endfacet
facet normal 0 0 0
outer loop
vertex 143629.5 159868.1 137365.3
vertex 146708.4 159868.1 139273.5
vertex 146708.4 155303.2 137365.3
endloop
endfacet
facet normal 0 0 0
outer loop
vertex 135426.6 136628.4 143006.2
vertex 141067.5 137304.4 140898
vertex 141067.5 135073.1 143006.2
endloop
endfacet
facet normal 0 0 0
outer loop
vertex 135426.6 137304.4 142015.2
vertex 141067.5 137304.4 140898
vertex 135426.6 136628.4 143006.2
endloop
endfacet
facet normal 0 0 0
outer loop
vertex 123009.9 142945.3 143006.2
vertex 124144.7 142945.3 140999.1
vertex 124144.7 141710.9 143006.2
endloop
endfacet
facet normal 0 0 0
outer loop
vertex 111848.1 159868.1 143006.2
vertex 112862.8 154227.2 138424.2
vertex 111954.1 154227.2 143006.2
endloop
endfacet
facet normal 0 0 0
outer loop
vertex 112862.8 159868.1 138170.7
vertex 112862.8 154227.2 138424.2
vertex 111848.1 159868.1 143006.2
endloop
endfacet
facet normal 0 0 0
outer loop
vertex 151890.5 159868.1 143006.2
vertex 149938.9 157122 140348.4
vertex 146708.4 159868.1 139273.5
endloop
endfacet
facet normal 0 0 0
outer loop
vertex 146708.4 159868.1 139273.5
vertex 149938.9 157122 140348.4
vertex 146708.4 155303.2 137365.3
endloop
endfacet
facet normal 0 0 0
outer loop
vertex 146708.4 155303.2 137365.3
vertex 149938.9 157122 140348.4
vertex 147216.7 154227.2 137365.3
endloop
endfacet
facet normal 0 0 0
outer loop
vertex 147216.7 154227.2 137365.3
vertex 149938.9 157122 140348.4
vertex 152349.4 154227.2 140657.2
endloop
endfacet
facet normal 0 0 0
outer loop
vertex 152349.4 154227.2 140657.2
vertex 149938.9 157122 140348.4
vertex 152349.4 157047.7 141764.7
endloop
endfacet
facet normal 0 0 0
outer loop
vertex 152349.4 157047.7 141764.7
vertex 149938.9 157122 140348.4
vertex 152349.4 159312.5 143006.2
endloop
endfacet
facet normal 0 0 0
outer loop
vertex 152349.4 159312.5 143006.2
vertex 149938.9 157122 140348.4
vertex 151890.5 159868.1 143006.2
endloop
endfacet
facet normal 0 0 0
outer loop
vertex 113522 154227.2 137365.3
vertex 112862.8 159868.1 138170.7
vertex 113093.1 159868.1 137365.3
endloop
endfacet
facet normal 0 0 0
outer loop
vertex 112862.8 154227.2 138424.2
vertex 112862.8 159868.1 138170.7
vertex 113522 154227.2 137365.3
endloop
endfacet
facet normal 0 0 0
outer loop
vertex 127936.8 142945.3 137365.3
vertex 129785.6 141917.7 137365.3
vertex 129785.6 138529.2 143006.2
endloop
endfacet
facet normal 0 0 0
outer loop
vertex 124144.7 142945.3 140999.1
vertex 127936.8 142945.3 137365.3
vertex 129785.6 138529.2 143006.2
endloop
endfacet
facet normal 0 0 0
outer loop
vertex 124144.7 141710.9 143006.2
vertex 124144.7 142945.3 140999.1
vertex 129785.6 138529.2 143006.2
endloop
endfacet
facet normal 0 0 0
outer loop
vertex 120409.1 148586.2 137365.3
vertex 118503.8 148586.2 140243.9
vertex 118503.8 149673.7 137365.3
endloop
endfacet
facet normal 0 0 0
outer loop
vertex 143629.5 159868.1 137365.3
vertex 141067.5 165509.1 140544.3
vertex 144477.8 165509.1 143006.2
endloop
endfacet
facet normal 0 0 0
outer loop
vertex 146708.4 159868.1 139273.5
vertex 143629.5 159868.1 137365.3
vertex 144477.8 165509.1 143006.2
endloop
endfacet
facet normal 0 0 0
outer loop
vertex 146708.4 164091.7 143006.2
vertex 146708.4 159868.1 139273.5
vertex 144477.8 165509.1 143006.2
endloop
endfacet
facet normal 0 0 0
outer loop
vertex 141067.5 162429.4 137365.3
vertex 141067.5 165509.1 140544.3
vertex 143629.5 159868.1 137365.3
endloop
endfacet
facet normal 0 0 0
outer loop
vertex 152349.4 136067.2 143006.2
vertex 152349.4 137304.4 142398
vertex 154882.2 137304.4 143006.2
endloop
endfacet
facet normal 0 0 0
outer loop
vertex 118503.8 148586.2 140243.9
vertex 124144.7 142945.3 140999.1
vertex 123009.9 142945.3 143006.2
endloop
endfacet
facet normal 0 0 0
outer loop
vertex 118503.8 147646.4 143006.2
vertex 118503.8 148586.2 140243.9
vertex 123009.9 142945.3 143006.2
endloop
endfacet
facet normal 0 0 0
outer loop
vertex 124144.7 145326.8 137365.3
vertex 124144.7 142945.3 140999.1
vertex 118503.8 148586.2 140243.9
endloop
endfacet
facet normal 0 0 0
outer loop
vertex 120409.1 148586.2 137365.3
vertex 124144.7 145326.8 137365.3
vertex 118503.8 148586.2 140243.9
endloop
endfacet
facet normal 0 0 0
outer loop
vertex 151890.5 159868.1 143006.2
vertex 146708.4 159868.1 139273.5
vertex 146708.4 164091.7 143006.2
endloop
endfacet
facet normal 0 0 0
outer loop
vertex 127936.8 142945.3 137365.3
vertex 124144.7 142945.3 140999.1
vertex 124144.7 145326.8 137365.3
endloop
endfacet
facet normal 0 0 0
outer loop
vertex 144477.8 165509.1 143006.2
vertex 141067.5 165509.1 140544.3
vertex 141067.5 167084.4 143006.2
endloop
endfacet
facet normal 0 0 0
outer loop
vertex 143599.1 142945.3 137365.3
vertex 141067.5 137304.4 140898
vertex 141067.5 142313.5 137365.3
endloop
endfacet
facet normal 0 0 0
outer loop
vertex 146708.4 137304.4 141354.5
vertex 141067.5 137304.4 140898
vertex 143599.1 142945.3 137365.3
endloop
endfacet
facet normal 0 0 0
outer loop
vertex 146708.4 142945.3 138115.7
vertex 146708.4 137304.4 141354.5
vertex 143599.1 142945.3 137365.3
endloop
endfacet
facet normal 0 0 0
outer loop
vertex 152349.4 142945.3 139797.5
vertex 146708.4 137304.4 141354.5
vertex 146708.4 142945.3 138115.7
endloop
endfacet
facet normal 0 0 0
outer loop
vertex 152349.4 137304.4 142398
vertex 146708.4 137304.4 141354.5
vertex 152349.4 142945.3 139797.5
endloop
endfacet
facet normal 0 0 0
outer loop
vertex 135426.6 140952.3 137365.3
vertex 135426.6 137304.4 142015.2
vertex 133744.5 137304.4 143006.2
endloop
endfacet
facet normal 0 0 0
outer loop
vertex 129785.6 138529.2 143006.2
vertex 135426.6 140952.3 137365.3
vertex 133744.5 137304.4 143006.2
endloop
endfacet
facet normal 0 0 0
outer loop
vertex 129785.6 141917.7 137365.3
vertex 135426.6 140952.3 137365.3
vertex 129785.6 138529.2 143006.2
endloop
endfacet
facet normal 0 0 0
outer loop
vertex 146708.4 145068.7 137365.3
vertex 146708.4 142945.3 138115.7
vertex 143599.1 142945.3 137365.3
endloop
endfacet
facet normal 0 0 0
outer loop
vertex 141067.5 137304.4 140898
vertex 135426.6 137304.4 142015.2
vertex 135426.6 140952.3 137365.3
endloop
endfacet
facet normal 0 0 0
outer loop
vertex 135426.6 140952.3 137365.3
vertex 141067.5 142313.5 137365.3
vertex 141067.5 137304.4 140898
endloop
endfacet
facet normal 0 0 0
outer loop
vertex 152349.4 142945.3 139797.5
vertex 146708.4 142945.3 138115.7
vertex 146708.4 145068.7 137365.3
endloop
endfacet
facet normal 0 0 0
outer loop
vertex 152349.4 148586.2 139339.2
vertex 152349.4 142945.3 139797.5
vertex 146708.4 145068.7 137365.3
endloop
endfacet
facet normal 0 0 0
outer loop
vertex 148164.5 148586.2 137365.3
vertex 152349.4 148586.2 139339.2
vertex 146708.4 145068.7 137365.3
endloop
endfacet
facet normal 0 0 0
outer loop
vertex 152349.4 142945.3 139797.5
vertex 157990.3 142945.3 142649.2
vertex 157990.3 140434.4 143006.2
endloop
endfacet
facet normal 0 0 0
outer loop
vertex 154882.2 137304.4 143006.2
vertex 152349.4 142945.3 139797.5
vertex 157990.3 140434.4 143006.2
endloop
endfacet
facet normal 0 0 0
outer loop
vertex 152349.4 137304.4 142398
vertex 152349.4 142945.3 139797.5
vertex 154882.2 137304.4 143006.2
endloop
endfacet
facet normal 0 0 0
outer loop
vertex 157990.3 140434.4 143006.2
vertex 157990.3 142945.3 142649.2
vertex 158570.5 142945.3 143006.2
endloop
endfacet
facet normal 0 0 0
outer loop
vertex 157871.4 148586.2 143006.2
vertex 155368.9 146916 141284.5
vertex 155169.8 148586.2 141007.4
endloop
endfacet
facet normal 0 0 0
outer loop
vertex 155169.8 148586.2 141007.4
vertex 155368.9 146916 141284.5
vertex 153861.5 148586.2 140185.8
endloop
endfacet
facet normal 0 0 0
outer loop
vertex 153861.5 148586.2 140185.8
vertex 155368.9 146916 141284.5
vertex 152349.4 148586.2 139339.2
endloop
endfacet
facet normal 0 0 0
outer loop
vertex 152349.4 148586.2 139339.2
vertex 155368.9 146916 141284.5
vertex 152349.4 142945.3 139797.5
endloop
endfacet
facet normal 0 0 0
outer loop
vertex 152349.4 142945.3 139797.5
vertex 155368.9 146916 141284.5
vertex 157990.3 142945.3 142649.2
endloop
endfacet
facet normal 0 0 0
outer loop
vertex 157990.3 142945.3 142649.2
vertex 155368.9 146916 141284.5
vertex 157990.3 148176.4 143006.2
endloop
endfacet
facet normal 0 0 0
outer loop
vertex 157990.3 148176.4 143006.2
vertex 155368.9 146916 141284.5
vertex 157871.4 148586.2 143006.2
endloop
endfacet
facet normal 0 0 0
outer loop
vertex 158570.5 142945.3 143006.2
vertex 157990.3 142945.3 142649.2
vertex 157990.3 148176.4 143006.2
endloop
endfacet
facet normal 0 0 0
outer loop
vertex 111848.1 159868.1 143006.2
vertex 114962.3 161807.8 138881.1
vertex 112862.8 159868.1 138170.7
endloop
endfacet
facet normal 0 0 0
outer loop
vertex 112862.8 159868.1 138170.7
vertex 114962.3 161807.8 138881.1
vertex 113093.1 159868.1 137365.3
endloop
endfacet
facet normal 0 0 0
outer loop
vertex 113093.1 159868.1 137365.3
vertex 114962.3 161807.8 138881.1
vertex 118503.8 159868.1 132856.8
endloop
endfacet
facet normal 0 0 0
outer loop
vertex 118503.8 159868.1 132856.8
vertex 114962.3 161807.8 138881.1
vertex 118503.8 169566.5 143006.2
endloop
endfacet
facet normal 0 0 0
outer loop
vertex 118503.8 169566.5 143006.2
vertex 114962.3 161807.8 138881.1
vertex 111848.1 159868.1 143006.2
endloop
endfacet
facet normal 0 0 0
outer loop
vertex 118503.8 169566.5 143006.2
vertex 124144.7 163945.1 136522.2
vertex 118503.8 159868.1 132856.8
endloop
endfacet
facet normal 0 0 0
outer loop
vertex 118503.8 159868.1 132856.8
vertex 124144.7 163945.1 136522.2
vertex 124144.7 159868.1 131980.5
endloop
endfacet
facet normal 0 0 0
outer loop
vertex 124144.7 159868.1 131980.5
vertex 124144.7 163945.1 136522.2
vertex 129785.6 159868.1 131761.4
endloop
endfacet
facet normal 0 0 0
outer loop
vertex 129785.6 159868.1 131761.4
vertex 124144.7 163945.1 136522.2
vertex 129785.6 170554.6 143006.2
endloop
endfacet
facet normal 0 0 0
outer loop
vertex 129785.6 170554.6 143006.2
vertex 124144.7 163945.1 136522.2
vertex 118503.8 169566.5 143006.2
endloop
endfacet
facet normal 0 0 0
outer loop
vertex 129785.6 170554.6 143006.2
vertex 137038.3 163597.4 137795.6
vertex 129785.6 159868.1 131761.4
endloop
endfacet
facet normal 0 0 0
outer loop
vertex 129785.6 159868.1 131761.4
vertex 137038.3 163597.4 137795.6
vertex 135426.6 159868.1 133060.2
endloop
endfacet
facet normal 0 0 0
outer loop
vertex 135426.6 159868.1 133060.2
vertex 137038.3 163597.4 137795.6
vertex 141067.5 159868.1 135825.1
endloop
endfacet
facet normal 0 0 0
outer loop
vertex 141067.5 159868.1 135825.1
vertex 137038.3 163597.4 137795.6
vertex 141067.5 162429.4 137365.3
endloop
endfacet
facet normal 0 0 0
outer loop
vertex 141067.5 162429.4 137365.3
vertex 137038.3 163597.4 137795.6
vertex 141067.5 165509.1 140544.3
endloop
endfacet
facet normal 0 0 0
outer loop
vertex 141067.5 165509.1 140544.3
vertex 137038.3 163597.4 137795.6
vertex 141067.5 167084.4 143006.2
endloop
endfacet
facet normal 0 0 0
outer loop
vertex 141067.5 167084.4 143006.2
vertex 137038.3 163597.4 137795.6
vertex 129785.6 170554.6 143006.2
endloop
endfacet
facet normal 0 0 0
outer loop
vertex 152349.4 136067.2 143006.2
vertex 146708.4 136610.7 142132.6
vertex 152349.4 137304.4 142398
endloop
endfacet
facet normal 0 0 0
outer loop
vertex 152349.4 137304.4 142398
vertex 146708.4 136610.7 142132.6
vertex 146708.4 137304.4 141354.5
endloop
endfacet
facet normal 0 0 0
outer loop
vertex 146708.4 137304.4 141354.5
vertex 146708.4 136610.7 142132.6
vertex 141067.5 137304.4 140898
endloop
endfacet
facet normal 0 0 0
outer loop
vertex 141067.5 137304.4 140898
vertex 146708.4 136610.7 142132.6
vertex 141067.5 135073.1 143006.2
endloop
endfacet
facet normal 0 0 0
outer loop
vertex 141067.5 135073.1 143006.2
vertex 146708.4 136610.7 142132.6
vertex 152349.4 136067.2 143006.2
endloop
endfacet
facet normal 0 0 0
outer loop
vertex 153964.8 157047.7 143006.2
vertex 155169.8 157047.7 144107.1
vertex 155169.8 154571.6 143006.2
endloop
endfacet
facet normal 0 0 0
outer loop
vertex 159751.7 154227.2 145826.7
vertex 157990.3 154227.2 144937.5
vertex 157990.3 156610 145826.7
endloop
endfacet
facet normal 0 0 0
outer loop
vertex 157990.3 151406.7 143849.7
vertex 157990.3 148586.2 143100.2
vertex 157871.4 148586.2 143006.2
endloop
endfacet
facet normal 0 0 0
outer loop
vertex 157871.4 148586.2 143006.2
vertex 156785 151406.7 143006.2
vertex 157990.3 151406.7 143849.7
endloop
endfacet
facet normal 0 0 0
outer loop
vertex 160810.8 150827.2 145826.7
vertex 157990.3 151406.7 143849.7
vertex 160665.3 151406.7 145826.7
endloop
endfacet
facet normal 0 0 0
outer loop
vertex 160810.8 148586.2 145337
vertex 157990.3 151406.7 143849.7
vertex 160810.8 150827.2 145826.7
endloop
endfacet
facet normal 0 0 0
outer loop
vertex 157990.3 148586.2 143100.2
vertex 157990.3 151406.7 143849.7
vertex 160810.8 148586.2 145337
endloop
endfacet
facet normal 0 0 0
outer loop
vertex 157990.3 154227.2 144937.5
vertex 157990.3 151406.7 143849.7
vertex 156785 151406.7 143006.2
endloop
endfacet
facet normal 0 0 0
outer loop
vertex 156785 151406.7 143006.2
vertex 155335.2 154227.2 143006.2
vertex 157990.3 154227.2 144937.5
endloop
endfacet
facet normal 0 0 0
outer loop
vertex 161426.4 148586.2 145826.7
vertex 160810.8 148586.2 145337
vertex 160810.8 150827.2 145826.7
endloop
endfacet
facet normal 0 0 0
outer loop
vertex 157990.3 156610 145826.7
vertex 155169.8 157047.7 144107.1
vertex 157629.8 157047.7 145826.7
endloop
endfacet
facet normal 0 0 0
outer loop
vertex 157990.3 154227.2 144937.5
vertex 155169.8 157047.7 144107.1
vertex 157990.3 156610 145826.7
endloop
endfacet
facet normal 0 0 0
outer loop
vertex 155169.8 154571.6 143006.2
vertex 155169.8 157047.7 144107.1
vertex 157990.3 154227.2 144937.5
endloop
endfacet
facet normal 0 0 0
outer loop
vertex 155335.2 154227.2 143006.2
vertex 155169.8 154571.6 143006.2
vertex 157990.3 154227.2 144937.5
endloop
endfacet
facet normal 0 0 0
outer loop
vertex 157990.3 151406.7 143849.7
vertex 157990.3 154227.2 144937.5
vertex 159751.7 154227.2 145826.7
endloop
endfacet
facet normal 0 0 0
outer loop
vertex 159751.7 154227.2 145826.7
vertex 160665.3 151406.7 145826.7
vertex 157990.3 151406.7 143849.7
endloop
endfacet
facet normal 0 0 0
outer loop
vertex 155169.8 159868.1 145463.1
vertex 155169.8 157047.7 144107.1
vertex 153964.8 157047.7 143006.2
endloop
endfacet
facet normal 0 0 0
outer loop
vertex 152349.4 159312.5 143006.2
vertex 155169.8 159868.1 145463.1
vertex 153964.8 157047.7 143006.2
endloop
endfacet
facet normal 0 0 0
outer loop
vertex 152349.4 159868.1 143364.8
vertex 155169.8 159868.1 145463.1
vertex 152349.4 159312.5 143006.2
endloop
endfacet
facet normal 0 0 0
outer loop
vertex 155169.8 157047.7 144107.1
vertex 155169.8 159868.1 145463.1
vertex 155652.2 159868.1 145826.7
endloop
endfacet
facet normal 0 0 0
outer loop
vertex 155652.2 159868.1 145826.7
vertex 157629.8 157047.7 145826.7
vertex 155169.8 157047.7 144107.1
endloop
endfacet
facet normal 0 0 0
outer loop
vertex 160665.3 151406.7 145826.7
vertex 160810.8 151406.7 145953.3
vertex 160810.8 150827.2 145826.7
endloop
endfacet
facet normal 0 0 0
outer loop
vertex 157629.8 157047.7 145826.7
vertex 157990.3 157047.7 146006.4
vertex 157990.3 156610 145826.7
endloop
endfacet
facet normal 0 0 0
outer loop
vertex 157990.3 159868.1 147927.3
vertex 157990.3 157047.7 146006.4
vertex 157629.8 157047.7 145826.7
endloop
endfacet
facet normal 0 0 0
outer loop
vertex 160810.8 157047.7 148150.5
vertex 160810.8 154227.2 146651.6
vertex 159751.7 154227.2 145826.7
endloop
endfacet
facet normal 0 0 0
outer loop
vertex 157629.8 157047.7 145826.7
vertex 155652.2 159868.1 145826.7
vertex 157990.3 159868.1 147927.3
endloop
endfacet
facet normal 0 0 0
outer loop
vertex 157990.3 156610 145826.7
vertex 160810.8 157047.7 148150.5
vertex 159751.7 154227.2 145826.7
endloop
endfacet
facet normal 0 0 0
outer loop
vertex 157990.3 157047.7 146006.4
vertex 160810.8 157047.7 148150.5
vertex 157990.3 156610 145826.7
endloop
endfacet
facet normal 0 0 0
outer loop
vertex 160810.8 150827.2 145826.7
vertex 160810.8 151406.7 145953.3
vertex 163570.4 151406.7 148647.2
endloop
endfacet
facet normal 0 0 0
outer loop
vertex 163631.2 151248.6 148647.2
vertex 160810.8 150827.2 145826.7
vertex 163570.4 151406.7 148647.2
endloop
endfacet
facet normal 0 0 0
outer loop
vertex 163631.2 148586.2 147695.8
vertex 160810.8 150827.2 145826.7
vertex 163631.2 151248.6 148647.2
endloop
endfacet
facet normal 0 0 0
outer loop
vertex 161426.4 148586.2 145826.7
vertex 160810.8 150827.2 145826.7
vertex 163631.2 148586.2 147695.8
endloop
endfacet
facet normal 0 0 0
outer loop
vertex 160810.8 154227.2 146651.6
vertex 160810.8 157047.7 148150.5
vertex 161329.3 157047.7 148647.2
endloop
endfacet
facet normal 0 0 0
outer loop
vertex 161329.3 157047.7 148647.2
vertex 162841.5 154227.2 148647.2
vertex 160810.8 154227.2 146651.6
endloop
endfacet
facet normal 0 0 0
outer loop
vertex 160810.8 154227.2 146651.6
vertex 160810.8 151406.7 145953.3
vertex 160665.3 151406.7 145826.7
endloop
endfacet
facet normal 0 0 0
outer loop
vertex 160665.3 151406.7 145826.7
vertex 159751.7 154227.2 145826.7
vertex 160810.8 154227.2 146651.6
endloop
endfacet
facet normal 0 0 0
outer loop
vertex 160810.8 157047.7 148150.5
vertex 157990.3 159868.1 147927.3
vertex 158775.3 159868.1 148647.2
endloop
endfacet
facet normal 0 0 0
outer loop
vertex 160810.8 157540.6 148647.2
vertex 160810.8 157047.7 148150.5
vertex 158775.3 159868.1 148647.2
endloop
endfacet
facet normal 0 0 0
outer loop
vertex 160810.8 151406.7 145953.3
vertex 160810.8 154227.2 146651.6
vertex 162841.5 154227.2 148647.2
endloop
endfacet
facet normal 0 0 0
outer loop
vertex 157990.3 157047.7 146006.4
vertex 157990.3 159868.1 147927.3
vertex 160810.8 157047.7 148150.5
endloop
endfacet
facet normal 0 0 0
outer loop
vertex 162841.5 154227.2 148647.2
vertex 163570.4 151406.7 148647.2
vertex 160810.8 151406.7 145953.3
endloop
endfacet
facet normal 0 0 0
outer loop
vertex 161329.3 157047.7 148647.2
vertex 160810.8 157047.7 148150.5
vertex 160810.8 157540.6 148647.2
endloop
endfacet
facet normal 0 0 0
outer loop
vertex 144477.8 165509.1 143006.2
vertex 146708.4 165509.1 144817.2
vertex 146708.4 164091.7 143006.2
endloop
endfacet
facet normal 0 0 0
outer loop
vertex 152349.4 131663.4 146119.3
vertex 157990.3 131663.4 147563.4
vertex 157990.3 130427.2 148647.2
endloop
endfacet
facet normal 0 0 0
outer loop
vertex 157990.3 130427.2 148647.2
vertex 152349.4 129067 148647.2
vertex 152349.4 131663.4 146119.3
endloop
endfacet
facet normal 0 0 0
outer loop
vertex 116838.8 148586.2 143006.2
vertex 118503.8 147646.4 143006.2
vertex 118503.8 146644.4 148647.2
endloop
endfacet
facet normal 0 0 0
outer loop
vertex 118503.8 146644.4 148647.2
vertex 115829.5 148586.2 148647.2
vertex 116838.8 148586.2 143006.2
endloop
endfacet
facet normal 0 0 0
outer loop
vertex 157990.3 130427.2 148647.2
vertex 157990.3 131663.4 147563.4
vertex 160997 131663.4 148647.2
endloop
endfacet
facet normal 0 0 0
outer loop
vertex 127311.7 137304.4 148647.2
vertex 129785.6 137304.4 145691.4
vertex 129785.6 135801.1 148647.2
endloop
endfacet
facet normal 0 0 0
outer loop
vertex 151890.5 159868.1 143006.2
vertex 146708.4 165509.1 144817.2
vertex 151339.6 165509.1 148647.2
endloop
endfacet
facet normal 0 0 0
outer loop
vertex 152349.4 159868.1 143364.8
vertex 151890.5 159868.1 143006.2
vertex 151339.6 165509.1 148647.2
endloop
endfacet
facet normal 0 0 0
outer loop
vertex 152349.4 165020.2 148647.2
vertex 152349.4 159868.1 143364.8
vertex 151339.6 165509.1 148647.2
endloop
endfacet
facet normal 0 0 0
outer loop
vertex 146708.4 164091.7 143006.2
vertex 146708.4 165509.1 144817.2
vertex 151890.5 159868.1 143006.2
endloop
endfacet
facet normal 0 0 0
outer loop
vertex 136528.6 131663.4 148647.2
vertex 141067.5 131663.4 146591
vertex 141067.5 129970 148647.2
endloop
endfacet
facet normal 0 0 0
outer loop
vertex 154882.2 137304.4 143006.2
vertex 152349.4 131663.4 146119.3
vertex 152349.4 136067.2 143006.2
endloop
endfacet
facet normal 0 0 0
outer loop
vertex 157990.3 131663.4 147563.4
vertex 152349.4 131663.4 146119.3
vertex 154882.2 137304.4 143006.2
endloop
endfacet
facet normal 0 0 0
outer loop
vertex 157990.3 137304.4 143908.7
vertex 157990.3 131663.4 147563.4
vertex 154882.2 137304.4 143006.2
endloop
endfacet
facet normal 0 0 0
outer loop
vertex 144477.8 165509.1 143006.2
vertex 141067.5 167084.4 143006.2
vertex 141067.5 169394.2 148647.2
endloop
endfacet
facet normal 0 0 0
outer loop
vertex 146708.4 167568.8 148647.2
vertex 144477.8 165509.1 143006.2
vertex 141067.5 169394.2 148647.2
endloop
endfacet
facet normal 0 0 0
outer loop
vertex 146708.4 165509.1 144817.2
vertex 144477.8 165509.1 143006.2
vertex 146708.4 167568.8 148647.2
endloop
endfacet
facet normal 0 0 0
outer loop
vertex 133744.5 137304.4 143006.2
vertex 135426.6 136628.4 143006.2
vertex 135426.6 132244.7 148647.2
endloop
endfacet
facet normal 0 0 0
outer loop
vertex 129785.6 135801.1 148647.2
vertex 133744.5 137304.4 143006.2
vertex 135426.6 132244.7 148647.2
endloop
endfacet
facet normal 0 0 0
outer loop
vertex 129785.6 137304.4 145691.4
vertex 133744.5 137304.4 143006.2
vertex 129785.6 135801.1 148647.2
endloop
endfacet
facet normal 0 0 0
outer loop
vertex 160997 131663.4 148647.2
vertex 163631.2 137304.4 146518.4
vertex 163631.2 133515.8 148647.2
endloop
endfacet
facet normal 0 0 0
outer loop
vertex 157990.3 137304.4 143908.7
vertex 163631.2 137304.4 146518.4
vertex 160997 131663.4 148647.2
endloop
endfacet
facet normal 0 0 0
outer loop
vertex 157990.3 131663.4 147563.4
vertex 157990.3 137304.4 143908.7
vertex 160997 131663.4 148647.2
endloop
endfacet
facet normal 0 0 0
outer loop
vertex 151339.6 165509.1 148647.2
vertex 146708.4 165509.1 144817.2
vertex 146708.4 167568.8 148647.2
endloop
endfacet
facet normal 0 0 0
outer loop
vertex 157990.3 140434.4 143006.2
vertex 157990.3 137304.4 143908.7
vertex 154882.2 137304.4 143006.2
endloop
endfacet
facet normal 0 0 0
outer loop
vertex 141067.5 135073.1 143006.2
vertex 141067.5 131663.4 146591
vertex 136528.6 131663.4 148647.2
endloop
endfacet
facet normal 0 0 0
outer loop
vertex 135426.6 136628.4 143006.2
vertex 141067.5 135073.1 143006.2
vertex 136528.6 131663.4 148647.2
endloop
endfacet
facet normal 0 0 0
outer loop
vertex 135426.6 132244.7 148647.2
vertex 135426.6 136628.4 143006.2
vertex 136528.6 131663.4 148647.2
endloop
endfacet
facet normal 0 0 0
outer loop
vertex 152349.4 165020.2 148647.2
vertex 155250.2 160862.2 146646
vertex 152349.4 159868.1 143364.8
endloop
endfacet
facet normal 0 0 0
outer loop
vertex 152349.4 159868.1 143364.8
vertex 155250.2 160862.2 146646
vertex 155169.8 159868.1 145463.1
endloop
endfacet
facet normal 0 0 0
outer loop
vertex 155169.8 159868.1 145463.1
vertex 155250.2 160862.2 146646
vertex 155652.2 159868.1 145826.7
endloop
endfacet
facet normal 0 0 0
outer loop
vertex 155652.2 159868.1 145826.7
vertex 155250.2 160862.2 146646
vertex 157990.3 159868.1 147927.3
endloop
endfacet
facet normal 0 0 0
outer loop
vertex 157990.3 159868.1 147927.3
vertex 155250.2 160862.2 146646
vertex 157990.3 160680.4 148647.2
endloop
endfacet
facet normal 0 0 0
outer loop
vertex 157990.3 160680.4 148647.2
vertex 155250.2 160862.2 146646
vertex 152349.4 165020.2 148647.2
endloop
endfacet
facet normal 0 0 0
outer loop
vertex 163631.2 137304.4 146518.4
vertex 157990.3 137304.4 143908.7
vertex 157990.3 140434.4 143006.2
endloop
endfacet
facet normal 0 0 0
outer loop
vertex 121797.8 142945.3 148647.2
vertex 124144.7 141710.9 143006.2
vertex 124144.7 139782.2 148647.2
endloop
endfacet
facet normal 0 0 0
outer loop
vertex 163631.2 142945.3 146138.5
vertex 163631.2 137304.4 146518.4
vertex 157990.3 140434.4 143006.2
endloop
endfacet
facet normal 0 0 0
outer loop
vertex 123009.9 142945.3 143006.2
vertex 124144.7 141710.9 143006.2
vertex 121797.8 142945.3 148647.2
endloop
endfacet
facet normal 0 0 0
outer loop
vertex 158570.5 142945.3 143006.2
vertex 163631.2 142945.3 146138.5
vertex 157990.3 140434.4 143006.2
endloop
endfacet
facet normal 0 0 0
outer loop
vertex 158775.3 159868.1 148647.2
vertex 157990.3 159868.1 147927.3
vertex 157990.3 160680.4 148647.2
endloop
endfacet
facet normal 0 0 0
outer loop
vertex 157871.4 148586.2 143006.2
vertex 157990.3 148586.2 143100.2
vertex 157990.3 148176.4 143006.2
endloop
endfacet
facet normal 0 0 0
outer loop
vertex 164825.6 148586.2 148647.2
vertex 163631.2 148586.2 147695.8
vertex 163631.2 151248.6 148647.2
endloop
endfacet
facet normal 0 0 0
outer loop
vertex 124144.7 139782.2 148647.2
vertex 129785.6 137304.4 145691.4
vertex 127311.7 137304.4 148647.2
endloop
endfacet
facet normal 0 0 0
outer loop
vertex 124144.7 141710.9 143006.2
vertex 129785.6 137304.4 145691.4
vertex 124144.7 139782.2 148647.2
endloop
endfacet
facet normal 0 0 0
outer loop
vertex 129785.6 138529.2 143006.2
vertex 129785.6 137304.4 145691.4
vertex 124144.7 141710.9 143006.2
endloop
endfacet
facet normal 0 0 0
outer loop
vertex 118503.8 147646.4 143006.2
vertex 123009.9 142945.3 143006.2
vertex 121797.8 142945.3 148647.2
endloop
endfacet
facet normal 0 0 0
outer loop
vertex 158570.5 142945.3 143006.2
vertex 160578.7 146916 144873
vertex 163631.2 142945.3 146138.5
endloop
endfacet
facet normal 0 0 0
outer loop
vertex 121797.8 142945.3 148647.2
vertex 118503.8 146644.4 148647.2
vertex 118503.8 147646.4 143006.2
endloop
endfacet
facet normal 0 0 0
outer loop
vertex 163631.2 142945.3 146138.5
vertex 160578.7 146916 144873
vertex 163631.2 148586.2 147695.8
endloop
endfacet
facet normal 0 0 0
outer loop
vertex 163631.2 148586.2 147695.8
vertex 160578.7 146916 144873
vertex 161426.4 148586.2 145826.7
endloop
endfacet
facet normal 0 0 0
outer loop
vertex 133744.5 137304.4 143006.2
vertex 129785.6 137304.4 145691.4
vertex 129785.6 138529.2 143006.2
endloop
endfacet
facet normal 0 0 0
outer loop
vertex 161426.4 148586.2 145826.7
vertex 160578.7 146916 144873
vertex 160810.8 148586.2 145337
endloop
endfacet
facet normal 0 0 0
outer loop
vertex 160810.8 148586.2 145337
vertex 160578.7 146916 144873
vertex 157990.3 148586.2 143100.2
endloop
endfacet
facet normal 0 0 0
outer loop
vertex 157990.3 148586.2 143100.2
vertex 160578.7 146916 144873
vertex 157990.3 148176.4 143006.2
endloop
endfacet
facet normal 0 0 0
outer loop
vertex 157990.3 148176.4 143006.2
vertex 160578.7 146916 144873
vertex 158570.5 142945.3 143006.2
endloop
endfacet
facet normal 0 0 0
outer loop
vertex 112862.8 151528.4 143006.2
vertex 112862.8 154227.2 148464.3
vertex 111954.1 154227.2 143006.2
endloop
endfacet
facet normal 0 0 0
outer loop
vertex 163631.2 133515.8 148647.2
vertex 163631.2 137304.4 146518.4
vertex 166610.2 137304.4 148647.2
endloop
endfacet
facet normal 0 0 0
outer loop
vertex 112862.8 151528.4 143006.2
vertex 116838.8 148586.2 143006.2
vertex 115829.5 148586.2 148647.2
endloop
endfacet
facet normal 0 0 0
outer loop
vertex 112862.8 154227.2 148464.3
vertex 112862.8 151528.4 143006.2
vertex 115829.5 148586.2 148647.2
endloop
endfacet
facet normal 0 0 0
outer loop
vertex 112887.9 154227.2 148647.2
vertex 112862.8 154227.2 148464.3
vertex 115829.5 148586.2 148647.2
endloop
endfacet
facet normal 0 0 0
outer loop
vertex 166610.2 137304.4 148647.2
vertex 163631.2 142945.3 146138.5
vertex 167415.5 142945.3 148647.2
endloop
endfacet
facet normal 0 0 0
outer loop
vertex 163631.2 137304.4 146518.4
vertex 163631.2 142945.3 146138.5
vertex 166610.2 137304.4 148647.2
endloop
endfacet
facet normal 0 0 0
outer loop
vertex 163631.2 142945.3 146138.5
vertex 163631.2 148586.2 147695.8
vertex 164825.6 148586.2 148647.2
endloop
endfacet
facet normal 0 0 0
outer loop
vertex 164825.6 148586.2 148647.2
vertex 167415.5 142945.3 148647.2
vertex 163631.2 142945.3 146138.5
endloop
endfacet
facet normal 0 0 0
outer loop
vertex 111954.1 154227.2 143006.2
vertex 112862.8 154227.2 148464.3
vertex 112862.8 154440.4 148647.2
endloop
endfacet
facet normal 0 0 0
outer loop
vertex 111848.1 159868.1 143006.2
vertex 111954.1 154227.2 143006.2
vertex 112862.8 154440.4 148647.2
endloop
endfacet
facet normal 0 0 0
outer loop
vertex 112222.1 159868.1 148647.2
vertex 111848.1 159868.1 143006.2
vertex 112862.8 154440.4 148647.2
endloop
endfacet
facet normal 0 0 0
outer loop
vertex 112862.8 154440.4 148647.2
vertex 112862.8 154227.2 148464.3
vertex 112887.9 154227.2 148647.2
endloop
endfacet
facet normal 0 0 0
outer loop
vertex 151890.5 159868.1 143006.2
vertex 152349.4 159868.1 143364.8
vertex 152349.4 159312.5 143006.2
endloop
endfacet
facet normal 0 0 0
outer loop
vertex 165045.8 154227.2 151467.7
vertex 163631.2 154227.2 149634.7
vertex 163631.2 156805 151467.7
endloop
endfacet
facet normal 0 0 0
outer loop
vertex 163631.2 156805 151467.7
vertex 161329.3 157047.7 148647.2
vertex 163473.4 157047.7 151467.7
endloop
endfacet
facet normal 0 0 0
outer loop
vertex 163631.2 154227.2 149634.7
vertex 161329.3 157047.7 148647.2
vertex 163631.2 156805 151467.7
endloop
endfacet
facet normal 0 0 0
outer loop
vertex 163631.2 151248.6 148647.2
vertex 166451.7 148586.2 149781.2
vertex 164825.6 148586.2 148647.2
endloop
endfacet
facet normal 0 0 0
outer loop
vertex 162841.5 154227.2 148647.2
vertex 161329.3 157047.7 148647.2
vertex 163631.2 154227.2 149634.7
endloop
endfacet
facet normal 0 0 0
outer loop
vertex 166451.7 151406.7 151270
vertex 166451.7 148586.2 149781.2
vertex 163631.2 151248.6 148647.2
endloop
endfacet
facet normal 0 0 0
outer loop
vertex 163631.2 151406.7 148708.2
vertex 166451.7 151406.7 151270
vertex 163631.2 151248.6 148647.2
endloop
endfacet
facet normal 0 0 0
outer loop
vertex 158775.3 159868.1 148647.2
vertex 160810.8 159868.1 150821.2
vertex 160810.8 157540.6 148647.2
endloop
endfacet
facet normal 0 0 0
outer loop
vertex 166451.7 148586.2 149781.2
vertex 166451.7 151406.7 151270
vertex 166634.9 151406.7 151467.7
endloop
endfacet
facet normal 0 0 0
outer loop
vertex 166634.9 151406.7 151467.7
vertex 168953.1 148586.2 151467.7
vertex 166451.7 148586.2 149781.2
endloop
endfacet
facet normal 0 0 0
outer loop
vertex 163473.4 157047.7 151467.7
vertex 160810.8 159868.1 150821.2
vertex 161372.2 159868.1 151467.7
endloop
endfacet
facet normal 0 0 0
outer loop
vertex 161329.3 157047.7 148647.2
vertex 160810.8 159868.1 150821.2
vertex 163473.4 157047.7 151467.7
endloop
endfacet
facet normal 0 0 0
outer loop
vertex 160810.8 157540.6 148647.2
vertex 160810.8 159868.1 150821.2
vertex 161329.3 157047.7 148647.2
endloop
endfacet
facet normal 0 0 0
outer loop
vertex 163631.2 151406.7 148708.2
vertex 163631.2 154227.2 149634.7
vertex 165045.8 154227.2 151467.7
endloop
endfacet
facet normal 0 0 0
outer loop
vertex 166451.7 151684.9 151467.7
vertex 163631.2 151406.7 148708.2
vertex 165045.8 154227.2 151467.7
endloop
endfacet
facet normal 0 0 0
outer loop
vertex 166451.7 151406.7 151270
vertex 163631.2 151406.7 148708.2
vertex 166451.7 151684.9 151467.7
endloop
endfacet
facet normal 0 0 0
outer loop
vertex 166634.9 151406.7 151467.7
vertex 166451.7 151406.7 151270
vertex 166451.7 151684.9 151467.7
endloop
endfacet
facet normal 0 0 0
outer loop
vertex 157990.3 160680.4 148647.2
vertex 157990.3 162688.6 150741.4
vertex 158725.4 162688.6 151467.7
endloop
endfacet
facet normal 0 0 0
outer loop
vertex 158775.3 159868.1 148647.2
vertex 157990.3 160680.4 148647.2
vertex 158725.4 162688.6 151467.7
endloop
endfacet
facet normal 0 0 0
outer loop
vertex 160810.8 160546.7 151467.7
vertex 158775.3 159868.1 148647.2
vertex 158725.4 162688.6 151467.7
endloop
endfacet
facet normal 0 0 0
outer loop
vertex 160810.8 159868.1 150821.2
vertex 158775.3 159868.1 148647.2
vertex 160810.8 160546.7 151467.7
endloop
endfacet
facet normal 0 0 0
outer loop
vertex 161372.2 159868.1 151467.7
vertex 160810.8 159868.1 150821.2
vertex 160810.8 160546.7 151467.7
endloop
endfacet
facet normal 0 0 0
outer loop
vertex 158725.4 162688.6 151467.7
vertex 157990.3 162688.6 150741.4
vertex 157990.3 163301 151467.7
endloop
endfacet
facet normal 0 0 0
outer loop
vertex 163473.4 157047.7 151467.7
vertex 163631.2 157047.7 151733.6
vertex 163631.2 156805 151467.7
endloop
endfacet
facet normal 0 0 0
outer loop
vertex 164005.2 159868.1 154288.1
vertex 163631.2 159868.1 153925.3
vertex 163631.2 160381.8 154288.1
endloop
endfacet
facet normal 0 0 0
outer loop
vertex 169272.2 151406.7 153412
vertex 169272.2 148586.2 151687.3
vertex 168953.1 148586.2 151467.7
endloop
endfacet
facet normal 0 0 0
outer loop
vertex 168953.1 148586.2 151467.7
vertex 166634.9 151406.7 151467.7
vertex 169272.2 151406.7 153412
endloop
endfacet
facet normal 0 0 0
outer loop
vertex 161372.2 159868.1 151467.7
vertex 163631.2 157047.7 151733.6
vertex 163473.4 157047.7 151467.7
endloop
endfacet
facet normal 0 0 0
outer loop
vertex 163631.2 159868.1 153925.3
vertex 163631.2 157047.7 151733.6
vertex 161372.2 159868.1 151467.7
endloop
endfacet
facet normal 0 0 0
outer loop
vertex 165045.8 154227.2 151467.7
vertex 166451.7 154227.2 153111
vertex 166451.7 151684.9 151467.7
endloop
endfacet
facet normal 0 0 0
outer loop
vertex 165045.8 154227.2 151467.7
vertex 163631.2 157047.7 151733.6
vertex 165685.5 157047.7 154288.1
endloop
endfacet
facet normal 0 0 0
outer loop
vertex 166451.7 155860.9 154288.1
vertex 165045.8 154227.2 151467.7
vertex 165685.5 157047.7 154288.1
endloop
endfacet
facet normal 0 0 0
outer loop
vertex 166451.7 154227.2 153111
vertex 165045.8 154227.2 151467.7
vertex 166451.7 155860.9 154288.1
endloop
endfacet
facet normal 0 0 0
outer loop
vertex 163631.2 156805 151467.7
vertex 163631.2 157047.7 151733.6
vertex 165045.8 154227.2 151467.7
endloop
endfacet
facet normal 0 0 0
outer loop
vertex 158725.4 162688.6 151467.7
vertex 160810.8 162688.6 153527.8
vertex 160810.8 160546.7 151467.7
endloop
endfacet
facet normal 0 0 0
outer loop
vertex 167891.9 154227.2 154288.1
vertex 166451.7 154227.2 153111
vertex 166451.7 155860.9 154288.1
endloop
endfacet
facet normal 0 0 0
outer loop
vertex 169272.2 151406.7 153412
vertex 166451.7 154227.2 153111
vertex 167891.9 154227.2 154288.1
endloop
endfacet
facet normal 0 0 0
outer loop
vertex 169272.2 153101.5 154288.1
vertex 169272.2 151406.7 153412
vertex 167891.9 154227.2 154288.1
endloop
endfacet
facet normal 0 0 0
outer loop
vertex 166451.7 151684.9 151467.7
vertex 166451.7 154227.2 153111
vertex 169272.2 151406.7 153412
endloop
endfacet
facet normal 0 0 0
outer loop
vertex 166634.9 151406.7 151467.7
vertex 166451.7 151684.9 151467.7
vertex 169272.2 151406.7 153412
endloop
endfacet
facet normal 0 0 0
outer loop
vertex 165685.5 157047.7 154288.1
vertex 163631.2 159868.1 153925.3
vertex 164005.2 159868.1 154288.1
endloop
endfacet
facet normal 0 0 0
outer loop
vertex 163631.2 157047.7 151733.6
vertex 163631.2 159868.1 153925.3
vertex 165685.5 157047.7 154288.1
endloop
endfacet
facet normal 0 0 0
outer loop
vertex 160810.8 160546.7 151467.7
vertex 160810.8 162688.6 153527.8
vertex 161688.2 162688.6 154288.1
endloop
endfacet
facet normal 0 0 0
outer loop
vertex 163631.2 160381.8 154288.1
vertex 160810.8 160546.7 151467.7
vertex 161688.2 162688.6 154288.1
endloop
endfacet
facet normal 0 0 0
outer loop
vertex 161372.2 159868.1 151467.7
vertex 160810.8 160546.7 151467.7
vertex 163631.2 160381.8 154288.1
endloop
endfacet
facet normal 0 0 0
outer loop
vertex 163631.2 159868.1 153925.3
vertex 161372.2 159868.1 151467.7
vertex 163631.2 160381.8 154288.1
endloop
endfacet
facet normal 0 0 0
outer loop
vertex 172092.7 149808.5 154288.1
vertex 169272.2 151406.7 153412
vertex 170903 151406.7 154288.1
endloop
endfacet
facet normal 0 0 0
outer loop
vertex 169272.2 148586.2 151687.3
vertex 169272.2 151406.7 153412
vertex 172092.7 149808.5 154288.1
endloop
endfacet
facet normal 0 0 0
outer loop
vertex 172092.7 148586.2 153543.2
vertex 169272.2 148586.2 151687.3
vertex 172092.7 149808.5 154288.1
endloop
endfacet
facet normal 0 0 0
outer loop
vertex 157990.3 163301 151467.7
vertex 157990.3 165509.1 154275.8
vertex 158007.9 165509.1 154288.1
endloop
endfacet
facet normal 0 0 0
outer loop
vertex 160810.8 163494.1 154288.1
vertex 157990.3 163301 151467.7
vertex 158007.9 165509.1 154288.1
endloop
endfacet
facet normal 0 0 0
outer loop
vertex 158725.4 162688.6 151467.7
vertex 157990.3 163301 151467.7
vertex 160810.8 163494.1 154288.1
endloop
endfacet
facet normal 0 0 0
outer loop
vertex 160810.8 162688.6 153527.8
vertex 158725.4 162688.6 151467.7
vertex 160810.8 163494.1 154288.1
endloop
endfacet
facet normal 0 0 0
outer loop
vertex 173229.9 148586.2 154288.1
vertex 172092.7 148586.2 153543.2
vertex 172092.7 149808.5 154288.1
endloop
endfacet
facet normal 0 0 0
outer loop
vertex 161688.2 162688.6 154288.1
vertex 160810.8 162688.6 153527.8
vertex 160810.8 163494.1 154288.1
endloop
endfacet
facet normal 0 0 0
outer loop
vertex 170903 151406.7 154288.1
vertex 169272.2 151406.7 153412
vertex 169272.2 153101.5 154288.1
endloop
endfacet
facet normal 0 0 0
outer loop
vertex 118139 148586.2 154288.1
vertex 118503.8 146644.4 148647.2
vertex 118503.8 148311.3 154288.1
endloop
endfacet
facet normal 0 0 0
outer loop
vertex 157990.3 126022.5 153406.3
vertex 152349.4 126022.5 152523.8
vertex 152349.4 129067 148647.2
endloop
endfacet
facet normal 0 0 0
outer loop
vertex 115829.5 148586.2 148647.2
vertex 118503.8 146644.4 148647.2
vertex 118139 148586.2 154288.1
endloop
endfacet
facet normal 0 0 0
outer loop
vertex 163570.4 151406.7 148647.2
vertex 163461.1 152503.3 148856.9
vertex 163631.2 151248.6 148647.2
endloop
endfacet
facet normal 0 0 0
outer loop
vertex 152349.4 129067 148647.2
vertex 157990.3 130427.2 148647.2
vertex 157990.3 126022.5 153406.3
endloop
endfacet
facet normal 0 0 0
outer loop
vertex 163631.2 151248.6 148647.2
vertex 163461.1 152503.3 148856.9
vertex 163631.2 151406.7 148708.2
endloop
endfacet
facet normal 0 0 0
outer loop
vertex 163631.2 151406.7 148708.2
vertex 163461.1 152503.3 148856.9
vertex 163631.2 154227.2 149634.7
endloop
endfacet
facet normal 0 0 0
outer loop
vertex 163631.2 154227.2 149634.7
vertex 163461.1 152503.3 148856.9
vertex 162841.5 154227.2 148647.2
endloop
endfacet
facet normal 0 0 0
outer loop
vertex 162841.5 154227.2 148647.2
vertex 163461.1 152503.3 148856.9
vertex 163570.4 151406.7 148647.2
endloop
endfacet
facet normal 0 0 0
outer loop
vertex 126175.9 137304.4 154288.1
vertex 129785.6 135801.1 148647.2
vertex 129785.6 132159.2 154288.1
endloop
endfacet
facet normal 0 0 0
outer loop
vertex 127311.7 137304.4 148647.2
vertex 129785.6 135801.1 148647.2
vertex 126175.9 137304.4 154288.1
endloop
endfacet
facet normal 0 0 0
outer loop
vertex 151339.6 165509.1 148647.2
vertex 152349.4 165509.1 149418.8
vertex 152349.4 165020.2 148647.2
endloop
endfacet
facet normal 0 0 0
outer loop
vertex 130128.9 131663.4 154288.1
vertex 135426.6 131663.4 149372.4
vertex 135426.6 127829.1 154288.1
endloop
endfacet
facet normal 0 0 0
outer loop
vertex 160542.8 126022.5 154288.1
vertex 163631.2 131663.4 150004.5
vertex 163631.2 127166.7 154288.1
endloop
endfacet
facet normal 0 0 0
outer loop
vertex 160997 131663.4 148647.2
vertex 163631.2 131663.4 150004.5
vertex 160542.8 126022.5 154288.1
endloop
endfacet
facet normal 0 0 0
outer loop
vertex 157990.3 130427.2 148647.2
vertex 160997 131663.4 148647.2
vertex 160542.8 126022.5 154288.1
endloop
endfacet
facet normal 0 0 0
outer loop
vertex 157990.3 126022.5 153406.3
vertex 157990.3 130427.2 148647.2
vertex 160542.8 126022.5 154288.1
endloop
endfacet
facet normal 0 0 0
outer loop
vertex 146708.4 169202.4 154288.1
vertex 141067.5 169394.2 148647.2
vertex 141067.5 170269.4 154288.1
endloop
endfacet
facet normal 0 0 0
outer loop
vertex 146708.4 167568.8 148647.2
vertex 141067.5 169394.2 148647.2
vertex 146708.4 169202.4 154288.1
endloop
endfacet
facet normal 0 0 0
outer loop
vertex 163631.2 133515.8 148647.2
vertex 163631.2 131663.4 150004.5
vertex 160997 131663.4 148647.2
endloop
endfacet
facet normal 0 0 0
outer loop
vertex 135426.6 127829.1 154288.1
vertex 141067.5 129970 148647.2
vertex 141067.5 126120.3 154288.1
endloop
endfacet
facet normal 0 0 0
outer loop
vertex 136528.6 131663.4 148647.2
vertex 141067.5 129970 148647.2
vertex 135426.6 127829.1 154288.1
endloop
endfacet
facet normal 0 0 0
outer loop
vertex 135426.6 131663.4 149372.4
vertex 136528.6 131663.4 148647.2
vertex 135426.6 127829.1 154288.1
endloop
endfacet
facet normal 0 0 0
outer loop
vertex 152349.4 167771.8 154288.1
vertex 146708.4 167568.8 148647.2
vertex 146708.4 169202.4 154288.1
endloop
endfacet
facet normal 0 0 0
outer loop
vertex 151339.6 165509.1 148647.2
vertex 146708.4 167568.8 148647.2
vertex 152349.4 167771.8 154288.1
endloop
endfacet
facet normal 0 0 0
outer loop
vertex 152349.4 165509.1 149418.8
vertex 151339.6 165509.1 148647.2
vertex 152349.4 167771.8 154288.1
endloop
endfacet
facet normal 0 0 0
outer loop
vertex 163631.2 131663.4 150004.5
vertex 169272.2 131663.4 153913.7
vertex 169272.2 131081.7 154288.1
endloop
endfacet
facet normal 0 0 0
outer loop
vertex 169272.2 131081.7 154288.1
vertex 163631.2 127166.7 154288.1
vertex 163631.2 131663.4 150004.5
endloop
endfacet
facet normal 0 0 0
outer loop
vertex 129785.6 135801.1 148647.2
vertex 135426.6 131663.4 149372.4
vertex 130128.9 131663.4 154288.1
endloop
endfacet
facet normal 0 0 0
outer loop
vertex 169272.2 131081.7 154288.1
vertex 169272.2 131663.4 153913.7
vertex 169803.8 131663.4 154288.1
endloop
endfacet
facet normal 0 0 0
outer loop
vertex 129785.6 132159.2 154288.1
vertex 129785.6 135801.1 148647.2
vertex 130128.9 131663.4 154288.1
endloop
endfacet
facet normal 0 0 0
outer loop
vertex 157990.3 160680.4 148647.2
vertex 156110 163784.7 150533
vertex 157990.3 162688.6 150741.4
endloop
endfacet
facet normal 0 0 0
outer loop
vertex 135426.6 132244.7 148647.2
vertex 135426.6 131663.4 149372.4
vertex 129785.6 135801.1 148647.2
endloop
endfacet
facet normal 0 0 0
outer loop
vertex 157990.3 162688.6 150741.4
vertex 156110 163784.7 150533
vertex 157990.3 163301 151467.7
endloop
endfacet
facet normal 0 0 0
outer loop
vertex 157990.3 163301 151467.7
vertex 156110 163784.7 150533
vertex 157990.3 165509.1 154275.8
endloop
endfacet
facet normal 0 0 0
outer loop
vertex 157990.3 165509.1 154275.8
vertex 156110 163784.7 150533
vertex 152349.4 165509.1 149418.8
endloop
endfacet
facet normal 0 0 0
outer loop
vertex 152349.4 165509.1 149418.8
vertex 156110 163784.7 150533
vertex 152349.4 165020.2 148647.2
endloop
endfacet
facet normal 0 0 0
outer loop
vertex 152349.4 165020.2 148647.2
vertex 156110 163784.7 150533
vertex 157990.3 160680.4 148647.2
endloop
endfacet
facet normal 0 0 0
outer loop
vertex 136528.6 131663.4 148647.2
vertex 135426.6 131663.4 149372.4
vertex 135426.6 132244.7 148647.2
endloop
endfacet
facet normal 0 0 0
outer loop
vertex 157990.3 165509.1 154275.8
vertex 152349.4 165509.1 149418.8
vertex 152349.4 167771.8 154288.1
endloop
endfacet
facet normal 0 0 0
outer loop
vertex 152349.4 167771.8 154288.1
vertex 157990.3 165518.8 154288.1
vertex 157990.3 165509.1 154275.8
endloop
endfacet
facet normal 0 0 0
outer loop
vertex 169272.2 137304.4 150556.1
vertex 163631.2 131663.4 150004.5
vertex 163631.2 133515.8 148647.2
endloop
endfacet
facet normal 0 0 0
outer loop
vertex 166610.2 137304.4 148647.2
vertex 169272.2 137304.4 150556.1
vertex 163631.2 133515.8 148647.2
endloop
endfacet
facet normal 0 0 0
outer loop
vertex 169272.2 131663.4 153913.7
vertex 163631.2 131663.4 150004.5
vertex 169272.2 137304.4 150556.1
endloop
endfacet
facet normal 0 0 0
outer loop
vertex 122626.8 142945.3 154288.1
vertex 124144.7 139782.2 148647.2
vertex 124144.7 140221 154288.1
endloop
endfacet
facet normal 0 0 0
outer loop
vertex 121797.8 142945.3 148647.2
vertex 124144.7 139782.2 148647.2
vertex 122626.8 142945.3 154288.1
endloop
endfacet
facet normal 0 0 0
outer loop
vertex 158007.9 165509.1 154288.1
vertex 157990.3 165509.1 154275.8
vertex 157990.3 165518.8 154288.1
endloop
endfacet
facet normal 0 0 0
outer loop
vertex 124144.7 139782.2 148647.2
vertex 127311.7 137304.4 148647.2
vertex 126175.9 137304.4 154288.1
endloop
endfacet
facet normal 0 0 0
outer loop
vertex 126175.9 137304.4 154288.1
vertex 124144.7 140221 154288.1
vertex 124144.7 139782.2 148647.2
endloop
endfacet
facet normal 0 0 0
outer loop
vertex 169272.2 137304.4 150556.1
vertex 174913.1 137304.4 153970.7
vertex 174913.1 136361 154288.1
endloop
endfacet
facet normal 0 0 0
outer loop
vertex 169803.8 131663.4 154288.1
vertex 169272.2 137304.4 150556.1
vertex 174913.1 136361 154288.1
endloop
endfacet
facet normal 0 0 0
outer loop
vertex 169272.2 131663.4 153913.7
vertex 169272.2 137304.4 150556.1
vertex 169803.8 131663.4 154288.1
endloop
endfacet
facet normal 0 0 0
outer loop
vertex 118503.8 146644.4 148647.2
vertex 121797.8 142945.3 148647.2
vertex 122626.8 142945.3 154288.1
endloop
endfacet
facet normal 0 0 0
outer loop
vertex 122626.8 142945.3 154288.1
vertex 118503.8 148311.3 154288.1
vertex 118503.8 146644.4 148647.2
endloop
endfacet
facet normal 0 0 0
outer loop
vertex 174913.1 136361 154288.1
vertex 174913.1 137304.4 153970.7
vertex 175572.5 137304.4 154288.1
endloop
endfacet
facet normal 0 0 0
outer loop
vertex 114679.7 154227.2 154288.1
vertex 115829.5 148586.2 148647.2
vertex 118139 148586.2 154288.1
endloop
endfacet
facet normal 0 0 0
outer loop
vertex 112887.9 154227.2 148647.2
vertex 115829.5 148586.2 148647.2
vertex 114679.7 154227.2 154288.1
endloop
endfacet
facet normal 0 0 0
outer loop
vertex 167415.5 142945.3 148647.2
vertex 169272.2 137304.4 150556.1
vertex 166610.2 137304.4 148647.2
endloop
endfacet
facet normal 0 0 0
outer loop
vertex 169272.2 142945.3 149721.9
vertex 169272.2 137304.4 150556.1
vertex 167415.5 142945.3 148647.2
endloop
endfacet
facet normal 0 0 0
outer loop
vertex 112862.8 154440.4 148647.2
vertex 112862.8 159868.1 150686.4
vertex 112222.1 159868.1 148647.2
endloop
endfacet
facet normal 0 0 0
outer loop
vertex 174913.1 142945.3 153436.6
vertex 169272.2 137304.4 150556.1
vertex 169272.2 142945.3 149721.9
endloop
endfacet
facet normal 0 0 0
outer loop
vertex 174913.1 137304.4 153970.7
vertex 169272.2 137304.4 150556.1
vertex 174913.1 142945.3 153436.6
endloop
endfacet
facet normal 0 0 0
outer loop
vertex 112862.8 154440.4 148647.2
vertex 112887.9 154227.2 148647.2
vertex 114679.7 154227.2 154288.1
endloop
endfacet
facet normal 0 0 0
outer loop
vertex 112862.8 159868.1 150686.4
vertex 112862.8 154440.4 148647.2
vertex 114679.7 154227.2 154288.1
endloop
endfacet
facet normal 0 0 0
outer loop
vertex 114317.5 159868.1 154288.1
vertex 112862.8 159868.1 150686.4
vertex 114679.7 154227.2 154288.1
endloop
endfacet
facet normal 0 0 0
outer loop
vertex 167415.5 142945.3 148647.2
vertex 167698.4 146705.9 149992.1
vertex 169272.2 142945.3 149721.9
endloop
endfacet
facet normal 0 0 0
outer loop
vertex 169272.2 142945.3 149721.9
vertex 167698.4 146705.9 149992.1
vertex 169272.2 148586.2 151687.3
endloop
endfacet
facet normal 0 0 0
outer loop
vertex 169272.2 148586.2 151687.3
vertex 167698.4 146705.9 149992.1
vertex 168953.1 148586.2 151467.7
endloop
endfacet
facet normal 0 0 0
outer loop
vertex 168953.1 148586.2 151467.7
vertex 167698.4 146705.9 149992.1
vertex 166451.7 148586.2 149781.2
endloop
endfacet
facet normal 0 0 0
outer loop
vertex 166451.7 148586.2 149781.2
vertex 167698.4 146705.9 149992.1
vertex 164825.6 148586.2 148647.2
endloop
endfacet
facet normal 0 0 0
outer loop
vertex 164825.6 148586.2 148647.2
vertex 167698.4 146705.9 149992.1
vertex 167415.5 142945.3 148647.2
endloop
endfacet
facet normal 0 0 0
outer loop
vertex 173229.9 148586.2 154288.1
vertex 172282.2 146374.2 152827.5
vertex 172092.7 148586.2 153543.2
endloop
endfacet
facet normal 0 0 0
outer loop
vertex 172092.7 148586.2 153543.2
vertex 172282.2 146374.2 152827.5
vertex 169272.2 148586.2 151687.3
endloop
endfacet
facet normal 0 0 0
outer loop
vertex 169272.2 148586.2 151687.3
vertex 172282.2 146374.2 152827.5
vertex 169272.2 142945.3 149721.9
endloop
endfacet
facet normal 0 0 0
outer loop
vertex 169272.2 142945.3 149721.9
vertex 172282.2 146374.2 152827.5
vertex 174913.1 142945.3 153436.6
endloop
endfacet
facet normal 0 0 0
outer loop
vertex 174913.1 142945.3 153436.6
vertex 172282.2 146374.2 152827.5
vertex 174913.1 146595.8 154288.1
endloop
endfacet
facet normal 0 0 0
outer loop
vertex 174913.1 146595.8 154288.1
vertex 172282.2 146374.2 152827.5
vertex 173229.9 148586.2 154288.1
endloop
endfacet
facet normal 0 0 0
outer loop
vertex 175572.5 137304.4 154288.1
vertex 174913.1 142945.3 153436.6
vertex 176267.6 142945.3 154288.1
endloop
endfacet
facet normal 0 0 0
outer loop
vertex 174913.1 137304.4 153970.7
vertex 174913.1 142945.3 153436.6
vertex 175572.5 137304.4 154288.1
endloop
endfacet
facet normal 0 0 0
outer loop
vertex 176267.6 142945.3 154288.1
vertex 174913.1 142945.3 153436.6
vertex 174913.1 146595.8 154288.1
endloop
endfacet
facet normal 0 0 0
outer loop
vertex 129785.6 171163.9 154288.1
vertex 129785.6 171150 145529.2
vertex 129445.4 171150 154288.1
endloop
endfacet
facet normal 0 0 0
outer loop
vertex 133959.9 171150 154288.1
vertex 129785.6 171150 145529.2
vertex 129785.6 171163.9 154288.1
endloop
endfacet
facet normal 0 0 0
outer loop
vertex 141574.8 126022.5 154288.1
vertex 152349.4 126022.5 152523.8
vertex 152349.4 125011.4 154288.1
endloop
endfacet
facet normal 0 0 0
outer loop
vertex 160542.8 126022.5 154288.1
vertex 155808 125769.7 153626.6
vertex 157990.3 126022.5 153406.3
endloop
endfacet
facet normal 0 0 0
outer loop
vertex 157990.3 126022.5 153406.3
vertex 155808 125769.7 153626.6
vertex 152349.4 126022.5 152523.8
endloop
endfacet
facet normal 0 0 0
outer loop
vertex 152349.4 126022.5 152523.8
vertex 155808 125769.7 153626.6
vertex 152349.4 125011.4 154288.1
endloop
endfacet
facet normal 0 0 0
outer loop
vertex 152349.4 125011.4 154288.1
vertex 155808 125769.7 153626.6
vertex 160542.8 126022.5 154288.1
endloop
endfacet
facet normal 0 0 0
outer loop
vertex 114317.5 159868.1 154288.1
vertex 114709.7 162886.9 148987.1
vertex 112862.8 159868.1 150686.4
endloop
endfacet
facet normal 0 0 0
outer loop
vertex 112862.8 159868.1 150686.4
vertex 114709.7 162886.9 148987.1
vertex 112222.1 159868.1 148647.2
endloop
endfacet
facet normal 0 0 0
outer loop
vertex 112222.1 159868.1 148647.2
vertex 114709.7 162886.9 148987.1
vertex 111848.1 159868.1 143006.2
endloop
endfacet
facet normal 0 0 0
outer loop
vertex 111848.1 159868.1 143006.2
vertex 114709.7 162886.9 148987.1
vertex 118503.8 169566.5 143006.2
endloop
endfacet
facet normal 0 0 0
outer loop
vertex 118503.8 169566.5 143006.2
vertex 114709.7 162886.9 148987.1
vertex 118503.8 168282.2 154288.1
endloop
endfacet
facet normal 0 0 0
outer loop
vertex 118503.8 168282.2 154288.1
vertex 114709.7 162886.9 148987.1
vertex 114317.5 159868.1 154288.1
endloop
endfacet
facet normal 0 0 0
outer loop
vertex 129785.6 171150 145529.2
vertex 118503.8 169566.5 143006.2
vertex 118503.8 168282.2 154288.1
endloop
endfacet
facet normal 0 0 0
outer loop
vertex 129445.4 171150 154288.1
vertex 129785.6 171150 145529.2
vertex 118503.8 168282.2 154288.1
endloop
endfacet
facet normal 0 0 0
outer loop
vertex 129785.6 170554.6 143006.2
vertex 118503.8 169566.5 143006.2
vertex 129785.6 171150 145529.2
endloop
endfacet
facet normal 0 0 0
outer loop
vertex 133959.9 171150 154288.1
vertex 136122.3 169933.8 148127.5
vertex 129785.6 171150 145529.2
endloop
endfacet
facet normal 0 0 0
outer loop
vertex 129785.6 171150 145529.2
vertex 136122.3 169933.8 148127.5
vertex 129785.6 170554.6 143006.2
endloop
endfacet
facet normal 0 0 0
outer loop
vertex 129785.6 170554.6 143006.2
vertex 136122.3 169933.8 148127.5
vertex 141067.5 167084.4 143006.2
endloop
endfacet
facet normal 0 0 0
outer loop
vertex 141067.5 167084.4 143006.2
vertex 136122.3 169933.8 148127.5
vertex 141067.5 169394.2 148647.2
endloop
endfacet
facet normal 0 0 0
outer loop
vertex 141067.5 169394.2 148647.2
vertex 136122.3 169933.8 148127.5
vertex 141067.5 170269.4 154288.1
endloop
endfacet
facet normal 0 0 0
outer loop
vertex 141067.5 170269.4 154288.1
vertex 136122.3 169933.8 148127.5
vertex 133959.9 171150 154288.1
endloop
endfacet
facet normal 0 0 0
outer loop
vertex 141574.8 126022.5 154288.1
vertex 146138 130185.5 148568.6
vertex 152349.4 126022.5 152523.8
endloop
endfacet
facet normal 0 0 0
outer loop
vertex 152349.4 126022.5 152523.8
vertex 146138 130185.5 148568.6
vertex 152349.4 129067 148647.2
endloop
endfacet
facet normal 0 0 0
outer loop
vertex 152349.4 129067 148647.2
vertex 146138 130185.5 148568.6
vertex 152349.4 131663.4 146119.3
endloop
endfacet
facet normal 0 0 0
outer loop
vertex 152349.4 131663.4 146119.3
vertex 146138 130185.5 148568.6
vertex 152349.4 136067.2 143006.2
endloop
endfacet
facet normal 0 0 0
outer loop
vertex 152349.4 136067.2 143006.2
vertex 146138 130185.5 148568.6
vertex 141067.5 135073.1 143006.2
endloop
endfacet
facet normal 0 0 0
outer loop
vertex 141067.5 135073.1 143006.2
vertex 146138 130185.5 148568.6
vertex 141067.5 131663.4 146591
endloop
endfacet
facet normal 0 0 0
outer loop
vertex 141067.5 131663.4 146591
vertex 146138 130185.5 148568.6
vertex 141067.5 129970 148647.2
endloop
endfacet
facet normal 0 0 0
outer loop
vertex 141067.5 129970 148647.2
vertex 146138 130185.5 148568.6
vertex 141067.5 126120.3 154288.1
endloop
endfacet
facet normal 0 0 0
outer loop
vertex 141067.5 126120.3 154288.1
vertex 146138 130185.5 148568.6
vertex 141574.8 126022.5 154288.1
endloop
endfacet
facet normal 0 0 0
outer loop
vertex 161688.2 162688.6 154288.1
vertex 163631.2 162688.6 155813.2
vertex 163631.2 160381.8 154288.1
endloop
endfacet
facet normal 0 0 0
outer loop
vertex 158007.9 165509.1 154288.1
vertex 160810.8 165509.1 156308
vertex 160810.8 163494.1 154288.1
endloop
endfacet
facet normal 0 0 0
outer loop
vertex 172092.7 154227.2 156740.4
vertex 172092.7 151406.7 155183.2
vertex 170903 151406.7 154288.1
endloop
endfacet
facet normal 0 0 0
outer loop
vertex 169272.2 153101.5 154288.1
vertex 172092.7 154227.2 156740.4
vertex 170903 151406.7 154288.1
endloop
endfacet
facet normal 0 0 0
outer loop
vertex 169272.2 154227.2 155040.4
vertex 172092.7 154227.2 156740.4
vertex 169272.2 153101.5 154288.1
endloop
endfacet
facet normal 0 0 0
outer loop
vertex 166451.7 161718.3 157108.6
vertex 163631.2 162688.6 155813.2
vertex 165672.7 162688.6 157108.6
endloop
endfacet
facet normal 0 0 0
outer loop
vertex 166451.7 159868.1 156455.3
vertex 163631.2 162688.6 155813.2
vertex 166451.7 161718.3 157108.6
endloop
endfacet
facet normal 0 0 0
outer loop
vertex 163631.2 160381.8 154288.1
vertex 163631.2 162688.6 155813.2
vertex 166451.7 159868.1 156455.3
endloop
endfacet
facet normal 0 0 0
outer loop
vertex 164005.2 159868.1 154288.1
vertex 163631.2 160381.8 154288.1
vertex 166451.7 159868.1 156455.3
endloop
endfacet
facet normal 0 0 0
outer loop
vertex 167626.3 159868.1 157108.6
vertex 166451.7 159868.1 156455.3
vertex 166451.7 161718.3 157108.6
endloop
endfacet
facet normal 0 0 0
outer loop
vertex 160810.8 163494.1 154288.1
vertex 160810.8 165509.1 156308
vertex 161989.9 165509.1 157108.6
endloop
endfacet
facet normal 0 0 0
outer loop
vertex 161688.2 162688.6 154288.1
vertex 160810.8 163494.1 154288.1
vertex 161989.9 165509.1 157108.6
endloop
endfacet
facet normal 0 0 0
outer loop
vertex 163631.2 162688.6 155813.2
vertex 161688.2 162688.6 154288.1
vertex 161989.9 165509.1 157108.6
endloop
endfacet
facet normal 0 0 0
outer loop
vertex 172092.7 151406.7 155183.2
vertex 172092.7 154227.2 156740.4
vertex 172802.3 154227.2 157108.6
endloop
endfacet
facet normal 0 0 0
outer loop
vertex 163631.2 164533 157108.6
vertex 163631.2 162688.6 155813.2
vertex 161989.9 165509.1 157108.6
endloop
endfacet
facet normal 0 0 0
outer loop
vertex 174913.1 151663.7 157108.6
vertex 172092.7 151406.7 155183.2
vertex 172802.3 154227.2 157108.6
endloop
endfacet
facet normal 0 0 0
outer loop
vertex 174913.1 151406.7 156991.3
vertex 172092.7 151406.7 155183.2
vertex 174913.1 151663.7 157108.6
endloop
endfacet
facet normal 0 0 0
outer loop
vertex 165672.7 162688.6 157108.6
vertex 163631.2 162688.6 155813.2
vertex 163631.2 164533 157108.6
endloop
endfacet
facet normal 0 0 0
outer loop
vertex 167891.9 154227.2 154288.1
vertex 169272.2 154227.2 155040.4
vertex 169272.2 153101.5 154288.1
endloop
endfacet
facet normal 0 0 0
outer loop
vertex 165685.5 157047.7 154288.1
vertex 166451.7 157047.7 155214.7
vertex 166451.7 155860.9 154288.1
endloop
endfacet
facet normal 0 0 0
outer loop
vertex 170903 151406.7 154288.1
vertex 172092.7 151406.7 155183.2
vertex 172092.7 149808.5 154288.1
endloop
endfacet
facet normal 0 0 0
outer loop
vertex 166451.7 157047.7 155214.7
vertex 169272.2 154227.2 155040.4
vertex 167891.9 154227.2 154288.1
endloop
endfacet
facet normal 0 0 0
outer loop
vertex 166451.7 155860.9 154288.1
vertex 166451.7 157047.7 155214.7
vertex 167891.9 154227.2 154288.1
endloop
endfacet
facet normal 0 0 0
outer loop
vertex 169272.2 157047.7 156804.2
vertex 169272.2 154227.2 155040.4
vertex 166451.7 157047.7 155214.7
endloop
endfacet
facet normal 0 0 0
outer loop
vertex 172092.7 149808.5 154288.1
vertex 174913.1 148586.2 155374.1
vertex 173229.9 148586.2 154288.1
endloop
endfacet
facet normal 0 0 0
outer loop
vertex 172092.7 151406.7 155183.2
vertex 174913.1 148586.2 155374.1
vertex 172092.7 149808.5 154288.1
endloop
endfacet
facet normal 0 0 0
outer loop
vertex 174913.1 151406.7 156991.3
vertex 174913.1 148586.2 155374.1
vertex 172092.7 151406.7 155183.2
endloop
endfacet
facet normal 0 0 0
outer loop
vertex 166451.7 159868.1 156455.3
vertex 166451.7 157047.7 155214.7
vertex 165685.5 157047.7 154288.1
endloop
endfacet
facet normal 0 0 0
outer loop
vertex 165685.5 157047.7 154288.1
vertex 164005.2 159868.1 154288.1
vertex 166451.7 159868.1 156455.3
endloop
endfacet
facet normal 0 0 0
outer loop
vertex 166451.7 157047.7 155214.7
vertex 166451.7 159868.1 156455.3
vertex 167626.3 159868.1 157108.6
endloop
endfacet
facet normal 0 0 0
outer loop
vertex 169272.2 157928.2 157108.6
vertex 166451.7 157047.7 155214.7
vertex 167626.3 159868.1 157108.6
endloop
endfacet
facet normal 0 0 0
outer loop
vertex 169272.2 157047.7 156804.2
vertex 166451.7 157047.7 155214.7
vertex 169272.2 157928.2 157108.6
endloop
endfacet
facet normal 0 0 0
outer loop
vertex 169272.2 154227.2 155040.4
vertex 169272.2 157047.7 156804.2
vertex 170205.8 157047.7 157108.6
endloop
endfacet
facet normal 0 0 0
outer loop
vertex 172092.7 154938.6 157108.6
vertex 169272.2 154227.2 155040.4
vertex 170205.8 157047.7 157108.6
endloop
endfacet
facet normal 0 0 0
outer loop
vertex 172092.7 154227.2 156740.4
vertex 169272.2 154227.2 155040.4
vertex 172092.7 154938.6 157108.6
endloop
endfacet
facet normal 0 0 0
outer loop
vertex 172802.3 154227.2 157108.6
vertex 172092.7 154227.2 156740.4
vertex 172092.7 154938.6 157108.6
endloop
endfacet
facet normal 0 0 0
outer loop
vertex 170205.8 157047.7 157108.6
vertex 169272.2 157047.7 156804.2
vertex 169272.2 157928.2 157108.6
endloop
endfacet
facet normal 0 0 0
outer loop
vertex 172802.3 154227.2 157108.6
vertex 174913.1 154227.2 158216.5
vertex 174913.1 151663.7 157108.6
endloop
endfacet
facet normal 0 0 0
outer loop
vertex 161989.9 165509.1 157108.6
vertex 163631.2 165509.1 158017.6
vertex 163631.2 164533 157108.6
endloop
endfacet
facet normal 0 0 0
outer loop
vertex 165672.7 162688.6 157108.6
vertex 166451.7 162688.6 157594.5
vertex 166451.7 161718.3 157108.6
endloop
endfacet
facet normal 0 0 0
outer loop
vertex 167626.3 159868.1 157108.6
vertex 169272.2 159868.1 157808.7
vertex 169272.2 157928.2 157108.6
endloop
endfacet
facet normal 0 0 0
outer loop
vertex 170205.8 157047.7 157108.6
vertex 172092.7 157047.7 158034.2
vertex 172092.7 154938.6 157108.6
endloop
endfacet
facet normal 0 0 0
outer loop
vertex 166451.7 161718.3 157108.6
vertex 169272.2 159868.1 157808.7
vertex 167626.3 159868.1 157108.6
endloop
endfacet
facet normal 0 0 0
outer loop
vertex 169272.2 162688.6 159665.5
vertex 169272.2 159868.1 157808.7
vertex 166451.7 161718.3 157108.6
endloop
endfacet
facet normal 0 0 0
outer loop
vertex 166451.7 162688.6 157594.5
vertex 169272.2 162688.6 159665.5
vertex 166451.7 161718.3 157108.6
endloop
endfacet
facet normal 0 0 0
outer loop
vertex 172092.7 154938.6 157108.6
vertex 174913.1 154227.2 158216.5
vertex 172802.3 154227.2 157108.6
endloop
endfacet
facet normal 0 0 0
outer loop
vertex 172092.7 157047.7 158034.2
vertex 174913.1 154227.2 158216.5
vertex 172092.7 154938.6 157108.6
endloop
endfacet
facet normal 0 0 0
outer loop
vertex 174913.1 157047.7 159550.3
vertex 174913.1 154227.2 158216.5
vertex 172092.7 157047.7 158034.2
endloop
endfacet
facet normal 0 0 0
outer loop
vertex 166451.7 165509.1 159891
vertex 166451.7 162688.6 157594.5
vertex 165672.7 162688.6 157108.6
endloop
endfacet
facet normal 0 0 0
outer loop
vertex 163631.2 165509.1 158017.6
vertex 166451.7 165509.1 159891
vertex 165672.7 162688.6 157108.6
endloop
endfacet
facet normal 0 0 0
outer loop
vertex 163631.2 164533 157108.6
vertex 163631.2 165509.1 158017.6
vertex 165672.7 162688.6 157108.6
endloop
endfacet
facet normal 0 0 0
outer loop
vertex 169272.2 159868.1 157808.7
vertex 172092.7 157047.7 158034.2
vertex 170205.8 157047.7 157108.6
endloop
endfacet
facet normal 0 0 0
outer loop
vertex 169272.2 157928.2 157108.6
vertex 169272.2 159868.1 157808.7
vertex 170205.8 157047.7 157108.6
endloop
endfacet
facet normal 0 0 0
outer loop
vertex 172092.7 159868.1 159532.2
vertex 172092.7 157047.7 158034.2
vertex 169272.2 159868.1 157808.7
endloop
endfacet
facet normal 0 0 0
outer loop
vertex 166451.7 162688.6 157594.5
vertex 166451.7 165509.1 159891
vertex 166508.3 165509.1 159929.1
endloop
endfacet
facet normal 0 0 0
outer loop
vertex 169272.2 163005.2 159929.1
vertex 166451.7 162688.6 157594.5
vertex 166508.3 165509.1 159929.1
endloop
endfacet
facet normal 0 0 0
outer loop
vertex 169272.2 162688.6 159665.5
vertex 166451.7 162688.6 157594.5
vertex 169272.2 163005.2 159929.1
endloop
endfacet
facet normal 0 0 0
outer loop
vertex 172092.7 157047.7 158034.2
vertex 172092.7 159868.1 159532.2
vertex 172745.6 159868.1 159929.1
endloop
endfacet
facet normal 0 0 0
outer loop
vertex 174913.1 157763.8 159929.1
vertex 172092.7 157047.7 158034.2
vertex 172745.6 159868.1 159929.1
endloop
endfacet
facet normal 0 0 0
outer loop
vertex 174913.1 157047.7 159550.3
vertex 172092.7 157047.7 158034.2
vertex 174913.1 157763.8 159929.1
endloop
endfacet
facet normal 0 0 0
outer loop
vertex 169272.2 159868.1 157808.7
vertex 169272.2 162688.6 159665.5
vertex 169645.7 162688.6 159929.1
endloop
endfacet
facet normal 0 0 0
outer loop
vertex 172092.7 160479.5 159929.1
vertex 169272.2 159868.1 157808.7
vertex 169645.7 162688.6 159929.1
endloop
endfacet
facet normal 0 0 0
outer loop
vertex 172092.7 159868.1 159532.2
vertex 169272.2 159868.1 157808.7
vertex 172092.7 160479.5 159929.1
endloop
endfacet
facet normal 0 0 0
outer loop
vertex 174913.1 154227.2 158216.5
vertex 174913.1 157047.7 159550.3
vertex 175653.4 157047.7 159929.1
endloop
endfacet
facet normal 0 0 0
outer loop
vertex 177733.6 154728.6 159929.1
vertex 174913.1 154227.2 158216.5
vertex 175653.4 157047.7 159929.1
endloop
endfacet
facet normal 0 0 0
outer loop
vertex 172745.6 159868.1 159929.1
vertex 172092.7 159868.1 159532.2
vertex 172092.7 160479.5 159929.1
endloop
endfacet
facet normal 0 0 0
outer loop
vertex 177733.6 154227.2 159747
vertex 174913.1 154227.2 158216.5
vertex 177733.6 154728.6 159929.1
endloop
endfacet
facet normal 0 0 0
outer loop
vertex 169645.7 162688.6 159929.1
vertex 169272.2 162688.6 159665.5
vertex 169272.2 163005.2 159929.1
endloop
endfacet
facet normal 0 0 0
outer loop
vertex 178126.1 154227.2 159929.1
vertex 177733.6 154227.2 159747
vertex 177733.6 154728.6 159929.1
endloop
endfacet
facet normal 0 0 0
outer loop
vertex 175653.4 157047.7 159929.1
vertex 174913.1 157047.7 159550.3
vertex 174913.1 157763.8 159929.1
endloop
endfacet
facet normal 0 0 0
outer loop
vertex 166451.7 165509.1 159891
vertex 163631.2 165509.1 158017.6
vertex 163631.2 167064.9 159929.1
endloop
endfacet
facet normal 0 0 0
outer loop
vertex 163631.2 167064.9 159929.1
vertex 166451.7 165555.1 159929.1
vertex 166451.7 165509.1 159891
endloop
endfacet
facet normal 0 0 0
outer loop
vertex 166508.3 165509.1 159929.1
vertex 166451.7 165509.1 159891
vertex 166451.7 165555.1 159929.1
endloop
endfacet
facet normal 0 0 0
outer loop
vertex 132780.7 126022.5 159929.1
vertex 135426.6 126022.5 157202.7
vertex 135426.6 124962.7 159929.1
endloop
endfacet
facet normal 0 0 0
outer loop
vertex 146708.4 169548.9 159929.1
vertex 141067.5 170269.4 154288.1
vertex 141067.5 169929.2 159929.1
endloop
endfacet
facet normal 0 0 0
outer loop
vertex 146708.4 169202.4 154288.1
vertex 141067.5 170269.4 154288.1
vertex 146708.4 169548.9 159929.1
endloop
endfacet
facet normal 0 0 0
outer loop
vertex 169272.2 126022.5 158725.8
vertex 163631.2 126022.5 155772.8
vertex 163631.2 127166.7 154288.1
endloop
endfacet
facet normal 0 0 0
outer loop
vertex 163631.2 127166.7 154288.1
vertex 169272.2 131081.7 154288.1
vertex 169272.2 126022.5 158725.8
endloop
endfacet
facet normal 0 0 0
outer loop
vertex 135426.6 126022.5 157202.7
vertex 141067.5 126022.5 154451.5
vertex 141067.5 123474.2 159929.1
endloop
endfacet
facet normal 0 0 0
outer loop
vertex 141067.5 123474.2 159929.1
vertex 135426.6 124962.7 159929.1
vertex 135426.6 126022.5 157202.7
endloop
endfacet
facet normal 0 0 0
outer loop
vertex 152349.4 169144.2 159929.1
vertex 146708.4 169202.4 154288.1
vertex 146708.4 169548.9 159929.1
endloop
endfacet
facet normal 0 0 0
outer loop
vertex 152349.4 167771.8 154288.1
vertex 146708.4 169202.4 154288.1
vertex 152349.4 169144.2 159929.1
endloop
endfacet
facet normal 0 0 0
outer loop
vertex 118503.8 148311.3 154288.1
vertex 118503.8 148586.2 154733.5
vertex 118139 148586.2 154288.1
endloop
endfacet
facet normal 0 0 0
outer loop
vertex 157990.3 168749.8 159929.1
vertex 152349.4 167771.8 154288.1
vertex 152349.4 169144.2 159929.1
endloop
endfacet
facet normal 0 0 0
outer loop
vertex 157990.3 165518.8 154288.1
vertex 152349.4 167771.8 154288.1
vertex 157990.3 168749.8 159929.1
endloop
endfacet
facet normal 0 0 0
outer loop
vertex 171815.4 126022.5 159929.1
vertex 174913.1 131663.4 156584.5
vertex 174913.1 127291.6 159929.1
endloop
endfacet
facet normal 0 0 0
outer loop
vertex 169272.2 131081.7 154288.1
vertex 174913.1 131663.4 156584.5
vertex 171815.4 126022.5 159929.1
endloop
endfacet
facet normal 0 0 0
outer loop
vertex 126989.7 131663.4 159929.1
vertex 129785.6 131663.4 154797.2
vertex 129785.6 127937.9 159929.1
endloop
endfacet
facet normal 0 0 0
outer loop
vertex 169272.2 126022.5 158725.8
vertex 169272.2 131081.7 154288.1
vertex 171815.4 126022.5 159929.1
endloop
endfacet
facet normal 0 0 0
outer loop
vertex 169803.8 131663.4 154288.1
vertex 174913.1 131663.4 156584.5
vertex 169272.2 131081.7 154288.1
endloop
endfacet
facet normal 0 0 0
outer loop
vertex 174913.1 136361 154288.1
vertex 174913.1 131663.4 156584.5
vertex 169803.8 131663.4 154288.1
endloop
endfacet
facet normal 0 0 0
outer loop
vertex 157990.3 168749.8 159929.1
vertex 160578.8 166195.7 157124.1
vertex 157990.3 165518.8 154288.1
endloop
endfacet
facet normal 0 0 0
outer loop
vertex 157990.3 165518.8 154288.1
vertex 160578.8 166195.7 157124.1
vertex 158007.9 165509.1 154288.1
endloop
endfacet
facet normal 0 0 0
outer loop
vertex 158007.9 165509.1 154288.1
vertex 160578.8 166195.7 157124.1
vertex 160810.8 165509.1 156308
endloop
endfacet
facet normal 0 0 0
outer loop
vertex 160810.8 165509.1 156308
vertex 160578.8 166195.7 157124.1
vertex 161989.9 165509.1 157108.6
endloop
endfacet
facet normal 0 0 0
outer loop
vertex 161989.9 165509.1 157108.6
vertex 160578.8 166195.7 157124.1
vertex 163631.2 165509.1 158017.6
endloop
endfacet
facet normal 0 0 0
outer loop
vertex 163631.2 165509.1 158017.6
vertex 160578.8 166195.7 157124.1
vertex 163631.2 167064.9 159929.1
endloop
endfacet
facet normal 0 0 0
outer loop
vertex 163631.2 167064.9 159929.1
vertex 160578.8 166195.7 157124.1
vertex 157990.3 168749.8 159929.1
endloop
endfacet
facet normal 0 0 0
outer loop
vertex 129785.6 132159.2 154288.1
vertex 129785.6 131663.4 154797.2
vertex 126989.7 131663.4 159929.1
endloop
endfacet
facet normal 0 0 0
outer loop
vertex 126175.9 137304.4 154288.1
vertex 129785.6 132159.2 154288.1
vertex 126989.7 131663.4 159929.1
endloop
endfacet
facet normal 0 0 0
outer loop
vertex 124799.6 137304.4 159929.1
vertex 126175.9 137304.4 154288.1
vertex 126989.7 131663.4 159929.1
endloop
endfacet
facet normal 0 0 0
outer loop
vertex 174913.1 131663.4 156584.5
vertex 180554.1 131663.4 159110.6
vertex 180554.1 130473.3 159929.1
endloop
endfacet
facet normal 0 0 0
outer loop
vertex 180554.1 130473.3 159929.1
vertex 174913.1 127291.6 159929.1
vertex 174913.1 131663.4 156584.5
endloop
endfacet
facet normal 0 0 0
outer loop
vertex 180554.1 130473.3 159929.1
vertex 180554.1 131663.4 159110.6
vertex 181978.6 131663.4 159929.1
endloop
endfacet
facet normal 0 0 0
outer loop
vertex 178126.1 154227.2 159929.1
vertex 177077.5 151818.4 158222.6
vertex 177733.6 154227.2 159747
endloop
endfacet
facet normal 0 0 0
outer loop
vertex 177733.6 154227.2 159747
vertex 177077.5 151818.4 158222.6
vertex 174913.1 154227.2 158216.5
endloop
endfacet
facet normal 0 0 0
outer loop
vertex 174913.1 154227.2 158216.5
vertex 177077.5 151818.4 158222.6
vertex 174913.1 151663.7 157108.6
endloop
endfacet
facet normal 0 0 0
outer loop
vertex 174913.1 151663.7 157108.6
vertex 177077.5 151818.4 158222.6
vertex 174913.1 151406.7 156991.3
endloop
endfacet
facet normal 0 0 0
outer loop
vertex 174913.1 151406.7 156991.3
vertex 177077.5 151818.4 158222.6
vertex 174913.1 148586.2 155374.1
endloop
endfacet
facet normal 0 0 0
outer loop
vertex 174913.1 148586.2 155374.1
vertex 177077.5 151818.4 158222.6
vertex 180554.1 148586.2 158484.9
endloop
endfacet
facet normal 0 0 0
outer loop
vertex 180554.1 148586.2 158484.9
vertex 177077.5 151818.4 158222.6
vertex 180554.1 151622.6 159929.1
endloop
endfacet
facet normal 0 0 0
outer loop
vertex 135426.6 127829.1 154288.1
vertex 135426.6 126022.5 157202.7
vertex 132780.7 126022.5 159929.1
endloop
endfacet
facet normal 0 0 0
outer loop
vertex 180554.1 151622.6 159929.1
vertex 177077.5 151818.4 158222.6
vertex 178126.1 154227.2 159929.1
endloop
endfacet
facet normal 0 0 0
outer loop
vertex 129785.6 127937.9 159929.1
vertex 135426.6 127829.1 154288.1
vertex 132780.7 126022.5 159929.1
endloop
endfacet
facet normal 0 0 0
outer loop
vertex 129785.6 131663.4 154797.2
vertex 135426.6 127829.1 154288.1
vertex 129785.6 127937.9 159929.1
endloop
endfacet
facet normal 0 0 0
outer loop
vertex 130128.9 131663.4 154288.1
vertex 135426.6 127829.1 154288.1
vertex 129785.6 131663.4 154797.2
endloop
endfacet
facet normal 0 0 0
outer loop
vertex 180554.1 137304.4 156840.9
vertex 174913.1 131663.4 156584.5
vertex 174913.1 136361 154288.1
endloop
endfacet
facet normal 0 0 0
outer loop
vertex 175572.5 137304.4 154288.1
vertex 180554.1 137304.4 156840.9
vertex 174913.1 136361 154288.1
endloop
endfacet
facet normal 0 0 0
outer loop
vertex 180554.1 131663.4 159110.6
vertex 174913.1 131663.4 156584.5
vertex 180554.1 137304.4 156840.9
endloop
endfacet
facet normal 0 0 0
outer loop
vertex 183431.7 148586.2 159929.1
vertex 180554.1 148586.2 158484.9
vertex 180554.1 151622.6 159929.1
endloop
endfacet
facet normal 0 0 0
outer loop
vertex 141067.5 126022.5 154451.5
vertex 135426.6 126022.5 157202.7
vertex 135426.6 127829.1 154288.1
endloop
endfacet
facet normal 0 0 0
outer loop
vertex 135426.6 127829.1 154288.1
vertex 141067.5 126120.3 154288.1
vertex 141067.5 126022.5 154451.5
endloop
endfacet
facet normal 0 0 0
outer loop
vertex 181978.6 131663.4 159929.1
vertex 180554.1 137304.4 156840.9
vertex 185444 137304.4 159929.1
endloop
endfacet
facet normal 0 0 0
outer loop
vertex 180554.1 131663.4 159110.6
vertex 180554.1 137304.4 156840.9
vertex 181978.6 131663.4 159929.1
endloop
endfacet
facet normal 0 0 0
outer loop
vertex 130128.9 131663.4 154288.1
vertex 129785.6 131663.4 154797.2
vertex 129785.6 132159.2 154288.1
endloop
endfacet
facet normal 0 0 0
outer loop
vertex 173229.9 148586.2 154288.1
vertex 174913.1 148586.2 155374.1
vertex 174913.1 146595.8 154288.1
endloop
endfacet
facet normal 0 0 0
outer loop
vertex 123400 142945.3 159929.1
vertex 124144.7 140221 154288.1
vertex 124144.7 139819.3 159929.1
endloop
endfacet
facet normal 0 0 0
outer loop
vertex 122626.8 142945.3 154288.1
vertex 124144.7 140221 154288.1
vertex 123400 142945.3 159929.1
endloop
endfacet
facet normal 0 0 0
outer loop
vertex 176267.6 142945.3 154288.1
vertex 180554.1 137304.4 156840.9
vertex 175572.5 137304.4 154288.1
endloop
endfacet
facet normal 0 0 0
outer loop
vertex 180554.1 142945.3 156666.7
vertex 180554.1 137304.4 156840.9
vertex 176267.6 142945.3 154288.1
endloop
endfacet
facet normal 0 0 0
outer loop
vertex 124144.7 140221 154288.1
vertex 126175.9 137304.4 154288.1
vertex 124799.6 137304.4 159929.1
endloop
endfacet
facet normal 0 0 0
outer loop
vertex 124799.6 137304.4 159929.1
vertex 124144.7 139819.3 159929.1
vertex 124144.7 140221 154288.1
endloop
endfacet
facet normal 0 0 0
outer loop
vertex 185444 137304.4 159929.1
vertex 180554.1 142945.3 156666.7
vertex 185930.5 142945.3 159929.1
endloop
endfacet
facet normal 0 0 0
outer loop
vertex 180554.1 137304.4 156840.9
vertex 180554.1 142945.3 156666.7
vertex 185444 137304.4 159929.1
endloop
endfacet
facet normal 0 0 0
outer loop
vertex 120804.9 148586.2 159929.1
vertex 122626.8 142945.3 154288.1
vertex 123400 142945.3 159929.1
endloop
endfacet
facet normal 0 0 0
outer loop
vertex 118503.8 148586.2 154733.5
vertex 122626.8 142945.3 154288.1
vertex 120804.9 148586.2 159929.1
endloop
endfacet
facet normal 0 0 0
outer loop
vertex 118503.8 148311.3 154288.1
vertex 122626.8 142945.3 154288.1
vertex 118503.8 148586.2 154733.5
endloop
endfacet
facet normal 0 0 0
outer loop
vertex 174913.1 146595.8 154288.1
vertex 180554.1 142945.3 156666.7
vertex 176267.6 142945.3 154288.1
endloop
endfacet
facet normal 0 0 0
outer loop
vertex 180554.1 148586.2 158484.9
vertex 180554.1 142945.3 156666.7
vertex 174913.1 146595.8 154288.1
endloop
endfacet
facet normal 0 0 0
outer loop
vertex 174913.1 148586.2 155374.1
vertex 180554.1 148586.2 158484.9
vertex 174913.1 146595.8 154288.1
endloop
endfacet
facet normal 0 0 0
outer loop
vertex 114679.7 154227.2 154288.1
vertex 118503.8 148586.2 154733.5
vertex 118503.8 152038.1 159929.1
endloop
endfacet
facet normal 0 0 0
outer loop
vertex 117670.2 154227.2 159929.1
vertex 114679.7 154227.2 154288.1
vertex 118503.8 152038.1 159929.1
endloop
endfacet
facet normal 0 0 0
outer loop
vertex 180554.1 142945.3 156666.7
vertex 180554.1 148586.2 158484.9
vertex 183431.7 148586.2 159929.1
endloop
endfacet
facet normal 0 0 0
outer loop
vertex 118139 148586.2 154288.1
vertex 118503.8 148586.2 154733.5
vertex 114679.7 154227.2 154288.1
endloop
endfacet
facet normal 0 0 0
outer loop
vertex 183431.7 148586.2 159929.1
vertex 185930.5 142945.3 159929.1
vertex 180554.1 142945.3 156666.7
endloop
endfacet
facet normal 0 0 0
outer loop
vertex 117123.2 159868.1 159929.1
vertex 114679.7 154227.2 154288.1
vertex 117670.2 154227.2 159929.1
endloop
endfacet
facet normal 0 0 0
outer loop
vertex 114317.5 159868.1 154288.1
vertex 114679.7 154227.2 154288.1
vertex 117123.2 159868.1 159929.1
endloop
endfacet
facet normal 0 0 0
outer loop
vertex 118503.8 152038.1 159929.1
vertex 118503.8 148586.2 154733.5
vertex 120804.9 148586.2 159929.1
endloop
endfacet
facet normal 0 0 0
outer loop
vertex 169581.6 165509.1 162749.5
vertex 169272.2 165509.1 162061.6
vertex 169272.2 165843.7 162749.5
endloop
endfacet
facet normal 0 0 0
outer loop
vertex 172745.6 159868.1 159929.1
vertex 174913.1 159868.1 161243
vertex 174913.1 157763.8 159929.1
endloop
endfacet
facet normal 0 0 0
outer loop
vertex 166508.3 165509.1 159929.1
vertex 169272.2 165509.1 162061.6
vertex 169272.2 163005.2 159929.1
endloop
endfacet
facet normal 0 0 0
outer loop
vertex 175653.4 157047.7 159929.1
vertex 177733.6 157047.7 161010.7
vertex 177733.6 154728.6 159929.1
endloop
endfacet
facet normal 0 0 0
outer loop
vertex 169645.7 162688.6 159929.1
vertex 172092.7 162688.6 161650.8
vertex 172092.7 160479.5 159929.1
endloop
endfacet
facet normal 0 0 0
outer loop
vertex 176982 159868.1 162749.5
vertex 174913.1 159868.1 161243
vertex 174913.1 161693 162749.5
endloop
endfacet
facet normal 0 0 0
outer loop
vertex 180554.1 154227.2 161148.2
vertex 177733.6 157047.7 161010.7
vertex 180244 157047.7 162749.5
endloop
endfacet
facet normal 0 0 0
outer loop
vertex 180554.1 156805.6 162749.5
vertex 180554.1 154227.2 161148.2
vertex 180244 157047.7 162749.5
endloop
endfacet
facet normal 0 0 0
outer loop
vertex 177733.6 154728.6 159929.1
vertex 177733.6 157047.7 161010.7
vertex 180554.1 154227.2 161148.2
endloop
endfacet
facet normal 0 0 0
outer loop
vertex 178126.1 154227.2 159929.1
vertex 177733.6 154728.6 159929.1
vertex 180554.1 154227.2 161148.2
endloop
endfacet
facet normal 0 0 0
outer loop
vertex 174913.1 159868.1 161243
vertex 172092.7 162688.6 161650.8
vertex 173783 162688.6 162749.5
endloop
endfacet
facet normal 0 0 0
outer loop
vertex 174913.1 161693 162749.5
vertex 174913.1 159868.1 161243
vertex 173783 162688.6 162749.5
endloop
endfacet
facet normal 0 0 0
outer loop
vertex 172745.6 159868.1 159929.1
vertex 172092.7 162688.6 161650.8
vertex 174913.1 159868.1 161243
endloop
endfacet
facet normal 0 0 0
outer loop
vertex 172092.7 160479.5 159929.1
vertex 172092.7 162688.6 161650.8
vertex 172745.6 159868.1 159929.1
endloop
endfacet
facet normal 0 0 0
outer loop
vertex 177733.6 157047.7 161010.7
vertex 174913.1 159868.1 161243
vertex 176982 159868.1 162749.5
endloop
endfacet
facet normal 0 0 0
outer loop
vertex 177733.6 159224.1 162749.5
vertex 177733.6 157047.7 161010.7
vertex 176982 159868.1 162749.5
endloop
endfacet
facet normal 0 0 0
outer loop
vertex 175653.4 157047.7 159929.1
vertex 174913.1 159868.1 161243
vertex 177733.6 157047.7 161010.7
endloop
endfacet
facet normal 0 0 0
outer loop
vertex 174913.1 157763.8 159929.1
vertex 174913.1 159868.1 161243
vertex 175653.4 157047.7 159929.1
endloop
endfacet
facet normal 0 0 0
outer loop
vertex 172092.7 163754.8 162749.5
vertex 169272.2 165509.1 162061.6
vertex 169581.6 165509.1 162749.5
endloop
endfacet
facet normal 0 0 0
outer loop
vertex 172092.7 162688.6 161650.8
vertex 169272.2 165509.1 162061.6
vertex 172092.7 163754.8 162749.5
endloop
endfacet
facet normal 0 0 0
outer loop
vertex 169645.7 162688.6 159929.1
vertex 169272.2 165509.1 162061.6
vertex 172092.7 162688.6 161650.8
endloop
endfacet
facet normal 0 0 0
outer loop
vertex 169272.2 163005.2 159929.1
vertex 169272.2 165509.1 162061.6
vertex 169645.7 162688.6 159929.1
endloop
endfacet
facet normal 0 0 0
outer loop
vertex 180244 157047.7 162749.5
vertex 177733.6 157047.7 161010.7
vertex 177733.6 159224.1 162749.5
endloop
endfacet
facet normal 0 0 0
outer loop
vertex 173783 162688.6 162749.5
vertex 172092.7 162688.6 161650.8
vertex 172092.7 163754.8 162749.5
endloop
endfacet
facet normal 0 0 0
outer loop
vertex 183281.5 154227.2 162749.5
vertex 180554.1 154227.2 161148.2
vertex 180554.1 156805.6 162749.5
endloop
endfacet
facet normal 0 0 0
outer loop
vertex 163631.2 167064.9 159929.1
vertex 166451.7 168329.5 162364.8
vertex 166451.7 165555.1 159929.1
endloop
endfacet
facet normal 0 0 0
outer loop
vertex 163631.2 168329.5 161609.3
vertex 166451.7 168329.5 162364.8
vertex 163631.2 167064.9 159929.1
endloop
endfacet
facet normal 0 0 0
outer loop
vertex 166508.3 165509.1 159929.1
vertex 166451.7 168329.5 162364.8
vertex 167955.6 168329.5 162749.5
endloop
endfacet
facet normal 0 0 0
outer loop
vertex 169272.2 165509.1 162061.6
vertex 166508.3 165509.1 159929.1
vertex 167955.6 168329.5 162749.5
endloop
endfacet
facet normal 0 0 0
outer loop
vertex 169272.2 165843.7 162749.5
vertex 169272.2 165509.1 162061.6
vertex 167955.6 168329.5 162749.5
endloop
endfacet
facet normal 0 0 0
outer loop
vertex 166451.7 165555.1 159929.1
vertex 166451.7 168329.5 162364.8
vertex 166508.3 165509.1 159929.1
endloop
endfacet
facet normal 0 0 0
outer loop
vertex 166451.7 168329.5 162364.8
vertex 163631.2 168329.5 161609.3
vertex 163631.2 168910.8 162749.5
endloop
endfacet
facet normal 0 0 0
outer loop
vertex 163631.2 168910.8 162749.5
vertex 166451.7 168849.6 162749.5
vertex 166451.7 168329.5 162364.8
endloop
endfacet
facet normal 0 0 0
outer loop
vertex 167955.6 168329.5 162749.5
vertex 166451.7 168329.5 162364.8
vertex 166451.7 168849.6 162749.5
endloop
endfacet
facet normal 0 0 0
outer loop
vertex 180244 157047.7 162749.5
vertex 180554.1 157047.7 162961.9
vertex 180554.1 156805.6 162749.5
endloop
endfacet
facet normal 0 0 0
outer loop
vertex 176982 159868.1 162749.5
vertex 177733.6 159868.1 163430
vertex 177733.6 159224.1 162749.5
endloop
endfacet
facet normal 0 0 0
outer loop
vertex 180554.1 157047.7 162961.9
vertex 180554.1 159868.1 165421.3
vertex 180864 159868.1 165570
endloop
endfacet
facet normal 0 0 0
outer loop
vertex 183374.5 158028.2 165570
vertex 180554.1 157047.7 162961.9
vertex 180864 159868.1 165570
endloop
endfacet
facet normal 0 0 0
outer loop
vertex 183374.5 157047.7 164707.5
vertex 180554.1 157047.7 162961.9
vertex 183374.5 158028.2 165570
endloop
endfacet
facet normal 0 0 0
outer loop
vertex 172092.7 165509.1 164841.8
vertex 169272.2 168329.5 163952.2
vertex 170385.4 168329.5 165570
endloop
endfacet
facet normal 0 0 0
outer loop
vertex 172092.7 166224.5 165570
vertex 172092.7 165509.1 164841.8
vertex 170385.4 168329.5 165570
endloop
endfacet
facet normal 0 0 0
outer loop
vertex 169581.6 165509.1 162749.5
vertex 169272.2 168329.5 163952.2
vertex 172092.7 165509.1 164841.8
endloop
endfacet
facet normal 0 0 0
outer loop
vertex 169272.2 165843.7 162749.5
vertex 169272.2 168329.5 163952.2
vertex 169581.6 165509.1 162749.5
endloop
endfacet
facet normal 0 0 0
outer loop
vertex 184369.7 157047.7 165570
vertex 183374.5 157047.7 164707.5
vertex 183374.5 158028.2 165570
endloop
endfacet
facet normal 0 0 0
outer loop
vertex 173973.2 165509.1 165570
vertex 172092.7 165509.1 164841.8
vertex 172092.7 166224.5 165570
endloop
endfacet
facet normal 0 0 0
outer loop
vertex 180554.1 159868.1 165421.3
vertex 180554.1 157047.7 162961.9
vertex 180244 157047.7 162749.5
endloop
endfacet
facet normal 0 0 0
outer loop
vertex 177733.6 159868.1 163430
vertex 180554.1 159868.1 165421.3
vertex 180244 157047.7 162749.5
endloop
endfacet
facet normal 0 0 0
outer loop
vertex 177733.6 159224.1 162749.5
vertex 177733.6 159868.1 163430
vertex 180244 157047.7 162749.5
endloop
endfacet
facet normal 0 0 0
outer loop
vertex 173783 162688.6 162749.5
vertex 174913.1 162688.6 163524.3
vertex 174913.1 161693 162749.5
endloop
endfacet
facet normal 0 0 0
outer loop
vertex 170385.4 168329.5 165570
vertex 169272.2 168329.5 163952.2
vertex 169272.2 170103.8 165570
endloop
endfacet
facet normal 0 0 0
outer loop
vertex 169581.6 165509.1 162749.5
vertex 172092.7 165509.1 164841.8
vertex 172092.7 163754.8 162749.5
endloop
endfacet
facet normal 0 0 0
outer loop
vertex 183374.5 157047.7 164707.5
vertex 183374.5 154227.2 162805
vertex 183281.5 154227.2 162749.5
endloop
endfacet
facet normal 0 0 0
outer loop
vertex 180554.1 156805.6 162749.5
vertex 183374.5 157047.7 164707.5
vertex 183281.5 154227.2 162749.5
endloop
endfacet
facet normal 0 0 0
outer loop
vertex 180554.1 157047.7 162961.9
vertex 183374.5 157047.7 164707.5
vertex 180554.1 156805.6 162749.5
endloop
endfacet
facet normal 0 0 0
outer loop
vertex 174913.1 161693 162749.5
vertex 177733.6 159868.1 163430
vertex 176982 159868.1 162749.5
endloop
endfacet
facet normal 0 0 0
outer loop
vertex 174913.1 162688.6 163524.3
vertex 177733.6 159868.1 163430
vertex 174913.1 161693 162749.5
endloop
endfacet
facet normal 0 0 0
outer loop
vertex 177733.6 162688.6 165390.5
vertex 177733.6 159868.1 163430
vertex 174913.1 162688.6 163524.3
endloop
endfacet
facet normal 0 0 0
outer loop
vertex 172092.7 163754.8 162749.5
vertex 172092.7 165509.1 164841.8
vertex 173973.2 165509.1 165570
endloop
endfacet
facet normal 0 0 0
outer loop
vertex 173783 162688.6 162749.5
vertex 172092.7 163754.8 162749.5
vertex 173973.2 165509.1 165570
endloop
endfacet
facet normal 0 0 0
outer loop
vertex 174913.1 162688.6 163524.3
vertex 173783 162688.6 162749.5
vertex 173973.2 165509.1 165570
endloop
endfacet
facet normal 0 0 0
outer loop
vertex 174913.1 164937.4 165570
vertex 174913.1 162688.6 163524.3
vertex 173973.2 165509.1 165570
endloop
endfacet
facet normal 0 0 0
outer loop
vertex 186195 155090.3 165570
vertex 183374.5 157047.7 164707.5
vertex 184369.7 157047.7 165570
endloop
endfacet
facet normal 0 0 0
outer loop
vertex 183374.5 154227.2 162805
vertex 183374.5 157047.7 164707.5
vertex 186195 155090.3 165570
endloop
endfacet
facet normal 0 0 0
outer loop
vertex 186195 154227.2 164983.1
vertex 183374.5 154227.2 162805
vertex 186195 155090.3 165570
endloop
endfacet
facet normal 0 0 0
outer loop
vertex 167955.6 168329.5 162749.5
vertex 169272.2 168329.5 163952.2
vertex 169272.2 165843.7 162749.5
endloop
endfacet
facet normal 0 0 0
outer loop
vertex 177733.6 159868.1 163430
vertex 177733.6 162688.6 165390.5
vertex 178119.2 162688.6 165570
endloop
endfacet
facet normal 0 0 0
outer loop
vertex 180554.1 160056.6 165570
vertex 177733.6 159868.1 163430
vertex 178119.2 162688.6 165570
endloop
endfacet
facet normal 0 0 0
outer loop
vertex 180554.1 159868.1 165421.3
vertex 177733.6 159868.1 163430
vertex 180554.1 160056.6 165570
endloop
endfacet
facet normal 0 0 0
outer loop
vertex 166451.7 170372.4 165570
vertex 163631.2 168910.8 162749.5
vertex 163631.2 170378.2 165570
endloop
endfacet
facet normal 0 0 0
outer loop
vertex 166451.7 168849.6 162749.5
vertex 163631.2 168910.8 162749.5
vertex 166451.7 170372.4 165570
endloop
endfacet
facet normal 0 0 0
outer loop
vertex 177733.6 163066 165570
vertex 174913.1 162688.6 163524.3
vertex 174913.1 164937.4 165570
endloop
endfacet
facet normal 0 0 0
outer loop
vertex 177733.6 162688.6 165390.5
vertex 174913.1 162688.6 163524.3
vertex 177733.6 163066 165570
endloop
endfacet
facet normal 0 0 0
outer loop
vertex 178119.2 162688.6 165570
vertex 177733.6 162688.6 165390.5
vertex 177733.6 163066 165570
endloop
endfacet
facet normal 0 0 0
outer loop
vertex 167955.6 168329.5 162749.5
vertex 166451.7 168849.6 162749.5
vertex 166451.7 170372.4 165570
endloop
endfacet
facet normal 0 0 0
outer loop
vertex 169272.2 168329.5 163952.2
vertex 167955.6 168329.5 162749.5
vertex 166451.7 170372.4 165570
endloop
endfacet
facet normal 0 0 0
outer loop
vertex 169272.2 170103.8 165570
vertex 169272.2 168329.5 163952.2
vertex 166451.7 170372.4 165570
endloop
endfacet
facet normal 0 0 0
outer loop
vertex 180864 159868.1 165570
vertex 180554.1 159868.1 165421.3
vertex 180554.1 160056.6 165570
endloop
endfacet
facet normal 0 0 0
outer loop
vertex 129419.4 126022.5 165570
vertex 129785.6 126022.5 165013.3
vertex 129785.6 125809 165570
endloop
endfacet
facet normal 0 0 0
outer loop
vertex 118503.8 159868.1 162364.6
vertex 118503.8 154227.2 162215.9
vertex 119505.7 154227.2 165570
endloop
endfacet
facet normal 0 0 0
outer loop
vertex 146708.4 169548.9 159929.1
vertex 141067.5 169929.2 159929.1
vertex 141067.5 168279.6 165570
endloop
endfacet
facet normal 0 0 0
outer loop
vertex 119505.7 154227.2 165570
vertex 120335 159868.1 165570
vertex 118503.8 159868.1 162364.6
endloop
endfacet
facet normal 0 0 0
outer loop
vertex 141067.5 168279.6 165570
vertex 146708.4 168419.4 165570
vertex 146708.4 169548.9 159929.1
endloop
endfacet
facet normal 0 0 0
outer loop
vertex 132780.7 126022.5 159929.1
vertex 135426.6 124962.7 159929.1
vertex 135426.6 123412.8 165570
endloop
endfacet
facet normal 0 0 0
outer loop
vertex 129785.6 126022.5 165013.3
vertex 132780.7 126022.5 159929.1
vertex 135426.6 123412.8 165570
endloop
endfacet
facet normal 0 0 0
outer loop
vertex 129785.6 125809 165570
vertex 129785.6 126022.5 165013.3
vertex 135426.6 123412.8 165570
endloop
endfacet
facet normal 0 0 0
outer loop
vertex 152349.4 169016.2 165570
vertex 146708.4 169548.9 159929.1
vertex 146708.4 168419.4 165570
endloop
endfacet
facet normal 0 0 0
outer loop
vertex 152349.4 169144.2 159929.1
vertex 146708.4 169548.9 159929.1
vertex 152349.4 169016.2 165570
endloop
endfacet
facet normal 0 0 0
outer loop
vertex 174913.1 127291.6 159929.1
vertex 174913.1 126022.5 161392.8
vertex 171815.4 126022.5 159929.1
endloop
endfacet
facet normal 0 0 0
outer loop
vertex 135426.6 123412.8 165570
vertex 141067.5 123474.2 159929.1
vertex 141067.5 122156.6 165570
endloop
endfacet
facet normal 0 0 0
outer loop
vertex 135426.6 124962.7 159929.1
vertex 141067.5 123474.2 159929.1
vertex 135426.6 123412.8 165570
endloop
endfacet
facet normal 0 0 0
outer loop
vertex 180554.1 126022.5 164304.3
vertex 174913.1 126022.5 161392.8
vertex 174913.1 127291.6 159929.1
endloop
endfacet
facet normal 0 0 0
outer loop
vertex 174913.1 127291.6 159929.1
vertex 180554.1 130473.3 159929.1
vertex 180554.1 126022.5 164304.3
endloop
endfacet
facet normal 0 0 0
outer loop
vertex 157990.3 168749.8 159929.1
vertex 152349.4 169144.2 159929.1
vertex 152349.4 169016.2 165570
endloop
endfacet
facet normal 0 0 0
outer loop
vertex 152349.4 169016.2 165570
vertex 157990.3 170116.5 165570
vertex 157990.3 168749.8 159929.1
endloop
endfacet
facet normal 0 0 0
outer loop
vertex 123948.1 131663.4 165570
vertex 124144.7 131663.4 165203.9
vertex 124144.7 131338 165570
endloop
endfacet
facet normal 0 0 0
outer loop
vertex 182955 126022.5 165570
vertex 186195 131663.4 162548.2
vertex 186195 127581.8 165570
endloop
endfacet
facet normal 0 0 0
outer loop
vertex 181978.6 131663.4 159929.1
vertex 186195 131663.4 162548.2
vertex 182955 126022.5 165570
endloop
endfacet
facet normal 0 0 0
outer loop
vertex 180554.1 130473.3 159929.1
vertex 181978.6 131663.4 159929.1
vertex 182955 126022.5 165570
endloop
endfacet
facet normal 0 0 0
outer loop
vertex 180554.1 126022.5 164304.3
vertex 180554.1 130473.3 159929.1
vertex 182955 126022.5 165570
endloop
endfacet
facet normal 0 0 0
outer loop
vertex 124144.7 131338 165570
vertex 129785.6 126022.5 165013.3
vertex 129419.4 126022.5 165570
endloop
endfacet
facet normal 0 0 0
outer loop
vertex 126989.7 131663.4 159929.1
vertex 129785.6 126022.5 165013.3
vertex 124144.7 131338 165570
endloop
endfacet
facet normal 0 0 0
outer loop
vertex 124144.7 131663.4 165203.9
vertex 126989.7 131663.4 159929.1
vertex 124144.7 131338 165570
endloop
endfacet
facet normal 0 0 0
outer loop
vertex 129785.6 127937.9 159929.1
vertex 129785.6 126022.5 165013.3
vertex 126989.7 131663.4 159929.1
endloop
endfacet
facet normal 0 0 0
outer loop
vertex 185444 137304.4 159929.1
vertex 186195 131663.4 162548.2
vertex 181978.6 131663.4 159929.1
endloop
endfacet
facet normal 0 0 0
outer loop
vertex 186195 137304.4 160434.2
vertex 186195 131663.4 162548.2
vertex 185444 137304.4 159929.1
endloop
endfacet
facet normal 0 0 0
outer loop
vertex 122525.2 137304.4 165570
vertex 124144.7 131663.4 165203.9
vertex 123948.1 131663.4 165570
endloop
endfacet
facet normal 0 0 0
outer loop
vertex 124144.7 137304.4 161845.9
vertex 124144.7 131663.4 165203.9
vertex 122525.2 137304.4 165570
endloop
endfacet
facet normal 0 0 0
outer loop
vertex 185930.5 142945.3 159929.1
vertex 186195 137304.4 160434.2
vertex 185444 137304.4 159929.1
endloop
endfacet
facet normal 0 0 0
outer loop
vertex 186195 142945.3 160092.9
vertex 186195 137304.4 160434.2
vertex 185930.5 142945.3 159929.1
endloop
endfacet
facet normal 0 0 0
outer loop
vertex 126989.7 131663.4 159929.1
vertex 124144.7 137304.4 161845.9
vertex 124799.6 137304.4 159929.1
endloop
endfacet
facet normal 0 0 0
outer loop
vertex 124144.7 131663.4 165203.9
vertex 124144.7 137304.4 161845.9
vertex 126989.7 131663.4 159929.1
endloop
endfacet
facet normal 0 0 0
outer loop
vertex 186195 148586.2 161594.6
vertex 186195 142945.3 160092.9
vertex 185930.5 142945.3 159929.1
endloop
endfacet
facet normal 0 0 0
outer loop
vertex 185930.5 142945.3 159929.1
vertex 183431.7 148586.2 159929.1
vertex 186195 148586.2 161594.6
endloop
endfacet
facet normal 0 0 0
outer loop
vertex 132780.7 126022.5 159929.1
vertex 129785.6 126022.5 165013.3
vertex 129785.6 127937.9 159929.1
endloop
endfacet
facet normal 0 0 0
outer loop
vertex 122202.8 142945.3 165570
vertex 124144.7 137304.4 161845.9
vertex 122525.2 137304.4 165570
endloop
endfacet
facet normal 0 0 0
outer loop
vertex 124144.7 139819.3 159929.1
vertex 124144.7 137304.4 161845.9
vertex 122202.8 142945.3 165570
endloop
endfacet
facet normal 0 0 0
outer loop
vertex 123400 142945.3 159929.1
vertex 124144.7 139819.3 159929.1
vertex 122202.8 142945.3 165570
endloop
endfacet
facet normal 0 0 0
outer loop
vertex 124799.6 137304.4 159929.1
vertex 124144.7 137304.4 161845.9
vertex 124144.7 139819.3 159929.1
endloop
endfacet
facet normal 0 0 0
outer loop
vertex 120804.9 148586.2 159929.1
vertex 123400 142945.3 159929.1
vertex 122202.8 142945.3 165570
endloop
endfacet
facet normal 0 0 0
outer loop
vertex 122202.8 142945.3 165570
vertex 120659.6 148586.2 165570
vertex 120804.9 148586.2 159929.1
endloop
endfacet
facet normal 0 0 0
outer loop
vertex 118503.8 152038.1 159929.1
vertex 118503.8 154227.2 162215.9
vertex 117670.2 154227.2 159929.1
endloop
endfacet
facet normal 0 0 0
outer loop
vertex 117670.2 154227.2 159929.1
vertex 118503.8 159868.1 162364.6
vertex 117123.2 159868.1 159929.1
endloop
endfacet
facet normal 0 0 0
outer loop
vertex 118503.8 154227.2 162215.9
vertex 118503.8 159868.1 162364.6
vertex 117670.2 154227.2 159929.1
endloop
endfacet
facet normal 0 0 0
outer loop
vertex 118503.8 152038.1 159929.1
vertex 120804.9 148586.2 159929.1
vertex 120659.6 148586.2 165570
endloop
endfacet
facet normal 0 0 0
outer loop
vertex 118503.8 154227.2 162215.9
vertex 118503.8 152038.1 159929.1
vertex 120659.6 148586.2 165570
endloop
endfacet
facet normal 0 0 0
outer loop
vertex 119505.7 154227.2 165570
vertex 118503.8 154227.2 162215.9
vertex 120659.6 148586.2 165570
endloop
endfacet
facet normal 0 0 0
outer loop
vertex 157990.3 170116.5 165570
vertex 161750.9 168925 162559.5
vertex 157990.3 168749.8 159929.1
endloop
endfacet
facet normal 0 0 0
outer loop
vertex 157990.3 168749.8 159929.1
vertex 161750.9 168925 162559.5
vertex 163631.2 167064.9 159929.1
endloop
endfacet
facet normal 0 0 0
outer loop
vertex 163631.2 167064.9 159929.1
vertex 161750.9 168925 162559.5
vertex 163631.2 168329.5 161609.3
endloop
endfacet
facet normal 0 0 0
outer loop
vertex 163631.2 168329.5 161609.3
vertex 161750.9 168925 162559.5
vertex 163631.2 168910.8 162749.5
endloop
endfacet
facet normal 0 0 0
outer loop
vertex 163631.2 168910.8 162749.5
vertex 161750.9 168925 162559.5
vertex 163631.2 170378.2 165570
endloop
endfacet
facet normal 0 0 0
outer loop
vertex 163631.2 170378.2 165570
vertex 161750.9 168925 162559.5
vertex 157990.3 170116.5 165570
endloop
endfacet
facet normal 0 0 0
outer loop
vertex 178126.1 154227.2 159929.1
vertex 180554.1 154227.2 161148.2
vertex 180554.1 151622.6 159929.1
endloop
endfacet
facet normal 0 0 0
outer loop
vertex 183431.7 148586.2 159929.1
vertex 183369.4 152243.4 161876.9
vertex 186195 148586.2 161594.6
endloop
endfacet
facet normal 0 0 0
outer loop
vertex 186195 148586.2 161594.6
vertex 183369.4 152243.4 161876.9
vertex 186195 154227.2 164983.1
endloop
endfacet
facet normal 0 0 0
outer loop
vertex 186195 154227.2 164983.1
vertex 183369.4 152243.4 161876.9
vertex 183374.5 154227.2 162805
endloop
endfacet
facet normal 0 0 0
outer loop
vertex 183374.5 154227.2 162805
vertex 183369.4 152243.4 161876.9
vertex 183281.5 154227.2 162749.5
endloop
endfacet
facet normal 0 0 0
outer loop
vertex 183281.5 154227.2 162749.5
vertex 183369.4 152243.4 161876.9
vertex 180554.1 154227.2 161148.2
endloop
endfacet
facet normal 0 0 0
outer loop
vertex 180554.1 154227.2 161148.2
vertex 183369.4 152243.4 161876.9
vertex 180554.1 151622.6 159929.1
endloop
endfacet
facet normal 0 0 0
outer loop
vertex 180554.1 151622.6 159929.1
vertex 183369.4 152243.4 161876.9
vertex 183431.7 148586.2 159929.1
endloop
endfacet
facet normal 0 0 0
outer loop
vertex 191835.9 137304.4 164315.1
vertex 186195 137304.4 160434.2
vertex 186195 142945.3 160092.9
endloop
endfacet
facet normal 0 0 0
outer loop
vertex 186195 142945.3 160092.9
vertex 191835.9 142945.3 164676.1
vertex 191835.9 137304.4 164315.1
endloop
endfacet
facet normal 0 0 0
outer loop
vertex 191835.9 137304.4 164315.1
vertex 191835.9 142945.3 164676.1
vertex 192845.1 142945.3 165570
endloop
endfacet
facet normal 0 0 0
outer loop
vertex 192845.1 142945.3 165570
vertex 193810.4 137304.4 165570
vertex 191835.9 137304.4 164315.1
endloop
endfacet
facet normal 0 0 0
outer loop
vertex 191835.9 145476.9 165570
vertex 186195 148586.2 161594.6
vertex 190353.3 148586.2 165570
endloop
endfacet
facet normal 0 0 0
outer loop
vertex 186195 142945.3 160092.9
vertex 186195 148586.2 161594.6
vertex 191835.9 145476.9 165570
endloop
endfacet
facet normal 0 0 0
outer loop
vertex 191835.9 142945.3 164676.1
vertex 186195 142945.3 160092.9
vertex 191835.9 145476.9 165570
endloop
endfacet
facet normal 0 0 0
outer loop
vertex 192845.1 142945.3 165570
vertex 191835.9 142945.3 164676.1
vertex 191835.9 145476.9 165570
endloop
endfacet
facet normal 0 0 0
outer loop
vertex 186195 148586.2 161594.6
vertex 186195 154227.2 164983.1
vertex 186795.9 154227.2 165570
endloop
endfacet
facet normal 0 0 0
outer loop
vertex 186795.9 154227.2 165570
vertex 190353.3 148586.2 165570
vertex 186195 148586.2 161594.6
endloop
endfacet
facet normal 0 0 0
outer loop
vertex 186795.9 154227.2 165570
vertex 186195 154227.2 164983.1
vertex 186195 155090.3 165570
endloop
endfacet
facet normal 0 0 0
outer loop
vertex 129445.4 171150 154288.1
vertex 129785.6 171150 154359.6
vertex 129785.6 171163.9 154288.1
endloop
endfacet
facet normal 0 0 0
outer loop
vertex 129785.6 171163.9 154288.1
vertex 129785.6 171150 154359.6
vertex 133959.9 171150 154288.1
endloop
endfacet
facet normal 0 0 0
outer loop
vertex 193810.4 137304.4 165570
vertex 189610.3 133616.8 164225.4
vertex 191835.9 137304.4 164315.1
endloop
endfacet
facet normal 0 0 0
outer loop
vertex 191835.9 137304.4 164315.1
vertex 189610.3 133616.8 164225.4
vertex 186195 137304.4 160434.2
endloop
endfacet
facet normal 0 0 0
outer loop
vertex 186195 137304.4 160434.2
vertex 189610.3 133616.8 164225.4
vertex 186195 131663.4 162548.2
endloop
endfacet
facet normal 0 0 0
outer loop
vertex 186195 131663.4 162548.2
vertex 189610.3 133616.8 164225.4
vertex 186195 127581.8 165570
endloop
endfacet
facet normal 0 0 0
outer loop
vertex 186195 127581.8 165570
vertex 189610.3 133616.8 164225.4
vertex 191204.8 131663.4 165570
endloop
endfacet
facet normal 0 0 0
outer loop
vertex 191204.8 131663.4 165570
vertex 189610.3 133616.8 164225.4
vertex 191835.9 132495.4 165570
endloop
endfacet
facet normal 0 0 0
outer loop
vertex 191835.9 132495.4 165570
vertex 189610.3 133616.8 164225.4
vertex 193810.4 137304.4 165570
endloop
endfacet
facet normal 0 0 0
outer loop
vertex 152349.4 121501.9 165570
vertex 145169.2 123661.4 159952.4
vertex 152349.4 125011.4 154288.1
endloop
endfacet
facet normal 0 0 0
outer loop
vertex 152349.4 125011.4 154288.1
vertex 145169.2 123661.4 159952.4
vertex 141574.8 126022.5 154288.1
endloop
endfacet
facet normal 0 0 0
outer loop
vertex 141574.8 126022.5 154288.1
vertex 145169.2 123661.4 159952.4
vertex 141067.5 126022.5 154451.5
endloop
endfacet
facet normal 0 0 0
outer loop
vertex 141067.5 126022.5 154451.5
vertex 145169.2 123661.4 159952.4
vertex 141067.5 123474.2 159929.1
endloop
endfacet
facet normal 0 0 0
outer loop
vertex 141067.5 123474.2 159929.1
vertex 145169.2 123661.4 159952.4
vertex 141067.5 122156.6 165570
endloop
endfacet
facet normal 0 0 0
outer loop
vertex 141067.5 122156.6 165570
vertex 145169.2 123661.4 159952.4
vertex 146708.4 121440.6 165570
endloop
endfacet
facet normal 0 0 0
outer loop
vertex 146708.4 121440.6 165570
vertex 145169.2 123661.4 159952.4
vertex 152349.4 121501.9 165570
endloop
endfacet
facet normal 0 0 0
outer loop
vertex 163631.2 122355.2 165570
vertex 158415.7 123867 160176.5
vertex 163631.2 126022.5 155772.8
endloop
endfacet
facet normal 0 0 0
outer loop
vertex 163631.2 126022.5 155772.8
vertex 158415.7 123867 160176.5
vertex 160542.8 126022.5 154288.1
endloop
endfacet
facet normal 0 0 0
outer loop
vertex 160542.8 126022.5 154288.1
vertex 158415.7 123867 160176.5
vertex 152349.4 125011.4 154288.1
endloop
endfacet
facet normal 0 0 0
outer loop
vertex 152349.4 125011.4 154288.1
vertex 158415.7 123867 160176.5
vertex 152349.4 121501.9 165570
endloop
endfacet
facet normal 0 0 0
outer loop
vertex 152349.4 121501.9 165570
vertex 158415.7 123867 160176.5
vertex 157990.3 122288.7 165570
endloop
endfacet
facet normal 0 0 0
outer loop
vertex 157990.3 122288.7 165570
vertex 158415.7 123867 160176.5
vertex 163631.2 122355.2 165570
endloop
endfacet
facet normal 0 0 0
outer loop
vertex 174913.1 123552 165570
vertex 169635.5 124629.3 161790.1
vertex 174913.1 126022.5 161392.8
endloop
endfacet
facet normal 0 0 0
outer loop
vertex 174913.1 126022.5 161392.8
vertex 169635.5 124629.3 161790.1
vertex 171815.4 126022.5 159929.1
endloop
endfacet
facet normal 0 0 0
outer loop
vertex 171815.4 126022.5 159929.1
vertex 169635.5 124629.3 161790.1
vertex 169272.2 126022.5 158725.8
endloop
endfacet
facet normal 0 0 0
outer loop
vertex 169272.2 126022.5 158725.8
vertex 169635.5 124629.3 161790.1
vertex 163631.2 126022.5 155772.8
endloop
endfacet
facet normal 0 0 0
outer loop
vertex 163631.2 126022.5 155772.8
vertex 169635.5 124629.3 161790.1
vertex 163631.2 122355.2 165570
endloop
endfacet
facet normal 0 0 0
outer loop
vertex 163631.2 122355.2 165570
vertex 169635.5 124629.3 161790.1
vertex 169272.2 122407.8 165570
endloop
endfacet
facet normal 0 0 0
outer loop
vertex 169272.2 122407.8 165570
vertex 169635.5 124629.3 161790.1
vertex 174913.1 123552 165570
endloop
endfacet
facet normal 0 0 0
outer loop
vertex 182955 126022.5 165570
vertex 178777.9 125346.5 164481.4
vertex 180554.1 126022.5 164304.3
endloop
endfacet
facet normal 0 0 0
outer loop
vertex 180554.1 126022.5 164304.3
vertex 178777.9 125346.5 164481.4
vertex 174913.1 126022.5 161392.8
endloop
endfacet
facet normal 0 0 0
outer loop
vertex 174913.1 126022.5 161392.8
vertex 178777.9 125346.5 164481.4
vertex 174913.1 123552 165570
endloop
endfacet
facet normal 0 0 0
outer loop
vertex 174913.1 123552 165570
vertex 178777.9 125346.5 164481.4
vertex 180554.1 125113.1 165570
endloop
endfacet
facet normal 0 0 0
outer loop
vertex 180554.1 125113.1 165570
vertex 178777.9 125346.5 164481.4
vertex 182955 126022.5 165570
endloop
endfacet
facet normal 0 0 0
outer loop
vertex 118503.8 168282.2 154288.1
vertex 117112 161971.6 157717.5
vertex 118503.8 159868.1 162364.6
endloop
endfacet
facet normal 0 0 0
outer loop
vertex 118503.8 159868.1 162364.6
vertex 117112 161971.6 157717.5
vertex 117123.2 159868.1 159929.1
endloop
endfacet
facet normal 0 0 0
outer loop
vertex 117123.2 159868.1 159929.1
vertex 117112 161971.6 157717.5
vertex 114317.5 159868.1 154288.1
endloop
endfacet
facet normal 0 0 0
outer loop
vertex 114317.5 159868.1 154288.1
vertex 117112 161971.6 157717.5
vertex 118503.8 168282.2 154288.1
endloop
endfacet
facet normal 0 0 0
outer loop
vertex 129785.6 167076.7 165570
vertex 118503.8 159868.1 162364.6
vertex 120335 159868.1 165570
endloop
endfacet
facet normal 0 0 0
outer loop
vertex 118503.8 168282.2 154288.1
vertex 118503.8 159868.1 162364.6
vertex 129785.6 167076.7 165570
endloop
endfacet
facet normal 0 0 0
outer loop
vertex 129445.4 171150 154288.1
vertex 118503.8 168282.2 154288.1
vertex 129785.6 167076.7 165570
endloop
endfacet
facet normal 0 0 0
outer loop
vertex 129785.6 171150 154359.6
vertex 129445.4 171150 154288.1
vertex 129785.6 167076.7 165570
endloop
endfacet
facet normal 0 0 0
outer loop
vertex 129785.6 167076.7 165570
vertex 136122.3 169642.5 159000.8
vertex 129785.6 171150 154359.6
endloop
endfacet
facet normal 0 0 0
outer loop
vertex 129785.6 171150 154359.6
vertex 136122.3 169642.5 159000.8
vertex 133959.9 171150 154288.1
endloop
endfacet
facet normal 0 0 0
outer loop
vertex 133959.9 171150 154288.1
vertex 136122.3 169642.5 159000.8
vertex 141067.5 170269.4 154288.1
endloop
endfacet
facet normal 0 0 0
outer loop
vertex 141067.5 170269.4 154288.1
vertex 136122.3 169642.5 159000.8
vertex 141067.5 169929.2 159929.1
endloop
endfacet
facet normal 0 0 0
outer loop
vertex 141067.5 169929.2 159929.1
vertex 136122.3 169642.5 159000.8
vertex 141067.5 168279.6 165570
endloop
endfacet
facet normal 0 0 0
outer loop
vertex 141067.5 168279.6 165570
vertex 136122.3 169642.5 159000.8
vertex 129785.6 167076.7 165570
endloop
endfacet
facet normal 0 0 0
outer loop
vertex 141574.8 126022.5 154288.1
vertex 141067.5 126022.5 154451.5
vertex 141067.5 126120.3 154288.1
endloop
endfacet
facet normal 0 0 0
outer loop
vertex 163631.2 127166.7 154288.1
vertex 163631.2 126022.5 155772.8
vertex 160542.8 126022.5 154288.1
endloop
endfacet
facet normal 0 0 0
outer loop
vertex 184369.7 157047.7 165570
vertex 186195 157047.7 167347.6
vertex 186195 155090.3 165570
endloop
endfacet
facet normal 0 0 0
outer loop
vertex 165935.3 171150 168390.5
vertex 163631.2 171150 167326
vertex 163631.2 171334.9 168390.5
endloop
endfacet
facet normal 0 0 0
outer loop
vertex 173973.2 165509.1 165570
vertex 174913.1 165509.1 166389.7
vertex 174913.1 164937.4 165570
endloop
endfacet
facet normal 0 0 0
outer loop
vertex 180864 159868.1 165570
vertex 183374.5 159868.1 167983.9
vertex 183374.5 158028.2 165570
endloop
endfacet
facet normal 0 0 0
outer loop
vertex 170385.4 168329.5 165570
vertex 169272.2 170103.8 165570
vertex 169272.2 170256.9 168390.5
endloop
endfacet
facet normal 0 0 0
outer loop
vertex 172092.7 168329.5 167370
vertex 170385.4 168329.5 165570
vertex 169272.2 170256.9 168390.5
endloop
endfacet
facet normal 0 0 0
outer loop
vertex 172092.7 168805.4 168390.5
vertex 172092.7 168329.5 167370
vertex 169272.2 170256.9 168390.5
endloop
endfacet
facet normal 0 0 0
outer loop
vertex 172769 168329.5 168390.5
vertex 172092.7 168329.5 167370
vertex 172092.7 168805.4 168390.5
endloop
endfacet
facet normal 0 0 0
outer loop
vertex 166451.7 170372.4 165570
vertex 163631.2 171150 167326
vertex 165935.3 171150 168390.5
endloop
endfacet
facet normal 0 0 0
outer loop
vertex 166451.7 171041.3 168390.5
vertex 166451.7 170372.4 165570
vertex 165935.3 171150 168390.5
endloop
endfacet
facet normal 0 0 0
outer loop
vertex 163631.2 170378.2 165570
vertex 163631.2 171150 167326
vertex 166451.7 170372.4 165570
endloop
endfacet
facet normal 0 0 0
outer loop
vertex 186195 157923.3 168390.5
vertex 183374.5 159868.1 167983.9
vertex 183641 159868.1 168390.5
endloop
endfacet
facet normal 0 0 0
outer loop
vertex 178119.2 162688.6 165570
vertex 180554.1 162688.6 167736.6
vertex 180554.1 160056.6 165570
endloop
endfacet
facet normal 0 0 0
outer loop
vertex 183374.5 158028.2 165570
vertex 183374.5 159868.1 167983.9
vertex 186195 157923.3 168390.5
endloop
endfacet
facet normal 0 0 0
outer loop
vertex 186195 157047.7 167347.6
vertex 183374.5 158028.2 165570
vertex 186195 157923.3 168390.5
endloop
endfacet
facet normal 0 0 0
outer loop
vertex 184369.7 157047.7 165570
vertex 183374.5 158028.2 165570
vertex 186195 157047.7 167347.6
endloop
endfacet
facet normal 0 0 0
outer loop
vertex 169272.2 170256.9 168390.5
vertex 166451.7 170372.4 165570
vertex 166451.7 171041.3 168390.5
endloop
endfacet
facet normal 0 0 0
outer loop
vertex 169272.2 170103.8 165570
vertex 166451.7 170372.4 165570
vertex 169272.2 170256.9 168390.5
endloop
endfacet
facet normal 0 0 0
outer loop
vertex 177733.6 163066 165570
vertex 174913.1 165509.1 166389.7
vertex 177374.5 165509.1 168390.5
endloop
endfacet
facet normal 0 0 0
outer loop
vertex 177733.6 165387.6 168390.5
vertex 177733.6 163066 165570
vertex 177374.5 165509.1 168390.5
endloop
endfacet
facet normal 0 0 0
outer loop
vertex 174913.1 164937.4 165570
vertex 174913.1 165509.1 166389.7
vertex 177733.6 163066 165570
endloop
endfacet
facet normal 0 0 0
outer loop
vertex 170385.4 168329.5 165570
vertex 172092.7 168329.5 167370
vertex 172092.7 166224.5 165570
endloop
endfacet
facet normal 0 0 0
outer loop
vertex 180554.1 162688.6 167736.6
vertex 177733.6 163066 165570
vertex 177733.6 165387.6 168390.5
endloop
endfacet
facet normal 0 0 0
outer loop
vertex 180554.1 163211.6 168390.5
vertex 180554.1 162688.6 167736.6
vertex 177733.6 165387.6 168390.5
endloop
endfacet
facet normal 0 0 0
outer loop
vertex 178119.2 162688.6 165570
vertex 177733.6 163066 165570
vertex 180554.1 162688.6 167736.6
endloop
endfacet
facet normal 0 0 0
outer loop
vertex 174913.1 166823.5 168390.5
vertex 172092.7 168329.5 167370
vertex 172769 168329.5 168390.5
endloop
endfacet
facet normal 0 0 0
outer loop
vertex 173973.2 165509.1 165570
vertex 172092.7 168329.5 167370
vertex 174913.1 166823.5 168390.5
endloop
endfacet
facet normal 0 0 0
outer loop
vertex 174913.1 165509.1 166389.7
vertex 173973.2 165509.1 165570
vertex 174913.1 166823.5 168390.5
endloop
endfacet
facet normal 0 0 0
outer loop
vertex 172092.7 166224.5 165570
vertex 172092.7 168329.5 167370
vertex 173973.2 165509.1 165570
endloop
endfacet
facet normal 0 0 0
outer loop
vertex 183374.5 159868.1 167983.9
vertex 180554.1 162688.6 167736.6
vertex 180912.2 162688.6 168390.5
endloop
endfacet
facet normal 0 0 0
outer loop
vertex 183374.5 160120 168390.5
vertex 183374.5 159868.1 167983.9
vertex 180912.2 162688.6 168390.5
endloop
endfacet
facet normal 0 0 0
outer loop
vertex 180864 159868.1 165570
vertex 180554.1 162688.6 167736.6
vertex 183374.5 159868.1 167983.9
endloop
endfacet
facet normal 0 0 0
outer loop
vertex 180554.1 160056.6 165570
vertex 180554.1 162688.6 167736.6
vertex 180864 159868.1 165570
endloop
endfacet
facet normal 0 0 0
outer loop
vertex 183641 159868.1 168390.5
vertex 183374.5 159868.1 167983.9
vertex 183374.5 160120 168390.5
endloop
endfacet
facet normal 0 0 0
outer loop
vertex 180912.2 162688.6 168390.5
vertex 180554.1 162688.6 167736.6
vertex 180554.1 163211.6 168390.5
endloop
endfacet
facet normal 0 0 0
outer loop
vertex 177374.5 165509.1 168390.5
vertex 174913.1 165509.1 166389.7
vertex 174913.1 166823.5 168390.5
endloop
endfacet
facet normal 0 0 0
outer loop
vertex 165935.3 171150 168390.5
vertex 166451.7 171150 168597.3
vertex 166451.7 171041.3 168390.5
endloop
endfacet
facet normal 0 0 0
outer loop
vertex 183641 159868.1 168390.5
vertex 186195 159868.1 170674.8
vertex 186195 157923.3 168390.5
endloop
endfacet
facet normal 0 0 0
outer loop
vertex 172092.7 169894.5 171210.9
vertex 169272.2 171150 169961.7
vertex 170271.6 171150 171210.9
endloop
endfacet
facet normal 0 0 0
outer loop
vertex 169272.2 170256.9 168390.5
vertex 169272.2 171150 169961.7
vertex 172092.7 169894.5 171210.9
endloop
endfacet
facet normal 0 0 0
outer loop
vertex 172092.7 168805.4 168390.5
vertex 169272.2 170256.9 168390.5
vertex 172092.7 169894.5 171210.9
endloop
endfacet
facet normal 0 0 0
outer loop
vertex 166451.7 171150 168597.3
vertex 169272.2 171150 169961.7
vertex 169272.2 170256.9 168390.5
endloop
endfacet
facet normal 0 0 0
outer loop
vertex 169272.2 170256.9 168390.5
vertex 166451.7 171041.3 168390.5
vertex 166451.7 171150 168597.3
endloop
endfacet
facet normal 0 0 0
outer loop
vertex 165935.3 171150 168390.5
vertex 163631.2 171334.9 168390.5
vertex 163631.2 171595.2 171210.9
endloop
endfacet
facet normal 0 0 0
outer loop
vertex 166451.7 171931.4 171210.9
vertex 165935.3 171150 168390.5
vertex 163631.2 171595.2 171210.9
endloop
endfacet
facet normal 0 0 0
outer loop
vertex 166451.7 171150 168597.3
vertex 165935.3 171150 168390.5
vertex 166451.7 171931.4 171210.9
endloop
endfacet
facet normal 0 0 0
outer loop
vertex 172769 168329.5 168390.5
vertex 172092.7 168805.4 168390.5
vertex 172092.7 169894.5 171210.9
endloop
endfacet
facet normal 0 0 0
outer loop
vertex 172092.7 169894.5 171210.9
vertex 174882.9 168329.5 171210.9
vertex 172769 168329.5 168390.5
endloop
endfacet
facet normal 0 0 0
outer loop
vertex 174913.1 166823.5 168390.5
vertex 172769 168329.5 168390.5
vertex 174882.9 168329.5 171210.9
endloop
endfacet
facet normal 0 0 0
outer loop
vertex 174882.9 168329.5 171210.9
vertex 174913.1 168312.3 171210.9
vertex 174913.1 166823.5 168390.5
endloop
endfacet
facet normal 0 0 0
outer loop
vertex 177374.5 165509.1 168390.5
vertex 177733.6 165509.1 168723.5
vertex 177733.6 165387.6 168390.5
endloop
endfacet
facet normal 0 0 0
outer loop
vertex 169272.2 171150 169961.7
vertex 166451.7 171150 168597.3
vertex 166451.7 171931.4 171210.9
endloop
endfacet
facet normal 0 0 0
outer loop
vertex 166451.7 171931.4 171210.9
vertex 169272.2 171627.8 171210.9
vertex 169272.2 171150 169961.7
endloop
endfacet
facet normal 0 0 0
outer loop
vertex 170271.6 171150 171210.9
vertex 169272.2 171150 169961.7
vertex 169272.2 171627.8 171210.9
endloop
endfacet
facet normal 0 0 0
outer loop
vertex 180554.1 163211.6 168390.5
vertex 177733.6 165509.1 168723.5
vertex 179309.4 165509.1 171210.9
endloop
endfacet
facet normal 0 0 0
outer loop
vertex 180554.1 164685.4 171210.9
vertex 180554.1 163211.6 168390.5
vertex 179309.4 165509.1 171210.9
endloop
endfacet
facet normal 0 0 0
outer loop
vertex 177733.6 165387.6 168390.5
vertex 177733.6 165509.1 168723.5
vertex 180554.1 163211.6 168390.5
endloop
endfacet
facet normal 0 0 0
outer loop
vertex 183374.5 160120 168390.5
vertex 180912.2 162688.6 168390.5
vertex 183179.2 162688.6 171210.9
endloop
endfacet
facet normal 0 0 0
outer loop
vertex 183179.2 162688.6 171210.9
vertex 183374.5 162514 171210.9
vertex 183374.5 160120 168390.5
endloop
endfacet
facet normal 0 0 0
outer loop
vertex 183641 159868.1 168390.5
vertex 183374.5 160120 168390.5
vertex 183374.5 162514 171210.9
endloop
endfacet
facet normal 0 0 0
outer loop
vertex 186195 159868.1 170674.8
vertex 183641 159868.1 168390.5
vertex 183374.5 162514 171210.9
endloop
endfacet
facet normal 0 0 0
outer loop
vertex 186195 160367.3 171210.9
vertex 186195 159868.1 170674.8
vertex 183374.5 162514 171210.9
endloop
endfacet
facet normal 0 0 0
outer loop
vertex 180912.2 162688.6 168390.5
vertex 180554.1 163211.6 168390.5
vertex 180554.1 164685.4 171210.9
endloop
endfacet
facet normal 0 0 0
outer loop
vertex 180554.1 164685.4 171210.9
vertex 183179.2 162688.6 171210.9
vertex 180912.2 162688.6 168390.5
endloop
endfacet
facet normal 0 0 0
outer loop
vertex 177733.6 166568.7 171210.9
vertex 174913.1 166823.5 168390.5
vertex 174913.1 168312.3 171210.9
endloop
endfacet
facet normal 0 0 0
outer loop
vertex 177374.5 165509.1 168390.5
vertex 174913.1 166823.5 168390.5
vertex 177733.6 166568.7 171210.9
endloop
endfacet
facet normal 0 0 0
outer loop
vertex 177733.6 165509.1 168723.5
vertex 177374.5 165509.1 168390.5
vertex 177733.6 166568.7 171210.9
endloop
endfacet
facet normal 0 0 0
outer loop
vertex 179309.4 165509.1 171210.9
vertex 177733.6 165509.1 168723.5
vertex 177733.6 166568.7 171210.9
endloop
endfacet
facet normal 0 0 0
outer loop
vertex 120659.6 148586.2 165570
vertex 122202.8 142945.3 165570
vertex 119656.5 142945.3 171210.9
endloop
endfacet
facet normal 0 0 0
outer loop
vertex 119656.5 142945.3 171210.9
vertex 119899.4 148586.2 171210.9
vertex 120659.6 148586.2 165570
endloop
endfacet
facet normal 0 0 0
outer loop
vertex 146708.4 165509.1 170810.4
vertex 141067.5 165509.1 170506.4
vertex 141067.5 164987.6 171210.9
endloop
endfacet
facet normal 0 0 0
outer loop
vertex 141067.5 164987.6 171210.9
vertex 146708.4 165180.3 171210.9
vertex 146708.4 165509.1 170810.4
endloop
endfacet
facet normal 0 0 0
outer loop
vertex 129419.4 126022.5 165570
vertex 129785.6 125809 165570
vertex 129785.6 124770.7 171210.9
endloop
endfacet
facet normal 0 0 0
outer loop
vertex 129785.6 124770.7 171210.9
vertex 127025.8 126022.5 171210.9
vertex 129419.4 126022.5 165570
endloop
endfacet
facet normal 0 0 0
outer loop
vertex 197476.9 142945.3 168240.8
vertex 197476.9 148586.2 169921.1
vertex 200731.6 148586.2 171210.9
endloop
endfacet
facet normal 0 0 0
outer loop
vertex 203117.8 144906.3 171210.9
vertex 197476.9 142945.3 168240.8
vertex 200731.6 148586.2 171210.9
endloop
endfacet
facet normal 0 0 0
outer loop
vertex 203117.8 142945.3 170825.9
vertex 197476.9 142945.3 168240.8
vertex 203117.8 144906.3 171210.9
endloop
endfacet
facet normal 0 0 0
outer loop
vertex 149640.1 165509.1 171210.9
vertex 146708.4 165509.1 170810.4
vertex 146708.4 165180.3 171210.9
endloop
endfacet
facet normal 0 0 0
outer loop
vertex 119505.7 154227.2 165570
vertex 120659.6 148586.2 165570
vertex 119899.4 148586.2 171210.9
endloop
endfacet
facet normal 0 0 0
outer loop
vertex 203855.2 142945.3 171210.9
vertex 203117.8 142945.3 170825.9
vertex 203117.8 144906.3 171210.9
endloop
endfacet
facet normal 0 0 0
outer loop
vertex 119899.4 148586.2 171210.9
vertex 121334.4 154227.2 171210.9
vertex 119505.7 154227.2 165570
endloop
endfacet
facet normal 0 0 0
outer loop
vertex 129785.6 124770.7 171210.9
vertex 135426.6 123412.8 165570
vertex 135426.6 122878.1 171210.9
endloop
endfacet
facet normal 0 0 0
outer loop
vertex 129785.6 125809 165570
vertex 135426.6 123412.8 165570
vertex 129785.6 124770.7 171210.9
endloop
endfacet
facet normal 0 0 0
outer loop
vertex 141067.5 165509.1 170506.4
vertex 146708.4 165509.1 170810.4
vertex 146708.4 168419.4 165570
endloop
endfacet
facet normal 0 0 0
outer loop
vertex 146708.4 168419.4 165570
vertex 141067.5 168279.6 165570
vertex 141067.5 165509.1 170506.4
endloop
endfacet
facet normal 0 0 0
outer loop
vertex 191835.9 154227.2 169735.6
vertex 191835.9 148586.2 166976.2
vertex 190353.3 148586.2 165570
endloop
endfacet
facet normal 0 0 0
outer loop
vertex 190353.3 148586.2 165570
vertex 186795.9 154227.2 165570
vertex 191835.9 154227.2 169735.6
endloop
endfacet
facet normal 0 0 0
outer loop
vertex 135426.6 122878.1 171210.9
vertex 141067.5 122156.6 165570
vertex 141067.5 121679.1 171210.9
endloop
endfacet
facet normal 0 0 0
outer loop
vertex 135426.6 123412.8 165570
vertex 141067.5 122156.6 165570
vertex 135426.6 122878.1 171210.9
endloop
endfacet
facet normal 0 0 0
outer loop
vertex 120335 159868.1 165570
vertex 119505.7 154227.2 165570
vertex 121334.4 154227.2 171210.9
endloop
endfacet
facet normal 0 0 0
outer loop
vertex 124144.7 159868.1 170934.7
vertex 120335 159868.1 165570
vertex 121334.4 154227.2 171210.9
endloop
endfacet
facet normal 0 0 0
outer loop
vertex 124144.7 159581.1 171210.9
vertex 124144.7 159868.1 170934.7
vertex 121334.4 154227.2 171210.9
endloop
endfacet
facet normal 0 0 0
outer loop
vertex 141067.5 121679.1 171210.9
vertex 146708.4 121440.6 165570
vertex 146708.4 120892 171210.9
endloop
endfacet
facet normal 0 0 0
outer loop
vertex 146708.4 168419.4 165570
vertex 146708.4 165509.1 170810.4
vertex 149640.1 165509.1 171210.9
endloop
endfacet
facet normal 0 0 0
outer loop
vertex 141067.5 122156.6 165570
vertex 146708.4 121440.6 165570
vertex 141067.5 121679.1 171210.9
endloop
endfacet
facet normal 0 0 0
outer loop
vertex 152349.4 169016.2 165570
vertex 146708.4 168419.4 165570
vertex 149640.1 165509.1 171210.9
endloop
endfacet
facet normal 0 0 0
outer loop
vertex 191835.9 148586.2 166976.2
vertex 191835.9 154227.2 169735.6
vertex 194666.8 154227.2 171210.9
endloop
endfacet
facet normal 0 0 0
outer loop
vertex 152349.4 166139.2 171210.9
vertex 152349.4 169016.2 165570
vertex 149640.1 165509.1 171210.9
endloop
endfacet
facet normal 0 0 0
outer loop
vertex 124401.3 159868.1 171210.9
vertex 124144.7 159868.1 170934.7
vertex 124144.7 159581.1 171210.9
endloop
endfacet
facet normal 0 0 0
outer loop
vertex 197476.9 151741 171210.9
vertex 191835.9 148586.2 166976.2
vertex 194666.8 154227.2 171210.9
endloop
endfacet
facet normal 0 0 0
outer loop
vertex 197476.9 148586.2 169921.1
vertex 191835.9 148586.2 166976.2
vertex 197476.9 151741 171210.9
endloop
endfacet
facet normal 0 0 0
outer loop
vertex 146708.4 121440.6 165570
vertex 152349.4 121501.9 165570
vertex 152349.4 121180 171210.9
endloop
endfacet
facet normal 0 0 0
outer loop
vertex 152349.4 121180 171210.9
vertex 146708.4 120892 171210.9
vertex 146708.4 121440.6 165570
endloop
endfacet
facet normal 0 0 0
outer loop
vertex 157990.3 169081.3 171210.9
vertex 152349.4 169016.2 165570
vertex 152349.4 166139.2 171210.9
endloop
endfacet
facet normal 0 0 0
outer loop
vertex 157990.3 170116.5 165570
vertex 152349.4 169016.2 165570
vertex 157990.3 169081.3 171210.9
endloop
endfacet
facet normal 0 0 0
outer loop
vertex 152349.4 121501.9 165570
vertex 157990.3 122288.7 165570
vertex 157990.3 121593 171210.9
endloop
endfacet
facet normal 0 0 0
outer loop
vertex 157990.3 121593 171210.9
vertex 152349.4 121180 171210.9
vertex 152349.4 121501.9 165570
endloop
endfacet
facet normal 0 0 0
outer loop
vertex 186195 127581.8 165570
vertex 186195 126022.5 167296.6
vertex 182955 126022.5 165570
endloop
endfacet
facet normal 0 0 0
outer loop
vertex 187098.1 159868.1 171210.9
vertex 187793.2 156862 168713.8
vertex 186195 159868.1 170674.8
endloop
endfacet
facet normal 0 0 0
outer loop
vertex 186195 159868.1 170674.8
vertex 187793.2 156862 168713.8
vertex 186195 157923.3 168390.5
endloop
endfacet
facet normal 0 0 0
outer loop
vertex 186195 157923.3 168390.5
vertex 187793.2 156862 168713.8
vertex 186195 157047.7 167347.6
endloop
endfacet
facet normal 0 0 0
outer loop
vertex 186195 157047.7 167347.6
vertex 187793.2 156862 168713.8
vertex 186195 155090.3 165570
endloop
endfacet
facet normal 0 0 0
outer loop
vertex 186195 155090.3 165570
vertex 187793.2 156862 168713.8
vertex 186795.9 154227.2 165570
endloop
endfacet
facet normal 0 0 0
outer loop
vertex 186795.9 154227.2 165570
vertex 187793.2 156862 168713.8
vertex 191835.9 154227.2 169735.6
endloop
endfacet
facet normal 0 0 0
outer loop
vertex 191835.9 154227.2 169735.6
vertex 187793.2 156862 168713.8
vertex 191835.9 156644.2 171210.9
endloop
endfacet
facet normal 0 0 0
outer loop
vertex 191835.9 156644.2 171210.9
vertex 187793.2 156862 168713.8
vertex 187098.1 159868.1 171210.9
endloop
endfacet
facet normal 0 0 0
outer loop
vertex 157990.3 122288.7 165570
vertex 163631.2 122355.2 165570
vertex 163631.2 121624.9 171210.9
endloop
endfacet
facet normal 0 0 0
outer loop
vertex 163631.2 121624.9 171210.9
vertex 157990.3 121593 171210.9
vertex 157990.3 122288.7 165570
endloop
endfacet
facet normal 0 0 0
outer loop
vertex 162035 171150 171210.9
vertex 157990.3 170116.5 165570
vertex 157990.3 169081.3 171210.9
endloop
endfacet
facet normal 0 0 0
outer loop
vertex 163631.2 171150 167326
vertex 157990.3 170116.5 165570
vertex 162035 171150 171210.9
endloop
endfacet
facet normal 0 0 0
outer loop
vertex 163631.2 170378.2 165570
vertex 157990.3 170116.5 165570
vertex 163631.2 171150 167326
endloop
endfacet
facet normal 0 0 0
outer loop
vertex 194666.8 154227.2 171210.9
vertex 191835.9 154227.2 169735.6
vertex 191835.9 156644.2 171210.9
endloop
endfacet
facet normal 0 0 0
outer loop
vertex 163631.2 122355.2 165570
vertex 169272.2 122407.8 165570
vertex 169272.2 121794.8 171210.9
endloop
endfacet
facet normal 0 0 0
outer loop
vertex 169272.2 121794.8 171210.9
vertex 163631.2 121624.9 171210.9
vertex 163631.2 122355.2 165570
endloop
endfacet
facet normal 0 0 0
outer loop
vertex 200731.6 148586.2 171210.9
vertex 197476.9 148586.2 169921.1
vertex 197476.9 151741 171210.9
endloop
endfacet
facet normal 0 0 0
outer loop
vertex 169272.2 122407.8 165570
vertex 174913.1 123552 165570
vertex 174913.1 121771.1 171210.9
endloop
endfacet
facet normal 0 0 0
outer loop
vertex 174913.1 121771.1 171210.9
vertex 169272.2 121794.8 171210.9
vertex 169272.2 122407.8 165570
endloop
endfacet
facet normal 0 0 0
outer loop
vertex 187098.1 159868.1 171210.9
vertex 186195 159868.1 170674.8
vertex 186195 160367.3 171210.9
endloop
endfacet
facet normal 0 0 0
outer loop
vertex 186195 123675.4 171210.9
vertex 191835.9 126022.5 170320.9
vertex 191835.9 125349.2 171210.9
endloop
endfacet
facet normal 0 0 0
outer loop
vertex 186195 126022.5 167296.6
vertex 191835.9 126022.5 170320.9
vertex 186195 123675.4 171210.9
endloop
endfacet
facet normal 0 0 0
outer loop
vertex 174913.1 123552 165570
vertex 180554.1 125113.1 165570
vertex 180554.1 122253.5 171210.9
endloop
endfacet
facet normal 0 0 0
outer loop
vertex 180554.1 122253.5 171210.9
vertex 174913.1 121771.1 171210.9
vertex 174913.1 123552 165570
endloop
endfacet
facet normal 0 0 0
outer loop
vertex 191835.9 125349.2 171210.9
vertex 191835.9 126022.5 170320.9
vertex 193863.8 126022.5 171210.9
endloop
endfacet
facet normal 0 0 0
outer loop
vertex 162035 171150 171210.9
vertex 163232.2 171307.5 169534.6
vertex 163631.2 171150 167326
endloop
endfacet
facet normal 0 0 0
outer loop
vertex 163631.2 171150 167326
vertex 163232.2 171307.5 169534.6
vertex 163631.2 171334.9 168390.5
endloop
endfacet
facet normal 0 0 0
outer loop
vertex 163631.2 171334.9 168390.5
vertex 163232.2 171307.5 169534.6
vertex 163631.2 171595.2 171210.9
endloop
endfacet
facet normal 0 0 0
outer loop
vertex 163631.2 171595.2 171210.9
vertex 163232.2 171307.5 169534.6
vertex 162035 171150 171210.9
endloop
endfacet
facet normal 0 0 0
outer loop
vertex 191835.9 126022.5 170320.9
vertex 186195 126022.5 167296.6
vertex 186195 127581.8 165570
endloop
endfacet
facet normal 0 0 0
outer loop
vertex 182955 126022.5 165570
vertex 186195 126022.5 167296.6
vertex 186195 123675.4 171210.9
endloop
endfacet
facet normal 0 0 0
outer loop
vertex 191204.8 131663.4 165570
vertex 191835.9 126022.5 170320.9
vertex 186195 127581.8 165570
endloop
endfacet
facet normal 0 0 0
outer loop
vertex 180554.1 122253.5 171210.9
vertex 182955 126022.5 165570
vertex 186195 123675.4 171210.9
endloop
endfacet
facet normal 0 0 0
outer loop
vertex 191835.9 131663.4 165923.2
vertex 191835.9 126022.5 170320.9
vertex 191204.8 131663.4 165570
endloop
endfacet
facet normal 0 0 0
outer loop
vertex 180554.1 125113.1 165570
vertex 182955 126022.5 165570
vertex 180554.1 122253.5 171210.9
endloop
endfacet
facet normal 0 0 0
outer loop
vertex 193863.8 126022.5 171210.9
vertex 197476.9 131663.4 168900.7
vertex 197476.9 127920.1 171210.9
endloop
endfacet
facet normal 0 0 0
outer loop
vertex 191835.9 131663.4 165923.2
vertex 197476.9 131663.4 168900.7
vertex 193863.8 126022.5 171210.9
endloop
endfacet
facet normal 0 0 0
outer loop
vertex 120748.6 131663.4 171210.9
vertex 124144.7 131338 165570
vertex 124144.7 127960.4 171210.9
endloop
endfacet
facet normal 0 0 0
outer loop
vertex 191835.9 126022.5 170320.9
vertex 191835.9 131663.4 165923.2
vertex 193863.8 126022.5 171210.9
endloop
endfacet
facet normal 0 0 0
outer loop
vertex 123948.1 131663.4 165570
vertex 124144.7 131338 165570
vertex 120748.6 131663.4 171210.9
endloop
endfacet
facet normal 0 0 0
outer loop
vertex 191835.9 132495.4 165570
vertex 191835.9 131663.4 165923.2
vertex 191204.8 131663.4 165570
endloop
endfacet
facet normal 0 0 0
outer loop
vertex 124144.7 127960.4 171210.9
vertex 129419.4 126022.5 165570
vertex 127025.8 126022.5 171210.9
endloop
endfacet
facet normal 0 0 0
outer loop
vertex 124144.7 131338 165570
vertex 129419.4 126022.5 165570
vertex 124144.7 127960.4 171210.9
endloop
endfacet
facet normal 0 0 0
outer loop
vertex 122525.2 137304.4 165570
vertex 123948.1 131663.4 165570
vertex 120748.6 131663.4 171210.9
endloop
endfacet
facet normal 0 0 0
outer loop
vertex 120748.6 131663.4 171210.9
vertex 119328.5 137304.4 171210.9
vertex 122525.2 137304.4 165570
endloop
endfacet
facet normal 0 0 0
outer loop
vertex 197476.9 131663.4 168900.7
vertex 191835.9 131663.4 165923.2
vertex 191835.9 132495.4 165570
endloop
endfacet
facet normal 0 0 0
outer loop
vertex 193810.4 137304.4 165570
vertex 197476.9 131663.4 168900.7
vertex 191835.9 132495.4 165570
endloop
endfacet
facet normal 0 0 0
outer loop
vertex 197476.9 137304.4 167625.2
vertex 197476.9 131663.4 168900.7
vertex 193810.4 137304.4 165570
endloop
endfacet
facet normal 0 0 0
outer loop
vertex 119656.5 142945.3 171210.9
vertex 122525.2 137304.4 165570
vertex 119328.5 137304.4 171210.9
endloop
endfacet
facet normal 0 0 0
outer loop
vertex 122202.8 142945.3 165570
vertex 122525.2 137304.4 165570
vertex 119656.5 142945.3 171210.9
endloop
endfacet
facet normal 0 0 0
outer loop
vertex 197476.9 142945.3 168240.8
vertex 197476.9 137304.4 167625.2
vertex 193810.4 137304.4 165570
endloop
endfacet
facet normal 0 0 0
outer loop
vertex 193810.4 137304.4 165570
vertex 192845.1 142945.3 165570
vertex 197476.9 142945.3 168240.8
endloop
endfacet
facet normal 0 0 0
outer loop
vertex 190353.3 148586.2 165570
vertex 191835.9 148586.2 166976.2
vertex 191835.9 145476.9 165570
endloop
endfacet
facet normal 0 0 0
outer loop
vertex 191835.9 145476.9 165570
vertex 197476.9 142945.3 168240.8
vertex 192845.1 142945.3 165570
endloop
endfacet
facet normal 0 0 0
outer loop
vertex 197476.9 148586.2 169921.1
vertex 197476.9 142945.3 168240.8
vertex 191835.9 145476.9 165570
endloop
endfacet
facet normal 0 0 0
outer loop
vertex 191835.9 148586.2 166976.2
vertex 197476.9 148586.2 169921.1
vertex 191835.9 145476.9 165570
endloop
endfacet
facet normal 0 0 0
outer loop
vertex 203117.8 137304.4 170703.7
vertex 197476.9 137304.4 167625.2
vertex 197476.9 142945.3 168240.8
endloop
endfacet
facet normal 0 0 0
outer loop
vertex 197476.9 142945.3 168240.8
vertex 203117.8 142945.3 170825.9
vertex 203117.8 137304.4 170703.7
endloop
endfacet
facet normal 0 0 0
outer loop
vertex 203117.8 137304.4 170703.7
vertex 203117.8 142945.3 170825.9
vertex 203855.2 142945.3 171210.9
endloop
endfacet
facet normal 0 0 0
outer loop
vertex 203855.2 142945.3 171210.9
vertex 203985.3 137304.4 171210.9
vertex 203117.8 137304.4 170703.7
endloop
endfacet
facet normal 0 0 0
outer loop
vertex 200731.6 148586.2 171210.9
vertex 203117.8 148586.2 172393.4
vertex 203117.8 144906.3 171210.9
endloop
endfacet
facet normal 0 0 0
outer loop
vertex 119899.4 148586.2 171210.9
vertex 119656.5 142945.3 171210.9
vertex 119415.5 142945.3 176851.9
endloop
endfacet
facet normal 0 0 0
outer loop
vertex 119415.5 142945.3 176851.9
vertex 121280.3 148586.2 176851.9
vertex 119899.4 148586.2 171210.9
endloop
endfacet
facet normal 0 0 0
outer loop
vertex 146708.4 159868.1 175955.4
vertex 141067.5 159868.1 176713.9
vertex 141067.5 159707 176851.9
endloop
endfacet
facet normal 0 0 0
outer loop
vertex 141067.5 159707 176851.9
vertex 146708.4 158540.7 176851.9
vertex 146708.4 159868.1 175955.4
endloop
endfacet
facet normal 0 0 0
outer loop
vertex 129761.4 126022.5 176851.9
vertex 129785.6 124770.7 171210.9
vertex 129785.6 126017 176851.9
endloop
endfacet
facet normal 0 0 0
outer loop
vertex 127025.8 126022.5 171210.9
vertex 129785.6 124770.7 171210.9
vertex 129761.4 126022.5 176851.9
endloop
endfacet
facet normal 0 0 0
outer loop
vertex 152349.4 159868.1 175711.6
vertex 146708.4 159868.1 175955.4
vertex 146708.4 158540.7 176851.9
endloop
endfacet
facet normal 0 0 0
outer loop
vertex 146708.4 158540.7 176851.9
vertex 152349.4 157836.5 176851.9
vertex 152349.4 159868.1 175711.6
endloop
endfacet
facet normal 0 0 0
outer loop
vertex 129785.6 124770.7 171210.9
vertex 135426.6 122878.1 171210.9
vertex 135426.6 124184.6 176851.9
endloop
endfacet
facet normal 0 0 0
outer loop
vertex 203117.8 144906.3 171210.9
vertex 208758.8 142945.3 174490.7
vertex 203855.2 142945.3 171210.9
endloop
endfacet
facet normal 0 0 0
outer loop
vertex 135426.6 124184.6 176851.9
vertex 129785.6 126017 176851.9
vertex 129785.6 124770.7 171210.9
endloop
endfacet
facet normal 0 0 0
outer loop
vertex 203117.8 148586.2 172393.4
vertex 208758.8 142945.3 174490.7
vertex 203117.8 144906.3 171210.9
endloop
endfacet
facet normal 0 0 0
outer loop
vertex 208758.8 148586.2 175921.9
vertex 208758.8 142945.3 174490.7
vertex 203117.8 148586.2 172393.4
endloop
endfacet
facet normal 0 0 0
outer loop
vertex 157990.3 159868.1 175573.6
vertex 152349.4 159868.1 175711.6
vertex 152349.4 157836.5 176851.9
endloop
endfacet
facet normal 0 0 0
outer loop
vertex 121334.4 154227.2 171210.9
vertex 119899.4 148586.2 171210.9
vertex 121280.3 148586.2 176851.9
endloop
endfacet
facet normal 0 0 0
outer loop
vertex 135426.6 122878.1 171210.9
vertex 141067.5 121679.1 171210.9
vertex 141067.5 122114.7 176851.9
endloop
endfacet
facet normal 0 0 0
outer loop
vertex 152349.4 157836.5 176851.9
vertex 157990.3 155861 176851.9
vertex 157990.3 159868.1 175573.6
endloop
endfacet
facet normal 0 0 0
outer loop
vertex 124144.7 153444 176851.9
vertex 121334.4 154227.2 171210.9
vertex 121280.3 148586.2 176851.9
endloop
endfacet
facet normal 0 0 0
outer loop
vertex 194666.8 154227.2 171210.9
vertex 197476.9 154227.2 172541.4
vertex 197476.9 151741 171210.9
endloop
endfacet
facet normal 0 0 0
outer loop
vertex 141067.5 122114.7 176851.9
vertex 135426.6 124184.6 176851.9
vertex 135426.6 122878.1 171210.9
endloop
endfacet
facet normal 0 0 0
outer loop
vertex 124144.7 154227.2 176157.6
vertex 121334.4 154227.2 171210.9
vertex 124144.7 153444 176851.9
endloop
endfacet
facet normal 0 0 0
outer loop
vertex 187098.1 159868.1 171210.9
vertex 191835.9 159868.1 174370.2
vertex 191835.9 156644.2 171210.9
endloop
endfacet
facet normal 0 0 0
outer loop
vertex 163631.2 156351.8 176851.9
vertex 157990.3 159868.1 175573.6
vertex 157990.3 155861 176851.9
endloop
endfacet
facet normal 0 0 0
outer loop
vertex 163631.2 159868.1 176705.4
vertex 157990.3 159868.1 175573.6
vertex 163631.2 156351.8 176851.9
endloop
endfacet
facet normal 0 0 0
outer loop
vertex 124831.9 154227.2 176851.9
vertex 124144.7 154227.2 176157.6
vertex 124144.7 153444 176851.9
endloop
endfacet
facet normal 0 0 0
outer loop
vertex 141067.5 121679.1 171210.9
vertex 146708.4 120892 171210.9
vertex 146708.4 121041.8 176851.9
endloop
endfacet
facet normal 0 0 0
outer loop
vertex 146708.4 121041.8 176851.9
vertex 141067.5 122114.7 176851.9
vertex 141067.5 121679.1 171210.9
endloop
endfacet
facet normal 0 0 0
outer loop
vertex 121334.4 154227.2 171210.9
vertex 124144.7 154227.2 176157.6
vertex 124144.7 159581.1 171210.9
endloop
endfacet
facet normal 0 0 0
outer loop
vertex 141067.5 164987.6 171210.9
vertex 146708.4 159868.1 175955.4
vertex 146708.4 165180.3 171210.9
endloop
endfacet
facet normal 0 0 0
outer loop
vertex 141067.5 159868.1 176713.9
vertex 146708.4 159868.1 175955.4
vertex 141067.5 164987.6 171210.9
endloop
endfacet
facet normal 0 0 0
outer loop
vertex 146708.4 120892 171210.9
vertex 152349.4 121180 171210.9
vertex 152349.4 121335.7 176851.9
endloop
endfacet
facet normal 0 0 0
outer loop
vertex 152349.4 121335.7 176851.9
vertex 146708.4 121041.8 176851.9
vertex 146708.4 120892 171210.9
endloop
endfacet
facet normal 0 0 0
outer loop
vertex 194666.8 154227.2 171210.9
vertex 191835.9 159868.1 174370.2
vertex 195946.9 159868.1 176851.9
endloop
endfacet
facet normal 0 0 0
outer loop
vertex 197476.9 154227.2 172541.4
vertex 194666.8 154227.2 171210.9
vertex 195946.9 159868.1 176851.9
endloop
endfacet
facet normal 0 0 0
outer loop
vertex 197476.9 159123.9 176851.9
vertex 197476.9 154227.2 172541.4
vertex 195946.9 159868.1 176851.9
endloop
endfacet
facet normal 0 0 0
outer loop
vertex 191835.9 156644.2 171210.9
vertex 191835.9 159868.1 174370.2
vertex 194666.8 154227.2 171210.9
endloop
endfacet
facet normal 0 0 0
outer loop
vertex 152349.4 121180 171210.9
vertex 157990.3 121593 171210.9
vertex 157990.3 121151.1 176851.9
endloop
endfacet
facet normal 0 0 0
outer loop
vertex 157990.3 121151.1 176851.9
vertex 152349.4 121335.7 176851.9
vertex 152349.4 121180 171210.9
endloop
endfacet
facet normal 0 0 0
outer loop
vertex 152349.4 159868.1 175711.6
vertex 152349.4 165509.1 171807.9
vertex 149640.1 165509.1 171210.9
endloop
endfacet
facet normal 0 0 0
outer loop
vertex 146708.4 159868.1 175955.4
vertex 152349.4 159868.1 175711.6
vertex 149640.1 165509.1 171210.9
endloop
endfacet
facet normal 0 0 0
outer loop
vertex 146708.4 165180.3 171210.9
vertex 146708.4 159868.1 175955.4
vertex 149640.1 165509.1 171210.9
endloop
endfacet
facet normal 0 0 0
outer loop
vertex 129785.6 157601.6 176851.9
vertex 124144.7 154227.2 176157.6
vertex 124831.9 154227.2 176851.9
endloop
endfacet
facet normal 0 0 0
outer loop
vertex 124144.7 159581.1 171210.9
vertex 124144.7 154227.2 176157.6
vertex 129785.6 157601.6 176851.9
endloop
endfacet
facet normal 0 0 0
outer loop
vertex 129785.6 159868.1 174761.6
vertex 124144.7 159581.1 171210.9
vertex 129785.6 157601.6 176851.9
endloop
endfacet
facet normal 0 0 0
outer loop
vertex 124401.3 159868.1 171210.9
vertex 124144.7 159581.1 171210.9
vertex 129785.6 159868.1 174761.6
endloop
endfacet
facet normal 0 0 0
outer loop
vertex 157990.3 121151.1 176851.9
vertex 163631.2 121624.9 171210.9
vertex 163631.2 121081.9 176851.9
endloop
endfacet
facet normal 0 0 0
outer loop
vertex 157990.3 121593 171210.9
vertex 163631.2 121624.9 171210.9
vertex 157990.3 121151.1 176851.9
endloop
endfacet
facet normal 0 0 0
outer loop
vertex 203117.8 154227.2 175516.1
vertex 203117.8 148586.2 172393.4
vertex 200731.6 148586.2 171210.9
endloop
endfacet
facet normal 0 0 0
outer loop
vertex 197476.9 151741 171210.9
vertex 203117.8 154227.2 175516.1
vertex 200731.6 148586.2 171210.9
endloop
endfacet
facet normal 0 0 0
outer loop
vertex 149640.1 165509.1 171210.9
vertex 152349.4 165509.1 171807.9
vertex 152349.4 166139.2 171210.9
endloop
endfacet
facet normal 0 0 0
outer loop
vertex 197476.9 154227.2 172541.4
vertex 203117.8 154227.2 175516.1
vertex 197476.9 151741 171210.9
endloop
endfacet
facet normal 0 0 0
outer loop
vertex 163631.2 121624.9 171210.9
vertex 169272.2 121794.8 171210.9
vertex 169272.2 121088.3 176851.9
endloop
endfacet
facet normal 0 0 0
outer loop
vertex 169272.2 121088.3 176851.9
vertex 163631.2 121081.9 176851.9
vertex 163631.2 121624.9 171210.9
endloop
endfacet
facet normal 0 0 0
outer loop
vertex 152349.4 159868.1 175711.6
vertex 157990.3 159868.1 175573.6
vertex 157990.3 165509.1 174377.6
endloop
endfacet
facet normal 0 0 0
outer loop
vertex 157990.3 165509.1 174377.6
vertex 152349.4 165509.1 171807.9
vertex 152349.4 159868.1 175711.6
endloop
endfacet
facet normal 0 0 0
outer loop
vertex 169272.2 121088.3 176851.9
vertex 174913.1 121771.1 171210.9
vertex 174913.1 120785.4 176851.9
endloop
endfacet
facet normal 0 0 0
outer loop
vertex 169272.2 121794.8 171210.9
vertex 174913.1 121771.1 171210.9
vertex 169272.2 121088.3 176851.9
endloop
endfacet
facet normal 0 0 0
outer loop
vertex 203117.8 148586.2 172393.4
vertex 203117.8 154227.2 175516.1
vertex 205564.1 154227.2 176851.9
endloop
endfacet
facet normal 0 0 0
outer loop
vertex 208758.8 150842 176851.9
vertex 203117.8 148586.2 172393.4
vertex 205564.1 154227.2 176851.9
endloop
endfacet
facet normal 0 0 0
outer loop
vertex 208758.8 148586.2 175921.9
vertex 203117.8 148586.2 172393.4
vertex 208758.8 150842 176851.9
endloop
endfacet
facet normal 0 0 0
outer loop
vertex 174913.1 121771.1 171210.9
vertex 180554.1 122253.5 171210.9
vertex 180554.1 120949 176851.9
endloop
endfacet
facet normal 0 0 0
outer loop
vertex 180554.1 120949 176851.9
vertex 174913.1 120785.4 176851.9
vertex 174913.1 121771.1 171210.9
endloop
endfacet
facet normal 0 0 0
outer loop
vertex 157990.3 159868.1 175573.6
vertex 163631.2 159868.1 176705.4
vertex 163631.2 160260.2 176851.9
endloop
endfacet
facet normal 0 0 0
outer loop
vertex 162233.2 165509.1 176851.9
vertex 157990.3 159868.1 175573.6
vertex 163631.2 160260.2 176851.9
endloop
endfacet
facet normal 0 0 0
outer loop
vertex 203117.8 155979.2 176851.9
vertex 197476.9 154227.2 172541.4
vertex 197476.9 159123.9 176851.9
endloop
endfacet
facet normal 0 0 0
outer loop
vertex 180554.1 122253.5 171210.9
vertex 186195 123675.4 171210.9
vertex 186195 121282.4 176851.9
endloop
endfacet
facet normal 0 0 0
outer loop
vertex 157990.3 165509.1 174377.6
vertex 157990.3 159868.1 175573.6
vertex 162233.2 165509.1 176851.9
endloop
endfacet
facet normal 0 0 0
outer loop
vertex 203117.8 154227.2 175516.1
vertex 197476.9 154227.2 172541.4
vertex 203117.8 155979.2 176851.9
endloop
endfacet
facet normal 0 0 0
outer loop
vertex 186195 121282.4 176851.9
vertex 180554.1 120949 176851.9
vertex 180554.1 122253.5 171210.9
endloop
endfacet
facet normal 0 0 0
outer loop
vertex 205564.1 154227.2 176851.9
vertex 203117.8 154227.2 175516.1
vertex 203117.8 155979.2 176851.9
endloop
endfacet
facet normal 0 0 0
outer loop
vertex 152349.4 166139.2 171210.9
vertex 157990.3 165509.1 174377.6
vertex 157990.3 169081.3 171210.9
endloop
endfacet
facet normal 0 0 0
outer loop
vertex 152349.4 165509.1 171807.9
vertex 157990.3 165509.1 174377.6
vertex 152349.4 166139.2 171210.9
endloop
endfacet
facet normal 0 0 0
outer loop
vertex 120748.6 131663.4 171210.9
vertex 124144.7 127960.4 171210.9
vertex 124144.7 128295.8 176851.9
endloop
endfacet
facet normal 0 0 0
outer loop
vertex 124144.7 128295.8 176851.9
vertex 120457.7 131663.4 176851.9
vertex 120748.6 131663.4 171210.9
endloop
endfacet
facet normal 0 0 0
outer loop
vertex 187098.1 159868.1 171210.9
vertex 186195 160367.3 171210.9
vertex 186195 163881.3 176851.9
endloop
endfacet
facet normal 0 0 0
outer loop
vertex 191835.9 159868.1 174370.2
vertex 187098.1 159868.1 171210.9
vertex 186195 163881.3 176851.9
endloop
endfacet
facet normal 0 0 0
outer loop
vertex 191835.9 161587.1 176851.9
vertex 191835.9 159868.1 174370.2
vertex 186195 163881.3 176851.9
endloop
endfacet
facet normal 0 0 0
outer loop
vertex 124144.7 128295.8 176851.9
vertex 127025.8 126022.5 171210.9
vertex 129761.4 126022.5 176851.9
endloop
endfacet
facet normal 0 0 0
outer loop
vertex 124144.7 127960.4 171210.9
vertex 127025.8 126022.5 171210.9
vertex 124144.7 128295.8 176851.9
endloop
endfacet
facet normal 0 0 0
outer loop
vertex 163631.2 168031.1 176851.9
vertex 157990.3 165509.1 174377.6
vertex 162233.2 165509.1 176851.9
endloop
endfacet
facet normal 0 0 0
outer loop
vertex 163631.2 171150 174178.9
vertex 157990.3 165509.1 174377.6
vertex 163631.2 168031.1 176851.9
endloop
endfacet
facet normal 0 0 0
outer loop
vertex 157990.3 169081.3 171210.9
vertex 157990.3 165509.1 174377.6
vertex 163631.2 171150 174178.9
endloop
endfacet
facet normal 0 0 0
outer loop
vertex 195946.9 159868.1 176851.9
vertex 191835.9 159868.1 174370.2
vertex 191835.9 161587.1 176851.9
endloop
endfacet
facet normal 0 0 0
outer loop
vertex 162035 171150 171210.9
vertex 157990.3 169081.3 171210.9
vertex 163631.2 171150 174178.9
endloop
endfacet
facet normal 0 0 0
outer loop
vertex 119328.5 137304.4 171210.9
vertex 120748.6 131663.4 171210.9
vertex 120457.7 131663.4 176851.9
endloop
endfacet
facet normal 0 0 0
outer loop
vertex 120457.7 131663.4 176851.9
vertex 118731.2 137304.4 176851.9
vertex 119328.5 137304.4 171210.9
endloop
endfacet
facet normal 0 0 0
outer loop
vertex 162035 171150 171210.9
vertex 163631.2 171150 174178.9
vertex 163631.2 171595.2 171210.9
endloop
endfacet
facet normal 0 0 0
outer loop
vertex 164025.7 159868.1 176851.9
vertex 163631.2 159868.1 176705.4
vertex 163631.2 156351.8 176851.9
endloop
endfacet
facet normal 0 0 0
outer loop
vertex 119415.5 142945.3 176851.9
vertex 119328.5 137304.4 171210.9
vertex 118731.2 137304.4 176851.9
endloop
endfacet
facet normal 0 0 0
outer loop
vertex 119656.5 142945.3 171210.9
vertex 119328.5 137304.4 171210.9
vertex 119415.5 142945.3 176851.9
endloop
endfacet
facet normal 0 0 0
outer loop
vertex 163631.2 160260.2 176851.9
vertex 163631.2 159868.1 176705.4
vertex 164025.7 159868.1 176851.9
endloop
endfacet
facet normal 0 0 0
outer loop
vertex 169272.2 171627.8 171210.9
vertex 166451.7 171490.9 172792.6
vertex 169272.2 171150 176151.2
endloop
endfacet
facet normal 0 0 0
outer loop
vertex 169272.2 171150 176151.2
vertex 166451.7 171490.9 172792.6
vertex 163631.2 171150 174178.9
endloop
endfacet
facet normal 0 0 0
outer loop
vertex 163631.2 171150 174178.9
vertex 166451.7 171490.9 172792.6
vertex 163631.2 171595.2 171210.9
endloop
endfacet
facet normal 0 0 0
outer loop
vertex 163631.2 171595.2 171210.9
vertex 166451.7 171490.9 172792.6
vertex 166451.7 171931.4 171210.9
endloop
endfacet
facet normal 0 0 0
outer loop
vertex 166451.7 171931.4 171210.9
vertex 166451.7 171490.9 172792.6
vertex 169272.2 171627.8 171210.9
endloop
endfacet
facet normal 0 0 0
outer loop
vertex 169272.2 170722.9 176851.9
vertex 163631.2 171150 174178.9
vertex 163631.2 168031.1 176851.9
endloop
endfacet
facet normal 0 0 0
outer loop
vertex 169272.2 171627.8 171210.9
vertex 169272.2 171150 176151.2
vertex 170271.6 171150 171210.9
endloop
endfacet
facet normal 0 0 0
outer loop
vertex 169272.2 171150 176151.2
vertex 163631.2 171150 174178.9
vertex 169272.2 170722.9 176851.9
endloop
endfacet
facet normal 0 0 0
outer loop
vertex 169272.2 170722.9 176851.9
vertex 172231.1 169853.9 173528.4
vertex 169272.2 171150 176151.2
endloop
endfacet
facet normal 0 0 0
outer loop
vertex 169272.2 171150 176151.2
vertex 172231.1 169853.9 173528.4
vertex 170271.6 171150 171210.9
endloop
endfacet
facet normal 0 0 0
outer loop
vertex 170271.6 171150 171210.9
vertex 172231.1 169853.9 173528.4
vertex 172092.7 169894.5 171210.9
endloop
endfacet
facet normal 0 0 0
outer loop
vertex 172092.7 169894.5 171210.9
vertex 172231.1 169853.9 173528.4
vertex 174882.9 168329.5 171210.9
endloop
endfacet
facet normal 0 0 0
outer loop
vertex 174882.9 168329.5 171210.9
vertex 172231.1 169853.9 173528.4
vertex 174913.1 168312.3 171210.9
endloop
endfacet
facet normal 0 0 0
outer loop
vertex 174913.1 168312.3 171210.9
vertex 172231.1 169853.9 173528.4
vertex 174913.1 169417.9 176851.9
endloop
endfacet
facet normal 0 0 0
outer loop
vertex 174913.1 169417.9 176851.9
vertex 172231.1 169853.9 173528.4
vertex 169272.2 170722.9 176851.9
endloop
endfacet
facet normal 0 0 0
outer loop
vertex 179309.4 165509.1 171210.9
vertex 180554.1 165509.1 172879.3
vertex 180554.1 164685.4 171210.9
endloop
endfacet
facet normal 0 0 0
outer loop
vertex 182471 165509.1 176851.9
vertex 183217.6 163593.5 173061
vertex 180554.1 165509.1 172879.3
endloop
endfacet
facet normal 0 0 0
outer loop
vertex 180554.1 165509.1 172879.3
vertex 183217.6 163593.5 173061
vertex 180554.1 164685.4 171210.9
endloop
endfacet
facet normal 0 0 0
outer loop
vertex 180554.1 164685.4 171210.9
vertex 183217.6 163593.5 173061
vertex 183179.2 162688.6 171210.9
endloop
endfacet
facet normal 0 0 0
outer loop
vertex 183179.2 162688.6 171210.9
vertex 183217.6 163593.5 173061
vertex 183374.5 162514 171210.9
endloop
endfacet
facet normal 0 0 0
outer loop
vertex 183374.5 162514 171210.9
vertex 183217.6 163593.5 173061
vertex 186195 160367.3 171210.9
endloop
endfacet
facet normal 0 0 0
outer loop
vertex 186195 160367.3 171210.9
vertex 183217.6 163593.5 173061
vertex 186195 163881.3 176851.9
endloop
endfacet
facet normal 0 0 0
outer loop
vertex 186195 163881.3 176851.9
vertex 183217.6 163593.5 173061
vertex 182471 165509.1 176851.9
endloop
endfacet
facet normal 0 0 0
outer loop
vertex 174913.1 169417.9 176851.9
vertex 177996.2 166968.4 173369.3
vertex 174913.1 168312.3 171210.9
endloop
endfacet
facet normal 0 0 0
outer loop
vertex 174913.1 168312.3 171210.9
vertex 177996.2 166968.4 173369.3
vertex 177733.6 166568.7 171210.9
endloop
endfacet
facet normal 0 0 0
outer loop
vertex 177733.6 166568.7 171210.9
vertex 177996.2 166968.4 173369.3
vertex 179309.4 165509.1 171210.9
endloop
endfacet
facet normal 0 0 0
outer loop
vertex 179309.4 165509.1 171210.9
vertex 177996.2 166968.4 173369.3
vertex 180554.1 165509.1 172879.3
endloop
endfacet
facet normal 0 0 0
outer loop
vertex 180554.1 165509.1 172879.3
vertex 177996.2 166968.4 173369.3
vertex 180554.1 166493.7 176851.9
endloop
endfacet
facet normal 0 0 0
outer loop
vertex 180554.1 166493.7 176851.9
vertex 177996.2 166968.4 173369.3
vertex 174913.1 169417.9 176851.9
endloop
endfacet
facet normal 0 0 0
outer loop
vertex 182471 165509.1 176851.9
vertex 180554.1 165509.1 172879.3
vertex 180554.1 166493.7 176851.9
endloop
endfacet
facet normal 0 0 0
outer loop
vertex 186195 123675.4 171210.9
vertex 191835.9 125349.2 171210.9
vertex 191835.9 122026.7 176851.9
endloop
endfacet
facet normal 0 0 0
outer loop
vertex 191835.9 122026.7 176851.9
vertex 186195 121282.4 176851.9
vertex 186195 123675.4 171210.9
endloop
endfacet
facet normal 0 0 0
outer loop
vertex 193863.8 126022.5 171210.9
vertex 197476.9 126022.5 173048.8
vertex 197476.9 123336.4 176851.9
endloop
endfacet
facet normal 0 0 0
outer loop
vertex 191835.9 122026.7 176851.9
vertex 193863.8 126022.5 171210.9
vertex 197476.9 123336.4 176851.9
endloop
endfacet
facet normal 0 0 0
outer loop
vertex 191835.9 125349.2 171210.9
vertex 193863.8 126022.5 171210.9
vertex 191835.9 122026.7 176851.9
endloop
endfacet
facet normal 0 0 0
outer loop
vertex 197476.9 127920.1 171210.9
vertex 197476.9 126022.5 173048.8
vertex 193863.8 126022.5 171210.9
endloop
endfacet
facet normal 0 0 0
outer loop
vertex 208758.8 142945.3 174490.7
vertex 208758.8 137304.4 174610.4
vertex 203985.3 137304.4 171210.9
endloop
endfacet
facet normal 0 0 0
outer loop
vertex 203985.3 137304.4 171210.9
vertex 203855.2 142945.3 171210.9
vertex 208758.8 142945.3 174490.7
endloop
endfacet
facet normal 0 0 0
outer loop
vertex 197476.9 123336.4 176851.9
vertex 197476.9 126022.5 173048.8
vertex 203255.8 126022.5 176851.9
endloop
endfacet
facet normal 0 0 0
outer loop
vertex 208758.8 130631 176851.9
vertex 201976 132386.3 172334.9
vertex 208758.8 137304.4 174610.4
endloop
endfacet
facet normal 0 0 0
outer loop
vertex 208758.8 137304.4 174610.4
vertex 201976 132386.3 172334.9
vertex 203985.3 137304.4 171210.9
endloop
endfacet
facet normal 0 0 0
outer loop
vertex 203985.3 137304.4 171210.9
vertex 201976 132386.3 172334.9
vertex 203117.8 137304.4 170703.7
endloop
endfacet
facet normal 0 0 0
outer loop
vertex 203117.8 137304.4 170703.7
vertex 201976 132386.3 172334.9
vertex 197476.9 137304.4 167625.2
endloop
endfacet
facet normal 0 0 0
outer loop
vertex 197476.9 137304.4 167625.2
vertex 201976 132386.3 172334.9
vertex 197476.9 131663.4 168900.7
endloop
endfacet
facet normal 0 0 0
outer loop
vertex 197476.9 131663.4 168900.7
vertex 201976 132386.3 172334.9
vertex 197476.9 127920.1 171210.9
endloop
endfacet
facet normal 0 0 0
outer loop
vertex 197476.9 127920.1 171210.9
vertex 201976 132386.3 172334.9
vertex 197476.9 126022.5 173048.8
endloop
endfacet
facet normal 0 0 0
outer loop
vertex 197476.9 126022.5 173048.8
vertex 201976 132386.3 172334.9
vertex 203255.8 126022.5 176851.9
endloop
endfacet
facet normal 0 0 0
outer loop
vertex 203255.8 126022.5 176851.9
vertex 201976 132386.3 172334.9
vertex 208758.8 130631 176851.9
endloop
endfacet
facet normal 0 0 0
outer loop
vertex 208758.8 130631 176851.9
vertex 208758.8 137304.4 174610.4
vertex 211778.2 137304.4 176851.9
endloop
endfacet
facet normal 0 0 0
outer loop
vertex 210182.9 148586.2 176851.9
vertex 209647.5 142945.3 175745.3
vertex 208758.8 148586.2 175921.9
endloop
endfacet
facet normal 0 0 0
outer loop
vertex 208758.8 148586.2 175921.9
vertex 209647.5 142945.3 175745.3
vertex 208758.8 142945.3 174490.7
endloop
endfacet
facet normal 0 0 0
outer loop
vertex 208758.8 142945.3 174490.7
vertex 209647.5 142945.3 175745.3
vertex 208758.8 137304.4 174610.4
endloop
endfacet
facet normal 0 0 0
outer loop
vertex 208758.8 137304.4 174610.4
vertex 209647.5 142945.3 175745.3
vertex 211778.2 137304.4 176851.9
endloop
endfacet
facet normal 0 0 0
outer loop
vertex 211778.2 137304.4 176851.9
vertex 209647.5 142945.3 175745.3
vertex 210182.9 148586.2 176851.9
endloop
endfacet
facet normal 0 0 0
outer loop
vertex 210182.9 148586.2 176851.9
vertex 208758.8 148586.2 175921.9
vertex 208758.8 150842 176851.9
endloop
endfacet
facet normal 0 0 0
outer loop
vertex 141067.5 159707 176851.9
vertex 129785.6 159868.1 174761.6
vertex 129785.6 157601.6 176851.9
endloop
endfacet
facet normal 0 0 0
outer loop
vertex 141067.5 159868.1 176713.9
vertex 129785.6 159868.1 174761.6
vertex 141067.5 159707 176851.9
endloop
endfacet
facet normal 0 0 0
outer loop
vertex 129785.6 167076.7 165570
vertex 125690.4 161309.8 169609.4
vertex 129785.6 159868.1 174761.6
endloop
endfacet
facet normal 0 0 0
outer loop
vertex 129785.6 159868.1 174761.6
vertex 125690.4 161309.8 169609.4
vertex 124401.3 159868.1 171210.9
endloop
endfacet
facet normal 0 0 0
outer loop
vertex 124401.3 159868.1 171210.9
vertex 125690.4 161309.8 169609.4
vertex 124144.7 159868.1 170934.7
endloop
endfacet
facet normal 0 0 0
outer loop
vertex 124144.7 159868.1 170934.7
vertex 125690.4 161309.8 169609.4
vertex 120335 159868.1 165570
endloop
endfacet
facet normal 0 0 0
outer loop
vertex 120335 159868.1 165570
vertex 125690.4 161309.8 169609.4
vertex 129785.6 167076.7 165570
endloop
endfacet
facet normal 0 0 0
outer loop
vertex 141067.5 168279.6 165570
vertex 137306.9 164264.9 170722.1
vertex 141067.5 165509.1 170506.4
endloop
endfacet
facet normal 0 0 0
outer loop
vertex 141067.5 165509.1 170506.4
vertex 137306.9 164264.9 170722.1
vertex 141067.5 164987.6 171210.9
endloop
endfacet
facet normal 0 0 0
outer loop
vertex 141067.5 164987.6 171210.9
vertex 137306.9 164264.9 170722.1
vertex 141067.5 159868.1 176713.9
endloop
endfacet
facet normal 0 0 0
outer loop
vertex 141067.5 159868.1 176713.9
vertex 137306.9 164264.9 170722.1
vertex 129785.6 159868.1 174761.6
endloop
endfacet
facet normal 0 0 0
outer loop
vertex 129785.6 159868.1 174761.6
vertex 137306.9 164264.9 170722.1
vertex 129785.6 167076.7 165570
endloop
endfacet
facet normal 0 0 0
outer loop
vertex 129785.6 167076.7 165570
vertex 137306.9 164264.9 170722.1
vertex 141067.5 168279.6 165570
endloop
endfacet
facet normal 0 0 0
outer loop
vertex 124144.7 134901.9 182492.8
vertex 124144.7 131663.4 180746.2
vertex 128000.8 131663.4 182492.8
endloop
endfacet
facet normal 0 0 0
outer loop
vertex 129785.6 126017 176851.9
vertex 129785.6 126022.5 176862.9
vertex 129761.4 126022.5 176851.9
endloop
endfacet
facet normal 0 0 0
outer loop
vertex 195946.9 159868.1 176851.9
vertex 197476.9 159868.1 177780.4
vertex 197476.9 159123.9 176851.9
endloop
endfacet
facet normal 0 0 0
outer loop
vertex 129785.6 130872.8 182492.8
vertex 135426.6 126022.5 180001.2
vertex 135426.6 128183.3 182492.8
endloop
endfacet
facet normal 0 0 0
outer loop
vertex 129785.6 126022.5 176862.9
vertex 135426.6 126022.5 180001.2
vertex 129785.6 130872.8 182492.8
endloop
endfacet
facet normal 0 0 0
outer loop
vertex 135426.6 124184.6 176851.9
vertex 129785.6 126022.5 176862.9
vertex 129785.6 126017 176851.9
endloop
endfacet
facet normal 0 0 0
outer loop
vertex 191835.9 164152.3 182492.8
vertex 186195 163881.3 176851.9
vertex 186195 164585.3 182492.8
endloop
endfacet
facet normal 0 0 0
outer loop
vertex 135426.6 126022.5 180001.2
vertex 129785.6 126022.5 176862.9
vertex 135426.6 124184.6 176851.9
endloop
endfacet
facet normal 0 0 0
outer loop
vertex 191835.9 161587.1 176851.9
vertex 186195 163881.3 176851.9
vertex 191835.9 164152.3 182492.8
endloop
endfacet
facet normal 0 0 0
outer loop
vertex 135426.6 128183.3 182492.8
vertex 135426.6 126022.5 180001.2
vertex 139462.2 126022.5 182492.8
endloop
endfacet
facet normal 0 0 0
outer loop
vertex 119415.5 142945.3 176851.9
vertex 118731.2 137304.4 176851.9
vertex 123212.2 137304.4 182492.8
endloop
endfacet
facet normal 0 0 0
outer loop
vertex 123212.2 137304.4 182492.8
vertex 123435.2 142945.3 182492.8
vertex 119415.5 142945.3 176851.9
endloop
endfacet
facet normal 0 0 0
outer loop
vertex 139462.2 126022.5 182492.8
vertex 141067.5 122114.7 176851.9
vertex 141067.5 125156.3 182492.8
endloop
endfacet
facet normal 0 0 0
outer loop
vertex 197476.9 162741.7 182492.8
vertex 191835.9 161587.1 176851.9
vertex 191835.9 164152.3 182492.8
endloop
endfacet
facet normal 0 0 0
outer loop
vertex 135426.6 126022.5 180001.2
vertex 141067.5 122114.7 176851.9
vertex 139462.2 126022.5 182492.8
endloop
endfacet
facet normal 0 0 0
outer loop
vertex 195946.9 159868.1 176851.9
vertex 191835.9 161587.1 176851.9
vertex 197476.9 162741.7 182492.8
endloop
endfacet
facet normal 0 0 0
outer loop
vertex 135426.6 124184.6 176851.9
vertex 141067.5 122114.7 176851.9
vertex 135426.6 126022.5 180001.2
endloop
endfacet
facet normal 0 0 0
outer loop
vertex 197476.9 159868.1 177780.4
vertex 195946.9 159868.1 176851.9
vertex 197476.9 162741.7 182492.8
endloop
endfacet
facet normal 0 0 0
outer loop
vertex 124144.7 144807.3 182492.8
vertex 119415.5 142945.3 176851.9
vertex 123435.2 142945.3 182492.8
endloop
endfacet
facet normal 0 0 0
outer loop
vertex 141067.5 122114.7 176851.9
vertex 146708.4 121041.8 176851.9
vertex 146708.4 122755.6 182492.8
endloop
endfacet
facet normal 0 0 0
outer loop
vertex 121280.3 148586.2 176851.9
vertex 119415.5 142945.3 176851.9
vertex 124144.7 144807.3 182492.8
endloop
endfacet
facet normal 0 0 0
outer loop
vertex 146708.4 122755.6 182492.8
vertex 141067.5 125156.3 182492.8
vertex 141067.5 122114.7 176851.9
endloop
endfacet
facet normal 0 0 0
outer loop
vertex 124144.7 148586.2 180720.5
vertex 121280.3 148586.2 176851.9
vertex 124144.7 144807.3 182492.8
endloop
endfacet
facet normal 0 0 0
outer loop
vertex 126712.9 148586.2 182492.8
vertex 124144.7 148586.2 180720.5
vertex 124144.7 144807.3 182492.8
endloop
endfacet
facet normal 0 0 0
outer loop
vertex 146708.4 121041.8 176851.9
vertex 152349.4 121335.7 176851.9
vertex 152349.4 121744.6 182492.8
endloop
endfacet
facet normal 0 0 0
outer loop
vertex 152349.4 121744.6 182492.8
vertex 146708.4 122755.6 182492.8
vertex 146708.4 121041.8 176851.9
endloop
endfacet
facet normal 0 0 0
outer loop
vertex 152349.4 121335.7 176851.9
vertex 157990.3 121151.1 176851.9
vertex 157990.3 121075.4 182492.8
endloop
endfacet
facet normal 0 0 0
outer loop
vertex 157990.3 121075.4 182492.8
vertex 152349.4 121744.6 182492.8
vertex 152349.4 121335.7 176851.9
endloop
endfacet
facet normal 0 0 0
outer loop
vertex 152349.4 147420.8 182492.8
vertex 152349.4 148586.2 182057.1
vertex 150719.4 148586.2 182492.8
endloop
endfacet
facet normal 0 0 0
outer loop
vertex 157990.3 121075.4 182492.8
vertex 163631.2 121081.9 176851.9
vertex 163631.2 120570.7 182492.8
endloop
endfacet
facet normal 0 0 0
outer loop
vertex 157990.3 121151.1 176851.9
vertex 163631.2 121081.9 176851.9
vertex 157990.3 121075.4 182492.8
endloop
endfacet
facet normal 0 0 0
outer loop
vertex 157990.3 148586.2 181615.8
vertex 152349.4 148586.2 182057.1
vertex 152349.4 147420.8 182492.8
endloop
endfacet
facet normal 0 0 0
outer loop
vertex 152349.4 147420.8 182492.8
vertex 157990.3 146353.8 182492.8
vertex 157990.3 148586.2 181615.8
endloop
endfacet
facet normal 0 0 0
outer loop
vertex 166072.7 120381.6 182492.8
vertex 169272.2 120381.6 179871
vertex 169272.2 120050 182492.8
endloop
endfacet
facet normal 0 0 0
outer loop
vertex 160979 148586.2 182492.8
vertex 157990.3 148586.2 181615.8
vertex 157990.3 146353.8 182492.8
endloop
endfacet
facet normal 0 0 0
outer loop
vertex 169272.2 120381.6 179871
vertex 174913.1 120381.6 179585.9
vertex 174913.1 119906 182492.8
endloop
endfacet
facet normal 0 0 0
outer loop
vertex 174913.1 119906 182492.8
vertex 169272.2 120050 182492.8
vertex 169272.2 120381.6 179871
endloop
endfacet
facet normal 0 0 0
outer loop
vertex 163631.2 121081.9 176851.9
vertex 169272.2 120381.6 179871
vertex 166072.7 120381.6 182492.8
endloop
endfacet
facet normal 0 0 0
outer loop
vertex 163631.2 120570.7 182492.8
vertex 163631.2 121081.9 176851.9
vertex 166072.7 120381.6 182492.8
endloop
endfacet
facet normal 0 0 0
outer loop
vertex 169272.2 121088.3 176851.9
vertex 169272.2 120381.6 179871
vertex 163631.2 121081.9 176851.9
endloop
endfacet
facet normal 0 0 0
outer loop
vertex 174913.1 120381.6 179585.9
vertex 169272.2 120381.6 179871
vertex 169272.2 121088.3 176851.9
endloop
endfacet
facet normal 0 0 0
outer loop
vertex 169272.2 121088.3 176851.9
vertex 174913.1 120785.4 176851.9
vertex 174913.1 120381.6 179585.9
endloop
endfacet
facet normal 0 0 0
outer loop
vertex 174913.1 119906 182492.8
vertex 180554.1 120381.6 180263.8
vertex 180554.1 119871.8 182492.8
endloop
endfacet
facet normal 0 0 0
outer loop
vertex 174913.1 120381.6 179585.9
vertex 180554.1 120381.6 180263.8
vertex 174913.1 119906 182492.8
endloop
endfacet
facet normal 0 0 0
outer loop
vertex 152349.4 154227.2 179056.8
vertex 157990.3 148586.2 181615.8
vertex 157990.3 154227.2 177985
endloop
endfacet
facet normal 0 0 0
outer loop
vertex 152349.4 148586.2 182057.1
vertex 157990.3 148586.2 181615.8
vertex 152349.4 154227.2 179056.8
endloop
endfacet
facet normal 0 0 0
outer loop
vertex 180554.1 120381.6 180263.8
vertex 186195 120381.6 179993.5
vertex 186195 119996.1 182492.8
endloop
endfacet
facet normal 0 0 0
outer loop
vertex 186195 119996.1 182492.8
vertex 180554.1 119871.8 182492.8
vertex 180554.1 120381.6 180263.8
endloop
endfacet
facet normal 0 0 0
outer loop
vertex 180554.1 120949 176851.9
vertex 174913.1 120381.6 179585.9
vertex 174913.1 120785.4 176851.9
endloop
endfacet
facet normal 0 0 0
outer loop
vertex 180554.1 120381.6 180263.8
vertex 174913.1 120381.6 179585.9
vertex 180554.1 120949 176851.9
endloop
endfacet
facet normal 0 0 0
outer loop
vertex 157990.3 154227.2 177985
vertex 157990.3 148586.2 181615.8
vertex 160979 148586.2 182492.8
endloop
endfacet
facet normal 0 0 0
outer loop
vertex 163631.2 151138.9 182492.8
vertex 157990.3 154227.2 177985
vertex 160979 148586.2 182492.8
endloop
endfacet
facet normal 0 0 0
outer loop
vertex 163631.2 154227.2 178491.9
vertex 157990.3 154227.2 177985
vertex 163631.2 151138.9 182492.8
endloop
endfacet
facet normal 0 0 0
outer loop
vertex 186195 120381.6 179993.5
vertex 180554.1 120381.6 180263.8
vertex 180554.1 120949 176851.9
endloop
endfacet
facet normal 0 0 0
outer loop
vertex 180554.1 120949 176851.9
vertex 186195 121282.4 176851.9
vertex 186195 120381.6 179993.5
endloop
endfacet
facet normal 0 0 0
outer loop
vertex 152349.4 154227.2 179056.8
vertex 157990.3 154227.2 177985
vertex 157990.3 155861 176851.9
endloop
endfacet
facet normal 0 0 0
outer loop
vertex 157990.3 155861 176851.9
vertex 152349.4 157836.5 176851.9
vertex 152349.4 154227.2 179056.8
endloop
endfacet
facet normal 0 0 0
outer loop
vertex 124144.7 128295.8 176851.9
vertex 124144.7 131663.4 180746.2
vertex 120457.7 131663.4 176851.9
endloop
endfacet
facet normal 0 0 0
outer loop
vertex 157990.3 155861 176851.9
vertex 163631.2 154227.2 178491.9
vertex 163631.2 156351.8 176851.9
endloop
endfacet
facet normal 0 0 0
outer loop
vertex 157990.3 154227.2 177985
vertex 163631.2 154227.2 178491.9
vertex 157990.3 155861 176851.9
endloop
endfacet
facet normal 0 0 0
outer loop
vertex 163631.2 160260.2 176851.9
vertex 163631.2 165509.1 177619.2
vertex 162233.2 165509.1 176851.9
endloop
endfacet
facet normal 0 0 0
outer loop
vertex 162233.2 165509.1 176851.9
vertex 163631.2 165509.1 177619.2
vertex 163631.2 168031.1 176851.9
endloop
endfacet
facet normal 0 0 0
outer loop
vertex 129761.4 126022.5 176851.9
vertex 129785.6 126022.5 176862.9
vertex 129785.6 130872.8 182492.8
endloop
endfacet
facet normal 0 0 0
outer loop
vertex 128000.8 131663.4 182492.8
vertex 129761.4 126022.5 176851.9
vertex 129785.6 130872.8 182492.8
endloop
endfacet
facet normal 0 0 0
outer loop
vertex 124144.7 128295.8 176851.9
vertex 129761.4 126022.5 176851.9
vertex 128000.8 131663.4 182492.8
endloop
endfacet
facet normal 0 0 0
outer loop
vertex 124144.7 131663.4 180746.2
vertex 124144.7 128295.8 176851.9
vertex 128000.8 131663.4 182492.8
endloop
endfacet
facet normal 0 0 0
outer loop
vertex 168184.8 154227.2 182492.8
vertex 163631.2 154227.2 178491.9
vertex 163631.2 151138.9 182492.8
endloop
endfacet
facet normal 0 0 0
outer loop
vertex 120457.7 131663.4 176851.9
vertex 124144.7 131663.4 180746.2
vertex 124144.7 134901.9 182492.8
endloop
endfacet
facet normal 0 0 0
outer loop
vertex 118731.2 137304.4 176851.9
vertex 120457.7 131663.4 176851.9
vertex 124144.7 134901.9 182492.8
endloop
endfacet
facet normal 0 0 0
outer loop
vertex 123212.2 137304.4 182492.8
vertex 118731.2 137304.4 176851.9
vertex 124144.7 134901.9 182492.8
endloop
endfacet
facet normal 0 0 0
outer loop
vertex 169272.2 155432.2 182492.8
vertex 163631.2 154227.2 178491.9
vertex 168184.8 154227.2 182492.8
endloop
endfacet
facet normal 0 0 0
outer loop
vertex 163631.2 156351.8 176851.9
vertex 163631.2 154227.2 178491.9
vertex 169272.2 155432.2 182492.8
endloop
endfacet
facet normal 0 0 0
outer loop
vertex 169272.2 159868.1 180726.2
vertex 163631.2 156351.8 176851.9
vertex 169272.2 155432.2 182492.8
endloop
endfacet
facet normal 0 0 0
outer loop
vertex 164025.7 159868.1 176851.9
vertex 163631.2 156351.8 176851.9
vertex 169272.2 159868.1 180726.2
endloop
endfacet
facet normal 0 0 0
outer loop
vertex 171186.1 159868.1 182492.8
vertex 169272.2 159868.1 180726.2
vertex 169272.2 155432.2 182492.8
endloop
endfacet
facet normal 0 0 0
outer loop
vertex 164025.7 159868.1 176851.9
vertex 163631.2 165509.1 177619.2
vertex 163631.2 160260.2 176851.9
endloop
endfacet
facet normal 0 0 0
outer loop
vertex 169272.2 165509.1 180166.4
vertex 163631.2 165509.1 177619.2
vertex 164025.7 159868.1 176851.9
endloop
endfacet
facet normal 0 0 0
outer loop
vertex 169272.2 159868.1 180726.2
vertex 169272.2 165509.1 180166.4
vertex 164025.7 159868.1 176851.9
endloop
endfacet
facet normal 0 0 0
outer loop
vertex 169272.2 165509.1 180166.4
vertex 169272.2 159868.1 180726.2
vertex 171186.1 159868.1 182492.8
endloop
endfacet
facet normal 0 0 0
outer loop
vertex 174913.1 164956.7 182492.8
vertex 169272.2 165509.1 180166.4
vertex 171186.1 159868.1 182492.8
endloop
endfacet
facet normal 0 0 0
outer loop
vertex 174913.1 165509.1 182185.4
vertex 169272.2 165509.1 180166.4
vertex 174913.1 164956.7 182492.8
endloop
endfacet
facet normal 0 0 0
outer loop
vertex 163631.2 168031.1 176851.9
vertex 169272.2 165509.1 180166.4
vertex 169272.2 170722.9 176851.9
endloop
endfacet
facet normal 0 0 0
outer loop
vertex 163631.2 165509.1 177619.2
vertex 169272.2 165509.1 180166.4
vertex 163631.2 168031.1 176851.9
endloop
endfacet
facet normal 0 0 0
outer loop
vertex 169272.2 165509.1 180166.4
vertex 174913.1 165509.1 182185.4
vertex 174913.1 169417.9 176851.9
endloop
endfacet
facet normal 0 0 0
outer loop
vertex 174913.1 169417.9 176851.9
vertex 169272.2 170722.9 176851.9
vertex 169272.2 165509.1 180166.4
endloop
endfacet
facet normal 0 0 0
outer loop
vertex 180554.1 165214.1 182492.8
vertex 174913.1 165509.1 182185.4
vertex 174913.1 164956.7 182492.8
endloop
endfacet
facet normal 0 0 0
outer loop
vertex 180554.1 165509.1 181941.8
vertex 174913.1 165509.1 182185.4
vertex 180554.1 165214.1 182492.8
endloop
endfacet
facet normal 0 0 0
outer loop
vertex 186195 164585.3 182492.8
vertex 180554.1 165509.1 181941.8
vertex 180554.1 165214.1 182492.8
endloop
endfacet
facet normal 0 0 0
outer loop
vertex 182471 165509.1 176851.9
vertex 180554.1 165509.1 181941.8
vertex 186195 164585.3 182492.8
endloop
endfacet
facet normal 0 0 0
outer loop
vertex 186195 163881.3 176851.9
vertex 182471 165509.1 176851.9
vertex 186195 164585.3 182492.8
endloop
endfacet
facet normal 0 0 0
outer loop
vertex 174913.1 165509.1 182185.4
vertex 180554.1 165509.1 181941.8
vertex 180554.1 166493.7 176851.9
endloop
endfacet
facet normal 0 0 0
outer loop
vertex 180554.1 166493.7 176851.9
vertex 174913.1 169417.9 176851.9
vertex 174913.1 165509.1 182185.4
endloop
endfacet
facet normal 0 0 0
outer loop
vertex 180554.1 166493.7 176851.9
vertex 180554.1 165509.1 181941.8
vertex 182471 165509.1 176851.9
endloop
endfacet
facet normal 0 0 0
outer loop
vertex 186195 119996.1 182492.8
vertex 186195 120381.6 179993.5
vertex 190335.9 120381.6 182492.8
endloop
endfacet
facet normal 0 0 0
outer loop
vertex 190335.9 120381.6 182492.8
vertex 191835.9 122026.7 176851.9
vertex 191835.9 120471.7 182492.8
endloop
endfacet
facet normal 0 0 0
outer loop
vertex 186195 120381.6 179993.5
vertex 191835.9 122026.7 176851.9
vertex 190335.9 120381.6 182492.8
endloop
endfacet
facet normal 0 0 0
outer loop
vertex 186195 121282.4 176851.9
vertex 191835.9 122026.7 176851.9
vertex 186195 120381.6 179993.5
endloop
endfacet
facet normal 0 0 0
outer loop
vertex 191835.9 122026.7 176851.9
vertex 197476.9 123336.4 176851.9
vertex 197476.9 120984.3 182492.8
endloop
endfacet
facet normal 0 0 0
outer loop
vertex 197476.9 120984.3 182492.8
vertex 191835.9 120471.7 182492.8
vertex 191835.9 122026.7 176851.9
endloop
endfacet
facet normal 0 0 0
outer loop
vertex 167675.5 148586.2 188133.8
vertex 163631.2 148586.2 184585.1
vertex 163631.2 144918.2 188133.8
endloop
endfacet
facet normal 0 0 0
outer loop
vertex 141067.5 125156.3 182492.8
vertex 141067.5 126022.5 183313.8
vertex 139462.2 126022.5 182492.8
endloop
endfacet
facet normal 0 0 0
outer loop
vertex 191835.9 164476.4 188133.8
vertex 186195 164585.3 182492.8
vertex 186195 163673.8 188133.8
endloop
endfacet
facet normal 0 0 0
outer loop
vertex 191835.9 164152.3 182492.8
vertex 186195 164585.3 182492.8
vertex 191835.9 164476.4 188133.8
endloop
endfacet
facet normal 0 0 0
outer loop
vertex 160979 148586.2 182492.8
vertex 163631.2 148586.2 184585.1
vertex 163631.2 151138.9 182492.8
endloop
endfacet
facet normal 0 0 0
outer loop
vertex 129785.6 137304.4 185434
vertex 124144.7 137304.4 183076.9
vertex 124144.7 134901.9 182492.8
endloop
endfacet
facet normal 0 0 0
outer loop
vertex 146708.4 122755.6 182492.8
vertex 141067.5 126022.5 183313.8
vertex 141067.5 125156.3 182492.8
endloop
endfacet
facet normal 0 0 0
outer loop
vertex 128000.8 131663.4 182492.8
vertex 129785.6 137304.4 185434
vertex 124144.7 134901.9 182492.8
endloop
endfacet
facet normal 0 0 0
outer loop
vertex 146708.4 126022.5 186663.8
vertex 141067.5 126022.5 183313.8
vertex 146708.4 122755.6 182492.8
endloop
endfacet
facet normal 0 0 0
outer loop
vertex 129785.6 131663.4 183042.5
vertex 129785.6 137304.4 185434
vertex 128000.8 131663.4 182492.8
endloop
endfacet
facet normal 0 0 0
outer loop
vertex 197476.9 164096.8 188133.8
vertex 191835.9 164152.3 182492.8
vertex 191835.9 164476.4 188133.8
endloop
endfacet
facet normal 0 0 0
outer loop
vertex 197476.9 162741.7 182492.8
vertex 191835.9 164152.3 182492.8
vertex 197476.9 164096.8 188133.8
endloop
endfacet
facet normal 0 0 0
outer loop
vertex 135426.6 131663.4 184944.2
vertex 129785.6 131663.4 183042.5
vertex 129785.6 130872.8 182492.8
endloop
endfacet
facet normal 0 0 0
outer loop
vertex 129785.6 130872.8 182492.8
vertex 135426.6 128183.3 182492.8
vertex 135426.6 131663.4 184944.2
endloop
endfacet
facet normal 0 0 0
outer loop
vertex 146708.4 122755.6 182492.8
vertex 152349.4 121744.6 182492.8
vertex 152349.4 123878.8 188133.8
endloop
endfacet
facet normal 0 0 0
outer loop
vertex 148668.9 126022.5 188133.8
vertex 146708.4 122755.6 182492.8
vertex 152349.4 123878.8 188133.8
endloop
endfacet
facet normal 0 0 0
outer loop
vertex 163631.2 151138.9 182492.8
vertex 163631.2 148586.2 184585.1
vertex 167675.5 148586.2 188133.8
endloop
endfacet
facet normal 0 0 0
outer loop
vertex 146708.4 126022.5 186663.8
vertex 146708.4 122755.6 182492.8
vertex 148668.9 126022.5 188133.8
endloop
endfacet
facet normal 0 0 0
outer loop
vertex 168184.8 154227.2 182492.8
vertex 163631.2 151138.9 182492.8
vertex 167675.5 148586.2 188133.8
endloop
endfacet
facet normal 0 0 0
outer loop
vertex 169272.2 154227.2 183342.1
vertex 168184.8 154227.2 182492.8
vertex 167675.5 148586.2 188133.8
endloop
endfacet
facet normal 0 0 0
outer loop
vertex 169272.2 149432.5 188133.8
vertex 169272.2 154227.2 183342.1
vertex 167675.5 148586.2 188133.8
endloop
endfacet
facet normal 0 0 0
outer loop
vertex 174040.7 154227.2 188133.8
vertex 169272.2 154227.2 183342.1
vertex 169272.2 149432.5 188133.8
endloop
endfacet
facet normal 0 0 0
outer loop
vertex 139462.2 126022.5 182492.8
vertex 135426.6 131663.4 184944.2
vertex 135426.6 128183.3 182492.8
endloop
endfacet
facet normal 0 0 0
outer loop
vertex 141067.5 131663.4 186842.8
vertex 135426.6 131663.4 184944.2
vertex 139462.2 126022.5 182492.8
endloop
endfacet
facet normal 0 0 0
outer loop
vertex 152349.4 121744.6 182492.8
vertex 157990.3 121075.4 182492.8
vertex 157990.3 122009.2 188133.8
endloop
endfacet
facet normal 0 0 0
outer loop
vertex 141067.5 126022.5 183313.8
vertex 141067.5 131663.4 186842.8
vertex 139462.2 126022.5 182492.8
endloop
endfacet
facet normal 0 0 0
outer loop
vertex 157990.3 122009.2 188133.8
vertex 152349.4 123878.8 188133.8
vertex 152349.4 121744.6 182492.8
endloop
endfacet
facet normal 0 0 0
outer loop
vertex 168184.8 154227.2 182492.8
vertex 169272.2 154227.2 183342.1
vertex 169272.2 155432.2 182492.8
endloop
endfacet
facet normal 0 0 0
outer loop
vertex 129785.6 137304.4 185434
vertex 135426.6 131663.4 184944.2
vertex 135426.6 137304.4 186735.9
endloop
endfacet
facet normal 0 0 0
outer loop
vertex 157990.3 121075.4 182492.8
vertex 163631.2 120570.7 182492.8
vertex 163631.2 121071.5 188133.8
endloop
endfacet
facet normal 0 0 0
outer loop
vertex 129785.6 131663.4 183042.5
vertex 135426.6 131663.4 184944.2
vertex 129785.6 137304.4 185434
endloop
endfacet
facet normal 0 0 0
outer loop
vertex 163631.2 121071.5 188133.8
vertex 157990.3 122009.2 188133.8
vertex 157990.3 121075.4 182492.8
endloop
endfacet
facet normal 0 0 0
outer loop
vertex 174913.1 155928.7 188133.8
vertex 169272.2 154227.2 183342.1
vertex 174040.7 154227.2 188133.8
endloop
endfacet
facet normal 0 0 0
outer loop
vertex 169272.2 155432.2 182492.8
vertex 169272.2 154227.2 183342.1
vertex 174913.1 155928.7 188133.8
endloop
endfacet
facet normal 0 0 0
outer loop
vertex 174913.1 159868.1 185306.3
vertex 169272.2 155432.2 182492.8
vertex 174913.1 155928.7 188133.8
endloop
endfacet
facet normal 0 0 0
outer loop
vertex 171186.1 159868.1 182492.8
vertex 169272.2 155432.2 182492.8
vertex 174913.1 159868.1 185306.3
endloop
endfacet
facet normal 0 0 0
outer loop
vertex 135426.6 137304.4 186735.9
vertex 141067.5 131663.4 186842.8
vertex 141067.5 137304.4 187796.4
endloop
endfacet
facet normal 0 0 0
outer loop
vertex 167902.5 120381.6 188133.8
vertex 169272.2 120050 182492.8
vertex 169272.2 120191.9 188133.8
endloop
endfacet
facet normal 0 0 0
outer loop
vertex 135426.6 131663.4 184944.2
vertex 141067.5 131663.4 186842.8
vertex 135426.6 137304.4 186735.9
endloop
endfacet
facet normal 0 0 0
outer loop
vertex 166072.7 120381.6 182492.8
vertex 169272.2 120050 182492.8
vertex 167902.5 120381.6 188133.8
endloop
endfacet
facet normal 0 0 0
outer loop
vertex 177648.4 159868.1 188133.8
vertex 174913.1 159868.1 185306.3
vertex 174913.1 155928.7 188133.8
endloop
endfacet
facet normal 0 0 0
outer loop
vertex 169272.2 120191.9 188133.8
vertex 174913.1 119906 182492.8
vertex 174913.1 119557.6 188133.8
endloop
endfacet
facet normal 0 0 0
outer loop
vertex 124144.7 137304.4 183076.9
vertex 124144.7 142945.3 183042.2
vertex 123435.2 142945.3 182492.8
endloop
endfacet
facet normal 0 0 0
outer loop
vertex 171186.1 159868.1 182492.8
vertex 174913.1 159868.1 185306.3
vertex 174913.1 164956.7 182492.8
endloop
endfacet
facet normal 0 0 0
outer loop
vertex 169272.2 120050 182492.8
vertex 174913.1 119906 182492.8
vertex 169272.2 120191.9 188133.8
endloop
endfacet
facet normal 0 0 0
outer loop
vertex 123435.2 142945.3 182492.8
vertex 123212.2 137304.4 182492.8
vertex 124144.7 137304.4 183076.9
endloop
endfacet
facet normal 0 0 0
outer loop
vertex 163631.2 121071.5 188133.8
vertex 166072.7 120381.6 182492.8
vertex 167902.5 120381.6 188133.8
endloop
endfacet
facet normal 0 0 0
outer loop
vertex 163631.2 120570.7 182492.8
vertex 166072.7 120381.6 182492.8
vertex 163631.2 121071.5 188133.8
endloop
endfacet
facet normal 0 0 0
outer loop
vertex 124144.7 142945.3 183042.2
vertex 129785.6 137304.4 185434
vertex 129785.6 142945.3 185647.3
endloop
endfacet
facet normal 0 0 0
outer loop
vertex 124144.7 137304.4 183076.9
vertex 129785.6 137304.4 185434
vertex 124144.7 142945.3 183042.2
endloop
endfacet
facet normal 0 0 0
outer loop
vertex 180554.1 161830.3 188133.8
vertex 174913.1 159868.1 185306.3
vertex 177648.4 159868.1 188133.8
endloop
endfacet
facet normal 0 0 0
outer loop
vertex 180554.1 165214.1 182492.8
vertex 174913.1 159868.1 185306.3
vertex 180554.1 161830.3 188133.8
endloop
endfacet
facet normal 0 0 0
outer loop
vertex 174913.1 164956.7 182492.8
vertex 174913.1 159868.1 185306.3
vertex 180554.1 165214.1 182492.8
endloop
endfacet
facet normal 0 0 0
outer loop
vertex 174913.1 119557.6 188133.8
vertex 180554.1 119871.8 182492.8
vertex 180554.1 119199.7 188133.8
endloop
endfacet
facet normal 0 0 0
outer loop
vertex 123435.2 142945.3 182492.8
vertex 124144.7 142945.3 183042.2
vertex 124144.7 144807.3 182492.8
endloop
endfacet
facet normal 0 0 0
outer loop
vertex 174913.1 119906 182492.8
vertex 180554.1 119871.8 182492.8
vertex 174913.1 119557.6 188133.8
endloop
endfacet
facet normal 0 0 0
outer loop
vertex 186195 163673.8 188133.8
vertex 180554.1 165214.1 182492.8
vertex 180554.1 161830.3 188133.8
endloop
endfacet
facet normal 0 0 0
outer loop
vertex 186195 164585.3 182492.8
vertex 180554.1 165214.1 182492.8
vertex 186195 163673.8 188133.8
endloop
endfacet
facet normal 0 0 0
outer loop
vertex 180554.1 119871.8 182492.8
vertex 186195 119996.1 182492.8
vertex 186195 119351.8 188133.8
endloop
endfacet
facet normal 0 0 0
outer loop
vertex 186195 119351.8 188133.8
vertex 180554.1 119199.7 188133.8
vertex 180554.1 119871.8 182492.8
endloop
endfacet
facet normal 0 0 0
outer loop
vertex 129785.6 142945.3 185647.3
vertex 129785.6 148586.2 183824.7
vertex 126712.9 148586.2 182492.8
endloop
endfacet
facet normal 0 0 0
outer loop
vertex 124144.7 144807.3 182492.8
vertex 129785.6 142945.3 185647.3
vertex 126712.9 148586.2 182492.8
endloop
endfacet
facet normal 0 0 0
outer loop
vertex 190335.9 120381.6 182492.8
vertex 191835.9 120381.6 183412.6
vertex 191835.9 119561.5 188133.8
endloop
endfacet
facet normal 0 0 0
outer loop
vertex 129785.6 130872.8 182492.8
vertex 129785.6 131663.4 183042.5
vertex 128000.8 131663.4 182492.8
endloop
endfacet
facet normal 0 0 0
outer loop
vertex 124144.7 142945.3 183042.2
vertex 129785.6 142945.3 185647.3
vertex 124144.7 144807.3 182492.8
endloop
endfacet
facet normal 0 0 0
outer loop
vertex 186195 119351.8 188133.8
vertex 190335.9 120381.6 182492.8
vertex 191835.9 119561.5 188133.8
endloop
endfacet
facet normal 0 0 0
outer loop
vertex 186195 119996.1 182492.8
vertex 190335.9 120381.6 182492.8
vertex 186195 119351.8 188133.8
endloop
endfacet
facet normal 0 0 0
outer loop
vertex 124144.7 134901.9 182492.8
vertex 124144.7 137304.4 183076.9
vertex 123212.2 137304.4 182492.8
endloop
endfacet
facet normal 0 0 0
outer loop
vertex 191835.9 119561.5 188133.8
vertex 197476.9 120381.6 184686.7
vertex 197476.9 119371.6 188133.8
endloop
endfacet
facet normal 0 0 0
outer loop
vertex 191835.9 120381.6 183412.6
vertex 197476.9 120381.6 184686.7
vertex 191835.9 119561.5 188133.8
endloop
endfacet
facet normal 0 0 0
outer loop
vertex 129785.6 142945.3 185647.3
vertex 135426.6 137304.4 186735.9
vertex 135426.6 142945.3 186653.1
endloop
endfacet
facet normal 0 0 0
outer loop
vertex 129785.6 137304.4 185434
vertex 135426.6 137304.4 186735.9
vertex 129785.6 142945.3 185647.3
endloop
endfacet
facet normal 0 0 0
outer loop
vertex 191835.9 120471.7 182492.8
vertex 191835.9 120381.6 183412.6
vertex 190335.9 120381.6 182492.8
endloop
endfacet
facet normal 0 0 0
outer loop
vertex 135426.6 137304.4 186735.9
vertex 141067.5 137304.4 187796.4
vertex 141067.5 142945.3 186908.2
endloop
endfacet
facet normal 0 0 0
outer loop
vertex 141067.5 142945.3 186908.2
vertex 135426.6 142945.3 186653.1
vertex 135426.6 137304.4 186735.9
endloop
endfacet
facet normal 0 0 0
outer loop
vertex 197476.9 120984.3 182492.8
vertex 191835.9 120381.6 183412.6
vertex 191835.9 120471.7 182492.8
endloop
endfacet
facet normal 0 0 0
outer loop
vertex 197476.9 120381.6 184686.7
vertex 191835.9 120381.6 183412.6
vertex 197476.9 120984.3 182492.8
endloop
endfacet
facet normal 0 0 0
outer loop
vertex 129785.6 142945.3 185647.3
vertex 135426.6 142945.3 186653.1
vertex 135426.6 148586.2 184907.7
endloop
endfacet
facet normal 0 0 0
outer loop
vertex 135426.6 148586.2 184907.7
vertex 129785.6 148586.2 183824.7
vertex 129785.6 142945.3 185647.3
endloop
endfacet
facet normal 0 0 0
outer loop
vertex 135426.6 142945.3 186653.1
vertex 141067.5 142945.3 186908.2
vertex 141067.5 148586.2 184723.8
endloop
endfacet
facet normal 0 0 0
outer loop
vertex 141067.5 148586.2 184723.8
vertex 135426.6 148586.2 184907.7
vertex 135426.6 142945.3 186653.1
endloop
endfacet
facet normal 0 0 0
outer loop
vertex 141067.5 126022.5 183313.8
vertex 146708.4 126022.5 186663.8
vertex 146708.4 127710.1 188133.8
endloop
endfacet
facet normal 0 0 0
outer loop
vertex 141067.5 131663.4 186842.8
vertex 141067.5 126022.5 183313.8
vertex 146708.4 127710.1 188133.8
endloop
endfacet
facet normal 0 0 0
outer loop
vertex 144168.6 131663.4 188133.8
vertex 141067.5 131663.4 186842.8
vertex 146708.4 127710.1 188133.8
endloop
endfacet
facet normal 0 0 0
outer loop
vertex 146708.4 127710.1 188133.8
vertex 146708.4 126022.5 186663.8
vertex 148668.9 126022.5 188133.8
endloop
endfacet
facet normal 0 0 0
outer loop
vertex 142637.8 137304.4 188133.8
vertex 141067.5 131663.4 186842.8
vertex 144168.6 131663.4 188133.8
endloop
endfacet
facet normal 0 0 0
outer loop
vertex 141067.5 137304.4 187796.4
vertex 141067.5 131663.4 186842.8
vertex 142637.8 137304.4 188133.8
endloop
endfacet
facet normal 0 0 0
outer loop
vertex 141067.5 142945.3 186908.2
vertex 141067.5 137304.4 187796.4
vertex 142637.8 137304.4 188133.8
endloop
endfacet
facet normal 0 0 0
outer loop
vertex 146708.4 140542 188133.8
vertex 141067.5 142945.3 186908.2
vertex 142637.8 137304.4 188133.8
endloop
endfacet
facet normal 0 0 0
outer loop
vertex 146708.4 142945.3 186912.5
vertex 141067.5 142945.3 186908.2
vertex 146708.4 140542 188133.8
endloop
endfacet
facet normal 0 0 0
outer loop
vertex 152349.4 140597.8 188133.8
vertex 146708.4 142945.3 186912.5
vertex 146708.4 140542 188133.8
endloop
endfacet
facet normal 0 0 0
outer loop
vertex 152349.4 142945.3 185296.3
vertex 146708.4 142945.3 186912.5
vertex 152349.4 140597.8 188133.8
endloop
endfacet
facet normal 0 0 0
outer loop
vertex 141067.5 148586.2 184723.8
vertex 146708.4 142945.3 186912.5
vertex 146708.4 148586.2 183617.5
endloop
endfacet
facet normal 0 0 0
outer loop
vertex 141067.5 142945.3 186908.2
vertex 146708.4 142945.3 186912.5
vertex 141067.5 148586.2 184723.8
endloop
endfacet
facet normal 0 0 0
outer loop
vertex 150719.4 148586.2 182492.8
vertex 152349.4 142945.3 185296.3
vertex 152349.4 147420.8 182492.8
endloop
endfacet
facet normal 0 0 0
outer loop
vertex 146708.4 142945.3 186912.5
vertex 152349.4 142945.3 185296.3
vertex 150719.4 148586.2 182492.8
endloop
endfacet
facet normal 0 0 0
outer loop
vertex 146708.4 148586.2 183617.5
vertex 146708.4 142945.3 186912.5
vertex 150719.4 148586.2 182492.8
endloop
endfacet
facet normal 0 0 0
outer loop
vertex 157990.3 141793.7 188133.8
vertex 152349.4 142945.3 185296.3
vertex 152349.4 140597.8 188133.8
endloop
endfacet
facet normal 0 0 0
outer loop
vertex 157990.3 142945.3 186106
vertex 152349.4 142945.3 185296.3
vertex 157990.3 141793.7 188133.8
endloop
endfacet
facet normal 0 0 0
outer loop
vertex 160514.7 142945.3 188133.8
vertex 157990.3 142945.3 186106
vertex 157990.3 141793.7 188133.8
endloop
endfacet
facet normal 0 0 0
outer loop
vertex 152349.4 142945.3 185296.3
vertex 157990.3 142945.3 186106
vertex 157990.3 146353.8 182492.8
endloop
endfacet
facet normal 0 0 0
outer loop
vertex 157990.3 146353.8 182492.8
vertex 152349.4 147420.8 182492.8
vertex 152349.4 142945.3 185296.3
endloop
endfacet
facet normal 0 0 0
outer loop
vertex 157990.3 146353.8 182492.8
vertex 157990.3 142945.3 186106
vertex 160514.7 142945.3 188133.8
endloop
endfacet
facet normal 0 0 0
outer loop
vertex 163631.2 148586.2 184585.1
vertex 157990.3 146353.8 182492.8
vertex 160514.7 142945.3 188133.8
endloop
endfacet
facet normal 0 0 0
outer loop
vertex 163631.2 144918.2 188133.8
vertex 163631.2 148586.2 184585.1
vertex 160514.7 142945.3 188133.8
endloop
endfacet
facet normal 0 0 0
outer loop
vertex 160979 148586.2 182492.8
vertex 157990.3 146353.8 182492.8
vertex 163631.2 148586.2 184585.1
endloop
endfacet
facet normal 0 0 0
outer loop
vertex 152349.4 157836.5 176851.9
vertex 147914.9 153082 180313
vertex 152349.4 154227.2 179056.8
endloop
endfacet
facet normal 0 0 0
outer loop
vertex 152349.4 154227.2 179056.8
vertex 147914.9 153082 180313
vertex 152349.4 148586.2 182057.1
endloop
endfacet
facet normal 0 0 0
outer loop
vertex 152349.4 148586.2 182057.1
vertex 147914.9 153082 180313
vertex 150719.4 148586.2 182492.8
endloop
endfacet
facet normal 0 0 0
outer loop
vertex 150719.4 148586.2 182492.8
vertex 147914.9 153082 180313
vertex 146708.4 148586.2 183617.5
endloop
endfacet
facet normal 0 0 0
outer loop
vertex 146708.4 148586.2 183617.5
vertex 147914.9 153082 180313
vertex 141067.5 148586.2 184723.8
endloop
endfacet
facet normal 0 0 0
outer loop
vertex 141067.5 148586.2 184723.8
vertex 147914.9 153082 180313
vertex 141067.5 159707 176851.9
endloop
endfacet
facet normal 0 0 0
outer loop
vertex 141067.5 159707 176851.9
vertex 147914.9 153082 180313
vertex 146708.4 158540.7 176851.9
endloop
endfacet
facet normal 0 0 0
outer loop
vertex 146708.4 158540.7 176851.9
vertex 147914.9 153082 180313
vertex 152349.4 157836.5 176851.9
endloop
endfacet
facet normal 0 0 0
outer loop
vertex 208758.8 121012.7 188133.8
vertex 201525.8 122447.4 182550.4
vertex 208758.8 126022.5 180702.3
endloop
endfacet
facet normal 0 0 0
outer loop
vertex 208758.8 126022.5 180702.3
vertex 201525.8 122447.4 182550.4
vertex 203255.8 126022.5 176851.9
endloop
endfacet
facet normal 0 0 0
outer loop
vertex 203255.8 126022.5 176851.9
vertex 201525.8 122447.4 182550.4
vertex 197476.9 123336.4 176851.9
endloop
endfacet
facet normal 0 0 0
outer loop
vertex 197476.9 123336.4 176851.9
vertex 201525.8 122447.4 182550.4
vertex 197476.9 120984.3 182492.8
endloop
endfacet
facet normal 0 0 0
outer loop
vertex 197476.9 120984.3 182492.8
vertex 201525.8 122447.4 182550.4
vertex 197476.9 120381.6 184686.7
endloop
endfacet
facet normal 0 0 0
outer loop
vertex 197476.9 120381.6 184686.7
vertex 201525.8 122447.4 182550.4
vertex 197476.9 119371.6 188133.8
endloop
endfacet
facet normal 0 0 0
outer loop
vertex 197476.9 119371.6 188133.8
vertex 201525.8 122447.4 182550.4
vertex 208758.8 121012.7 188133.8
endloop
endfacet
facet normal 0 0 0
outer loop
vertex 208758.8 121012.7 188133.8
vertex 208758.8 126022.5 180702.3
vertex 219354.4 126022.5 188133.8
endloop
endfacet
facet normal 0 0 0
outer loop
vertex 208758.8 130631 176851.9
vertex 208758.8 126022.5 180702.3
vertex 203255.8 126022.5 176851.9
endloop
endfacet
facet normal 0 0 0
outer loop
vertex 219354.4 126022.5 188133.8
vertex 220040.6 137304.4 182157.3
vertex 220040.6 126422.7 188133.8
endloop
endfacet
facet normal 0 0 0
outer loop
vertex 208758.8 126022.5 180702.3
vertex 220040.6 137304.4 182157.3
vertex 219354.4 126022.5 188133.8
endloop
endfacet
facet normal 0 0 0
outer loop
vertex 208758.8 130631 176851.9
vertex 220040.6 137304.4 182157.3
vertex 208758.8 126022.5 180702.3
endloop
endfacet
facet normal 0 0 0
outer loop
vertex 211778.2 137304.4 176851.9
vertex 220040.6 137304.4 182157.3
vertex 208758.8 130631 176851.9
endloop
endfacet
facet normal 0 0 0
outer loop
vertex 129785.6 157601.6 176851.9
vertex 125812.3 151374 179206.5
vertex 129785.6 148586.2 183824.7
endloop
endfacet
facet normal 0 0 0
outer loop
vertex 129785.6 148586.2 183824.7
vertex 125812.3 151374 179206.5
vertex 126712.9 148586.2 182492.8
endloop
endfacet
facet normal 0 0 0
outer loop
vertex 126712.9 148586.2 182492.8
vertex 125812.3 151374 179206.5
vertex 124144.7 148586.2 180720.5
endloop
endfacet
facet normal 0 0 0
outer loop
vertex 124144.7 148586.2 180720.5
vertex 125812.3 151374 179206.5
vertex 121280.3 148586.2 176851.9
endloop
endfacet
facet normal 0 0 0
outer loop
vertex 121280.3 148586.2 176851.9
vertex 125812.3 151374 179206.5
vertex 124144.7 153444 176851.9
endloop
endfacet
facet normal 0 0 0
outer loop
vertex 124144.7 153444 176851.9
vertex 125812.3 151374 179206.5
vertex 124831.9 154227.2 176851.9
endloop
endfacet
facet normal 0 0 0
outer loop
vertex 124831.9 154227.2 176851.9
vertex 125812.3 151374 179206.5
vertex 129785.6 157601.6 176851.9
endloop
endfacet
facet normal 0 0 0
outer loop
vertex 220040.6 126422.7 188133.8
vertex 220040.6 137304.4 182157.3
vertex 230610.8 137304.4 188133.8
endloop
endfacet
facet normal 0 0 0
outer loop
vertex 141067.5 159707 176851.9
vertex 135426.6 152613.5 181432
vertex 141067.5 148586.2 184723.8
endloop
endfacet
facet normal 0 0 0
outer loop
vertex 141067.5 148586.2 184723.8
vertex 135426.6 152613.5 181432
vertex 135426.6 148586.2 184907.7
endloop
endfacet
facet normal 0 0 0
outer loop
vertex 135426.6 148586.2 184907.7
vertex 135426.6 152613.5 181432
vertex 129785.6 148586.2 183824.7
endloop
endfacet
facet normal 0 0 0
outer loop
vertex 129785.6 148586.2 183824.7
vertex 135426.6 152613.5 181432
vertex 129785.6 157601.6 176851.9
endloop
endfacet
facet normal 0 0 0
outer loop
vertex 220040.6 148586.2 182400
vertex 220040.6 137304.4 182157.3
vertex 211778.2 137304.4 176851.9
endloop
endfacet
facet normal 0 0 0
outer loop
vertex 129785.6 157601.6 176851.9
vertex 135426.6 152613.5 181432
vertex 141067.5 159707 176851.9
endloop
endfacet
facet normal 0 0 0
outer loop
vertex 211778.2 137304.4 176851.9
vertex 210182.9 148586.2 176851.9
vertex 220040.6 148586.2 182400
endloop
endfacet
facet normal 0 0 0
outer loop
vertex 220040.6 148586.2 182400
vertex 231322.5 148586.2 188072.9
vertex 231322.5 138704.4 188133.8
endloop
endfacet
facet normal 0 0 0
outer loop
vertex 220040.6 137304.4 182157.3
vertex 220040.6 148586.2 182400
vertex 231322.5 138704.4 188133.8
endloop
endfacet
facet normal 0 0 0
outer loop
vertex 230610.8 137304.4 188133.8
vertex 220040.6 137304.4 182157.3
vertex 231322.5 138704.4 188133.8
endloop
endfacet
facet normal 0 0 0
outer loop
vertex 205564.1 154227.2 176851.9
vertex 203525.5 156651.4 178184.2
vertex 208758.8 150842 176851.9
endloop
endfacet
facet normal 0 0 0
outer loop
vertex 208758.8 150842 176851.9
vertex 203525.5 156651.4 178184.2
vertex 208758.8 159868.1 183917.1
endloop
endfacet
facet normal 0 0 0
outer loop
vertex 208758.8 159868.1 183917.1
vertex 203525.5 156651.4 178184.2
vertex 197476.9 159868.1 177780.4
endloop
endfacet
facet normal 0 0 0
outer loop
vertex 197476.9 159868.1 177780.4
vertex 203525.5 156651.4 178184.2
vertex 197476.9 159123.9 176851.9
endloop
endfacet
facet normal 0 0 0
outer loop
vertex 197476.9 159123.9 176851.9
vertex 203525.5 156651.4 178184.2
vertex 203117.8 155979.2 176851.9
endloop
endfacet
facet normal 0 0 0
outer loop
vertex 203117.8 155979.2 176851.9
vertex 203525.5 156651.4 178184.2
vertex 205564.1 154227.2 176851.9
endloop
endfacet
facet normal 0 0 0
outer loop
vertex 197476.9 164096.8 188133.8
vertex 201989.6 161776.5 184091.6
vertex 197476.9 162741.7 182492.8
endloop
endfacet
facet normal 0 0 0
outer loop
vertex 197476.9 162741.7 182492.8
vertex 201989.6 161776.5 184091.6
vertex 197476.9 159868.1 177780.4
endloop
endfacet
facet normal 0 0 0
outer loop
vertex 197476.9 159868.1 177780.4
vertex 201989.6 161776.5 184091.6
vertex 208758.8 159868.1 183917.1
endloop
endfacet
facet normal 0 0 0
outer loop
vertex 208758.8 159868.1 183917.1
vertex 201989.6 161776.5 184091.6
vertex 208758.8 162307.5 188133.8
endloop
endfacet
facet normal 0 0 0
outer loop
vertex 208758.8 162307.5 188133.8
vertex 201989.6 161776.5 184091.6
vertex 197476.9 164096.8 188133.8
endloop
endfacet
facet normal 0 0 0
outer loop
vertex 220040.6 148586.2 182400
vertex 208758.8 159868.1 183917.1
vertex 217665.8 159868.1 188133.8
endloop
endfacet
facet normal 0 0 0
outer loop
vertex 220040.6 158770.4 188133.8
vertex 220040.6 148586.2 182400
vertex 217665.8 159868.1 188133.8
endloop
endfacet
facet normal 0 0 0
outer loop
vertex 208758.8 150842 176851.9
vertex 208758.8 159868.1 183917.1
vertex 220040.6 148586.2 182400
endloop
endfacet
facet normal 0 0 0
outer loop
vertex 210182.9 148586.2 176851.9
vertex 208758.8 150842 176851.9
vertex 220040.6 148586.2 182400
endloop
endfacet
facet normal 0 0 0
outer loop
vertex 231322.5 148840.1 188133.8
vertex 220040.6 148586.2 182400
vertex 220040.6 158770.4 188133.8
endloop
endfacet
facet normal 0 0 0
outer loop
vertex 231322.5 148586.2 188072.9
vertex 220040.6 148586.2 182400
vertex 231322.5 148840.1 188133.8
endloop
endfacet
facet normal 0 0 0
outer loop
vertex 217665.8 159868.1 188133.8
vertex 208758.8 159868.1 183917.1
vertex 208758.8 162307.5 188133.8
endloop
endfacet
facet normal 0 0 0
outer loop
vertex 231322.5 138704.4 188133.8
vertex 231322.5 148586.2 188072.9
vertex 231466.9 148586.2 188133.8
endloop
endfacet
facet normal 0 0 0
outer loop
vertex 231466.9 148586.2 188133.8
vertex 231322.5 148586.2 188072.9
vertex 231322.5 148840.1 188133.8
endloop
endfacet
facet normal 0 0 0
outer loop
vertex 167675.5 148586.2 188133.8
vertex 169272.2 148586.2 189433.1
vertex 169272.2 149432.5 188133.8
endloop
endfacet
facet normal 0 0 0
outer loop
vertex 152349.4 123878.8 188133.8
vertex 152349.4 126022.5 191119.1
vertex 148668.9 126022.5 188133.8
endloop
endfacet
facet normal 0 0 0
outer loop
vertex 146708.4 127710.1 188133.8
vertex 146708.4 131663.4 189683.6
vertex 144168.6 131663.4 188133.8
endloop
endfacet
facet normal 0 0 0
outer loop
vertex 152349.4 137304.4 191148
vertex 157990.3 137304.4 192566.8
vertex 157990.3 141793.7 188133.8
endloop
endfacet
facet normal 0 0 0
outer loop
vertex 157990.3 141793.7 188133.8
vertex 152349.4 140597.8 188133.8
vertex 152349.4 137304.4 191148
endloop
endfacet
facet normal 0 0 0
outer loop
vertex 157990.3 126022.5 193738
vertex 152349.4 126022.5 191119.1
vertex 152349.4 123878.8 188133.8
endloop
endfacet
facet normal 0 0 0
outer loop
vertex 152349.4 123878.8 188133.8
vertex 157990.3 122009.2 188133.8
vertex 157990.3 126022.5 193738
endloop
endfacet
facet normal 0 0 0
outer loop
vertex 148668.9 126022.5 188133.8
vertex 146708.4 131663.4 189683.6
vertex 146708.4 127710.1 188133.8
endloop
endfacet
facet normal 0 0 0
outer loop
vertex 174913.1 149210 193774.7
vertex 169272.2 148586.2 189433.1
vertex 174501.3 148586.2 193774.7
endloop
endfacet
facet normal 0 0 0
outer loop
vertex 152349.4 126022.5 191119.1
vertex 146708.4 131663.4 189683.6
vertex 148668.9 126022.5 188133.8
endloop
endfacet
facet normal 0 0 0
outer loop
vertex 174913.1 154227.2 190069.2
vertex 169272.2 148586.2 189433.1
vertex 174913.1 149210 193774.7
endloop
endfacet
facet normal 0 0 0
outer loop
vertex 152349.4 131663.4 192956.3
vertex 146708.4 131663.4 189683.6
vertex 152349.4 126022.5 191119.1
endloop
endfacet
facet normal 0 0 0
outer loop
vertex 169272.2 149432.5 188133.8
vertex 169272.2 148586.2 189433.1
vertex 174913.1 154227.2 190069.2
endloop
endfacet
facet normal 0 0 0
outer loop
vertex 174040.7 154227.2 188133.8
vertex 169272.2 149432.5 188133.8
vertex 174913.1 154227.2 190069.2
endloop
endfacet
facet normal 0 0 0
outer loop
vertex 160514.7 142945.3 188133.8
vertex 157990.3 137304.4 192566.8
vertex 162331.4 137304.4 193774.7
endloop
endfacet
facet normal 0 0 0
outer loop
vertex 163631.2 142945.3 189335.3
vertex 160514.7 142945.3 188133.8
vertex 162331.4 137304.4 193774.7
endloop
endfacet
facet normal 0 0 0
outer loop
vertex 163631.2 137745.3 193774.7
vertex 163631.2 142945.3 189335.3
vertex 162331.4 137304.4 193774.7
endloop
endfacet
facet normal 0 0 0
outer loop
vertex 157990.3 141793.7 188133.8
vertex 157990.3 137304.4 192566.8
vertex 160514.7 142945.3 188133.8
endloop
endfacet
facet normal 0 0 0
outer loop
vertex 157990.3 122009.2 188133.8
vertex 163631.2 121071.5 188133.8
vertex 163631.2 124416.1 193774.7
endloop
endfacet
facet normal 0 0 0
outer loop
vertex 158165.9 126022.5 193774.7
vertex 157990.3 122009.2 188133.8
vertex 163631.2 124416.1 193774.7
endloop
endfacet
facet normal 0 0 0
outer loop
vertex 157990.3 126022.5 193738
vertex 157990.3 122009.2 188133.8
vertex 158165.9 126022.5 193774.7
endloop
endfacet
facet normal 0 0 0
outer loop
vertex 174040.7 154227.2 188133.8
vertex 174913.1 154227.2 190069.2
vertex 174913.1 155928.7 188133.8
endloop
endfacet
facet normal 0 0 0
outer loop
vertex 144168.6 131663.4 188133.8
vertex 146708.4 137304.4 189264.4
vertex 142637.8 137304.4 188133.8
endloop
endfacet
facet normal 0 0 0
outer loop
vertex 146708.4 131663.4 189683.6
vertex 146708.4 137304.4 189264.4
vertex 144168.6 131663.4 188133.8
endloop
endfacet
facet normal 0 0 0
outer loop
vertex 160514.7 142945.3 188133.8
vertex 163631.2 142945.3 189335.3
vertex 163631.2 144918.2 188133.8
endloop
endfacet
facet normal 0 0 0
outer loop
vertex 178144.4 154227.2 193774.7
vertex 174913.1 154227.2 190069.2
vertex 174913.1 149210 193774.7
endloop
endfacet
facet normal 0 0 0
outer loop
vertex 146708.4 131663.4 189683.6
vertex 152349.4 131663.4 192956.3
vertex 152349.4 137304.4 191148
endloop
endfacet
facet normal 0 0 0
outer loop
vertex 152349.4 137304.4 191148
vertex 146708.4 137304.4 189264.4
vertex 146708.4 131663.4 189683.6
endloop
endfacet
facet normal 0 0 0
outer loop
vertex 169218.6 142945.3 193774.7
vertex 163631.2 142945.3 189335.3
vertex 163631.2 137745.3 193774.7
endloop
endfacet
facet normal 0 0 0
outer loop
vertex 177648.4 159868.1 188133.8
vertex 174913.1 154227.2 190069.2
vertex 178144.4 154227.2 193774.7
endloop
endfacet
facet normal 0 0 0
outer loop
vertex 180554.1 157040.5 193774.7
vertex 177648.4 159868.1 188133.8
vertex 178144.4 154227.2 193774.7
endloop
endfacet
facet normal 0 0 0
outer loop
vertex 180554.1 159868.1 190696
vertex 177648.4 159868.1 188133.8
vertex 180554.1 157040.5 193774.7
endloop
endfacet
facet normal 0 0 0
outer loop
vertex 174913.1 155928.7 188133.8
vertex 174913.1 154227.2 190069.2
vertex 177648.4 159868.1 188133.8
endloop
endfacet
facet normal 0 0 0
outer loop
vertex 152349.4 126022.5 191119.1
vertex 157990.3 126022.5 193738
vertex 157990.3 126076.6 193774.7
endloop
endfacet
facet normal 0 0 0
outer loop
vertex 154196.4 131663.4 193774.7
vertex 152349.4 126022.5 191119.1
vertex 157990.3 126076.6 193774.7
endloop
endfacet
facet normal 0 0 0
outer loop
vertex 152349.4 131663.4 192956.3
vertex 152349.4 126022.5 191119.1
vertex 154196.4 131663.4 193774.7
endloop
endfacet
facet normal 0 0 0
outer loop
vertex 169272.2 143019.5 193774.7
vertex 163631.2 142945.3 189335.3
vertex 169218.6 142945.3 193774.7
endloop
endfacet
facet normal 0 0 0
outer loop
vertex 169272.2 148586.2 189433.1
vertex 163631.2 142945.3 189335.3
vertex 169272.2 143019.5 193774.7
endloop
endfacet
facet normal 0 0 0
outer loop
vertex 163631.2 144918.2 188133.8
vertex 163631.2 142945.3 189335.3
vertex 169272.2 148586.2 189433.1
endloop
endfacet
facet normal 0 0 0
outer loop
vertex 167675.5 148586.2 188133.8
vertex 163631.2 144918.2 188133.8
vertex 169272.2 148586.2 189433.1
endloop
endfacet
facet normal 0 0 0
outer loop
vertex 184050.4 159868.1 193774.7
vertex 180554.1 159868.1 190696
vertex 180554.1 157040.5 193774.7
endloop
endfacet
facet normal 0 0 0
outer loop
vertex 157990.3 126076.6 193774.7
vertex 157990.3 126022.5 193738
vertex 158165.9 126022.5 193774.7
endloop
endfacet
facet normal 0 0 0
outer loop
vertex 174501.3 148586.2 193774.7
vertex 169272.2 148586.2 189433.1
vertex 169272.2 143019.5 193774.7
endloop
endfacet
facet normal 0 0 0
outer loop
vertex 177648.4 159868.1 188133.8
vertex 180554.1 159868.1 190696
vertex 180554.1 161830.3 188133.8
endloop
endfacet
facet normal 0 0 0
outer loop
vertex 152349.4 137304.4 191148
vertex 152349.4 131663.4 192956.3
vertex 154196.4 131663.4 193774.7
endloop
endfacet
facet normal 0 0 0
outer loop
vertex 157990.3 135832.2 193774.7
vertex 152349.4 137304.4 191148
vertex 154196.4 131663.4 193774.7
endloop
endfacet
facet normal 0 0 0
outer loop
vertex 157990.3 137304.4 192566.8
vertex 152349.4 137304.4 191148
vertex 157990.3 135832.2 193774.7
endloop
endfacet
facet normal 0 0 0
outer loop
vertex 186195 163673.8 188133.8
vertex 180554.1 159868.1 190696
vertex 184050.4 159868.1 193774.7
endloop
endfacet
facet normal 0 0 0
outer loop
vertex 186195 160976.6 193774.7
vertex 186195 163673.8 188133.8
vertex 184050.4 159868.1 193774.7
endloop
endfacet
facet normal 0 0 0
outer loop
vertex 180554.1 161830.3 188133.8
vertex 180554.1 159868.1 190696
vertex 186195 163673.8 188133.8
endloop
endfacet
facet normal 0 0 0
outer loop
vertex 162331.4 137304.4 193774.7
vertex 157990.3 137304.4 192566.8
vertex 157990.3 135832.2 193774.7
endloop
endfacet
facet normal 0 0 0
outer loop
vertex 142637.8 137304.4 188133.8
vertex 146708.4 137304.4 189264.4
vertex 146708.4 140542 188133.8
endloop
endfacet
facet normal 0 0 0
outer loop
vertex 146708.4 137304.4 189264.4
vertex 152349.4 137304.4 191148
vertex 152349.4 140597.8 188133.8
endloop
endfacet
facet normal 0 0 0
outer loop
vertex 152349.4 140597.8 188133.8
vertex 146708.4 140542 188133.8
vertex 146708.4 137304.4 189264.4
endloop
endfacet
facet normal 0 0 0
outer loop
vertex 174501.3 148586.2 193774.7
vertex 174913.1 148586.2 194045.4
vertex 174913.1 149210 193774.7
endloop
endfacet
facet normal 0 0 0
outer loop
vertex 163631.2 124416.1 193774.7
vertex 163631.2 126022.5 195045.9
vertex 158165.9 126022.5 193774.7
endloop
endfacet
facet normal 0 0 0
outer loop
vertex 174913.1 149210 193774.7
vertex 174913.1 148586.2 194045.4
vertex 180318.6 148586.2 199415.6
endloop
endfacet
facet normal 0 0 0
outer loop
vertex 180554.1 149157 199415.6
vertex 174913.1 149210 193774.7
vertex 180318.6 148586.2 199415.6
endloop
endfacet
facet normal 0 0 0
outer loop
vertex 180554.1 154227.2 196304.8
vertex 174913.1 149210 193774.7
vertex 180554.1 149157 199415.6
endloop
endfacet
facet normal 0 0 0
outer loop
vertex 178144.4 154227.2 193774.7
vertex 174913.1 149210 193774.7
vertex 180554.1 154227.2 196304.8
endloop
endfacet
facet normal 0 0 0
outer loop
vertex 183926 154227.2 199415.6
vertex 180554.1 154227.2 196304.8
vertex 180554.1 149157 199415.6
endloop
endfacet
facet normal 0 0 0
outer loop
vertex 178144.4 154227.2 193774.7
vertex 180554.1 154227.2 196304.8
vertex 180554.1 157040.5 193774.7
endloop
endfacet
facet normal 0 0 0
outer loop
vertex 186195 156451.7 199415.6
vertex 180554.1 154227.2 196304.8
vertex 183926 154227.2 199415.6
endloop
endfacet
facet normal 0 0 0
outer loop
vertex 180554.1 157040.5 193774.7
vertex 180554.1 154227.2 196304.8
vertex 186195 156451.7 199415.6
endloop
endfacet
facet normal 0 0 0
outer loop
vertex 184050.4 159868.1 193774.7
vertex 180554.1 157040.5 193774.7
vertex 186195 156451.7 199415.6
endloop
endfacet
facet normal 0 0 0
outer loop
vertex 186195 159868.1 195470.6
vertex 184050.4 159868.1 193774.7
vertex 186195 156451.7 199415.6
endloop
endfacet
facet normal 0 0 0
outer loop
vertex 184050.4 159868.1 193774.7
vertex 186195 159868.1 195470.6
vertex 186195 160976.6 193774.7
endloop
endfacet
facet normal 0 0 0
outer loop
vertex 162331.4 137304.4 193774.7
vertex 163631.2 137304.4 194500.9
vertex 163631.2 137745.3 193774.7
endloop
endfacet
facet normal 0 0 0
outer loop
vertex 163631.2 131663.4 196786.7
vertex 169272.2 126022.5 196943.6
vertex 169272.2 131663.4 198483.8
endloop
endfacet
facet normal 0 0 0
outer loop
vertex 163631.2 126022.5 195045.9
vertex 169272.2 126022.5 196943.6
vertex 163631.2 131663.4 196786.7
endloop
endfacet
facet normal 0 0 0
outer loop
vertex 169272.2 126022.5 196943.6
vertex 174913.1 126022.5 199002.6
vertex 174913.1 126781.8 199415.6
endloop
endfacet
facet normal 0 0 0
outer loop
vertex 171367.7 131663.4 199415.6
vertex 169272.2 126022.5 196943.6
vertex 174913.1 126781.8 199415.6
endloop
endfacet
facet normal 0 0 0
outer loop
vertex 169272.2 131663.4 198483.8
vertex 169272.2 126022.5 196943.6
vertex 171367.7 131663.4 199415.6
endloop
endfacet
facet normal 0 0 0
outer loop
vertex 157990.3 126076.6 193774.7
vertex 157990.3 131663.4 195207.8
vertex 154196.4 131663.4 193774.7
endloop
endfacet
facet normal 0 0 0
outer loop
vertex 163631.2 131663.4 196786.7
vertex 169272.2 131663.4 198483.8
vertex 169272.2 137304.4 197962.9
endloop
endfacet
facet normal 0 0 0
outer loop
vertex 169272.2 137304.4 197962.9
vertex 163631.2 137304.4 194500.9
vertex 163631.2 131663.4 196786.7
endloop
endfacet
facet normal 0 0 0
outer loop
vertex 169272.2 137304.4 197962.9
vertex 169272.2 131663.4 198483.8
vertex 171367.7 131663.4 199415.6
endloop
endfacet
facet normal 0 0 0
outer loop
vertex 171367.7 131663.4 199415.6
vertex 172286.9 137304.4 199415.6
vertex 169272.2 137304.4 197962.9
endloop
endfacet
facet normal 0 0 0
outer loop
vertex 158165.9 126022.5 193774.7
vertex 157990.3 131663.4 195207.8
vertex 157990.3 126076.6 193774.7
endloop
endfacet
facet normal 0 0 0
outer loop
vertex 163631.2 126022.5 195045.9
vertex 157990.3 131663.4 195207.8
vertex 158165.9 126022.5 193774.7
endloop
endfacet
facet normal 0 0 0
outer loop
vertex 163631.2 131663.4 196786.7
vertex 157990.3 131663.4 195207.8
vertex 163631.2 126022.5 195045.9
endloop
endfacet
facet normal 0 0 0
outer loop
vertex 154196.4 131663.4 193774.7
vertex 157990.3 131663.4 195207.8
vertex 157990.3 135832.2 193774.7
endloop
endfacet
facet normal 0 0 0
outer loop
vertex 169272.2 137304.4 197962.9
vertex 169272.2 142945.3 193846.6
vertex 169218.6 142945.3 193774.7
endloop
endfacet
facet normal 0 0 0
outer loop
vertex 163631.2 137745.3 193774.7
vertex 169272.2 137304.4 197962.9
vertex 169218.6 142945.3 193774.7
endloop
endfacet
facet normal 0 0 0
outer loop
vertex 163631.2 137304.4 194500.9
vertex 169272.2 137304.4 197962.9
vertex 163631.2 137745.3 193774.7
endloop
endfacet
facet normal 0 0 0
outer loop
vertex 163631.2 131663.4 196786.7
vertex 163631.2 137304.4 194500.9
vertex 162331.4 137304.4 193774.7
endloop
endfacet
facet normal 0 0 0
outer loop
vertex 157990.3 131663.4 195207.8
vertex 163631.2 131663.4 196786.7
vertex 162331.4 137304.4 193774.7
endloop
endfacet
facet normal 0 0 0
outer loop
vertex 157990.3 135832.2 193774.7
vertex 157990.3 131663.4 195207.8
vertex 162331.4 137304.4 193774.7
endloop
endfacet
facet normal 0 0 0
outer loop
vertex 174913.1 140818.1 199415.6
vertex 169272.2 137304.4 197962.9
vertex 172286.9 137304.4 199415.6
endloop
endfacet
facet normal 0 0 0
outer loop
vertex 174913.1 142945.3 197887.1
vertex 169272.2 137304.4 197962.9
vertex 174913.1 140818.1 199415.6
endloop
endfacet
facet normal 0 0 0
outer loop
vertex 169272.2 142945.3 193846.6
vertex 169272.2 137304.4 197962.9
vertex 174913.1 142945.3 197887.1
endloop
endfacet
facet normal 0 0 0
outer loop
vertex 169218.6 142945.3 193774.7
vertex 169272.2 142945.3 193846.6
vertex 169272.2 143019.5 193774.7
endloop
endfacet
facet normal 0 0 0
outer loop
vertex 174913.1 142945.3 197887.1
vertex 174913.1 148586.2 194045.4
vertex 174501.3 148586.2 193774.7
endloop
endfacet
facet normal 0 0 0
outer loop
vertex 169272.2 143019.5 193774.7
vertex 174913.1 142945.3 197887.1
vertex 174501.3 148586.2 193774.7
endloop
endfacet
facet normal 0 0 0
outer loop
vertex 169272.2 142945.3 193846.6
vertex 174913.1 142945.3 197887.1
vertex 169272.2 143019.5 193774.7
endloop
endfacet
facet normal 0 0 0
outer loop
vertex 177037.5 142945.3 199415.6
vertex 174913.1 142945.3 197887.1
vertex 174913.1 140818.1 199415.6
endloop
endfacet
facet normal 0 0 0
outer loop
vertex 174913.1 148586.2 194045.4
vertex 174913.1 142945.3 197887.1
vertex 177037.5 142945.3 199415.6
endloop
endfacet
facet normal 0 0 0
outer loop
vertex 177037.5 142945.3 199415.6
vertex 180318.6 148586.2 199415.6
vertex 174913.1 148586.2 194045.4
endloop
endfacet
facet normal 0 0 0
outer loop
vertex 197476.9 118379.8 199415.6
vertex 191835.9 119579.2 192646.5
vertex 197476.9 119371.6 188133.8
endloop
endfacet
facet normal 0 0 0
outer loop
vertex 197476.9 119371.6 188133.8
vertex 191835.9 119579.2 192646.5
vertex 191835.9 119561.5 188133.8
endloop
endfacet
facet normal 0 0 0
outer loop
vertex 191835.9 119561.5 188133.8
vertex 191835.9 119579.2 192646.5
vertex 186195 119351.8 188133.8
endloop
endfacet
facet normal 0 0 0
outer loop
vertex 186195 119351.8 188133.8
vertex 191835.9 119579.2 192646.5
vertex 186195 121231.6 199415.6
endloop
endfacet
facet normal 0 0 0
outer loop
vertex 186195 121231.6 199415.6
vertex 191835.9 119579.2 192646.5
vertex 197476.9 118379.8 199415.6
endloop
endfacet
facet normal 0 0 0
outer loop
vertex 197476.9 119371.6 188133.8
vertex 208758.8 121012.7 188133.8
vertex 208758.8 117795 199415.6
endloop
endfacet
facet normal 0 0 0
outer loop
vertex 208758.8 117795 199415.6
vertex 197476.9 118379.8 199415.6
vertex 197476.9 119371.6 188133.8
endloop
endfacet
facet normal 0 0 0
outer loop
vertex 219354.4 126022.5 188133.8
vertex 220040.6 126022.5 188564.2
vertex 220040.6 119790.8 199415.6
endloop
endfacet
facet normal 0 0 0
outer loop
vertex 208758.8 121012.7 188133.8
vertex 219354.4 126022.5 188133.8
vertex 220040.6 119790.8 199415.6
endloop
endfacet
facet normal 0 0 0
outer loop
vertex 208758.8 117795 199415.6
vertex 208758.8 121012.7 188133.8
vertex 220040.6 119790.8 199415.6
endloop
endfacet
facet normal 0 0 0
outer loop
vertex 220040.6 119790.8 199415.6
vertex 231322.5 126022.5 196359.9
vertex 231322.5 124070.8 199415.6
endloop
endfacet
facet normal 0 0 0
outer loop
vertex 220040.6 126022.5 188564.2
vertex 231322.5 126022.5 196359.9
vertex 220040.6 119790.8 199415.6
endloop
endfacet
facet normal 0 0 0
outer loop
vertex 231322.5 124070.8 199415.6
vertex 231322.5 126022.5 196359.9
vertex 235703.8 126022.5 199415.6
endloop
endfacet
facet normal 0 0 0
outer loop
vertex 163631.2 121071.5 188133.8
vertex 168395.9 122960.8 192162.7
vertex 163631.2 124416.1 193774.7
endloop
endfacet
facet normal 0 0 0
outer loop
vertex 163631.2 124416.1 193774.7
vertex 168395.9 122960.8 192162.7
vertex 163631.2 126022.5 195045.9
endloop
endfacet
facet normal 0 0 0
outer loop
vertex 163631.2 126022.5 195045.9
vertex 168395.9 122960.8 192162.7
vertex 169272.2 126022.5 196943.6
endloop
endfacet
facet normal 0 0 0
outer loop
vertex 169272.2 126022.5 196943.6
vertex 168395.9 122960.8 192162.7
vertex 174913.1 126022.5 199002.6
endloop
endfacet
facet normal 0 0 0
outer loop
vertex 174913.1 126022.5 199002.6
vertex 168395.9 122960.8 192162.7
vertex 174913.1 119557.6 188133.8
endloop
endfacet
facet normal 0 0 0
outer loop
vertex 174913.1 119557.6 188133.8
vertex 168395.9 122960.8 192162.7
vertex 169272.2 120191.9 188133.8
endloop
endfacet
facet normal 0 0 0
outer loop
vertex 169272.2 120191.9 188133.8
vertex 168395.9 122960.8 192162.7
vertex 167902.5 120381.6 188133.8
endloop
endfacet
facet normal 0 0 0
outer loop
vertex 167902.5 120381.6 188133.8
vertex 168395.9 122960.8 192162.7
vertex 163631.2 121071.5 188133.8
endloop
endfacet
facet normal 0 0 0
outer loop
vertex 220040.6 126422.7 188133.8
vertex 220040.6 126022.5 188564.2
vertex 219354.4 126022.5 188133.8
endloop
endfacet
facet normal 0 0 0
outer loop
vertex 186195 121231.6 199415.6
vertex 179813.2 121897.6 193705.9
vertex 186195 119351.8 188133.8
endloop
endfacet
facet normal 0 0 0
outer loop
vertex 186195 119351.8 188133.8
vertex 179813.2 121897.6 193705.9
vertex 180554.1 119199.7 188133.8
endloop
endfacet
facet normal 0 0 0
outer loop
vertex 180554.1 119199.7 188133.8
vertex 179813.2 121897.6 193705.9
vertex 174913.1 119557.6 188133.8
endloop
endfacet
facet normal 0 0 0
outer loop
vertex 174913.1 119557.6 188133.8
vertex 179813.2 121897.6 193705.9
vertex 174913.1 126022.5 199002.6
endloop
endfacet
facet normal 0 0 0
outer loop
vertex 174913.1 126022.5 199002.6
vertex 179813.2 121897.6 193705.9
vertex 176109 126022.5 199415.6
endloop
endfacet
facet normal 0 0 0
outer loop
vertex 176109 126022.5 199415.6
vertex 179813.2 121897.6 193705.9
vertex 186195 121231.6 199415.6
endloop
endfacet
facet normal 0 0 0
outer loop
vertex 231322.5 126022.5 196359.9
vertex 220040.6 126022.5 188564.2
vertex 220040.6 126422.7 188133.8
endloop
endfacet
facet normal 0 0 0
outer loop
vertex 230610.8 137304.4 188133.8
vertex 231322.5 126022.5 196359.9
vertex 220040.6 126422.7 188133.8
endloop
endfacet
facet normal 0 0 0
outer loop
vertex 231322.5 137304.4 188497.6
vertex 231322.5 126022.5 196359.9
vertex 230610.8 137304.4 188133.8
endloop
endfacet
facet normal 0 0 0
outer loop
vertex 231322.5 138704.4 188133.8
vertex 231322.5 137304.4 188497.6
vertex 230610.8 137304.4 188133.8
endloop
endfacet
facet normal 0 0 0
outer loop
vertex 191086.7 159868.1 199415.6
vertex 186195 159868.1 195470.6
vertex 186195 156451.7 199415.6
endloop
endfacet
facet normal 0 0 0
outer loop
vertex 174913.1 126781.8 199415.6
vertex 174913.1 126022.5 199002.6
vertex 176109 126022.5 199415.6
endloop
endfacet
facet normal 0 0 0
outer loop
vertex 191086.7 159868.1 199415.6
vertex 190923.1 162197.3 193211.1
vertex 186195 159868.1 195470.6
endloop
endfacet
facet normal 0 0 0
outer loop
vertex 186195 159868.1 195470.6
vertex 190923.1 162197.3 193211.1
vertex 186195 160976.6 193774.7
endloop
endfacet
facet normal 0 0 0
outer loop
vertex 186195 160976.6 193774.7
vertex 190923.1 162197.3 193211.1
vertex 186195 163673.8 188133.8
endloop
endfacet
facet normal 0 0 0
outer loop
vertex 186195 163673.8 188133.8
vertex 190923.1 162197.3 193211.1
vertex 191835.9 164476.4 188133.8
endloop
endfacet
facet normal 0 0 0
outer loop
vertex 191835.9 164476.4 188133.8
vertex 190923.1 162197.3 193211.1
vertex 197476.9 164096.8 188133.8
endloop
endfacet
facet normal 0 0 0
outer loop
vertex 197476.9 164096.8 188133.8
vertex 190923.1 162197.3 193211.1
vertex 197476.9 162421.2 199415.6
endloop
endfacet
facet normal 0 0 0
outer loop
vertex 197476.9 162421.2 199415.6
vertex 190923.1 162197.3 193211.1
vertex 191086.7 159868.1 199415.6
endloop
endfacet
facet normal 0 0 0
outer loop
vertex 208758.8 162307.5 188133.8
vertex 197476.9 164096.8 188133.8
vertex 197476.9 162421.2 199415.6
endloop
endfacet
facet normal 0 0 0
outer loop
vertex 197476.9 162421.2 199415.6
vertex 208758.8 164430.8 199415.6
vertex 208758.8 162307.5 188133.8
endloop
endfacet
facet normal 0 0 0
outer loop
vertex 217665.8 159868.1 188133.8
vertex 220040.6 159868.1 189406.2
vertex 220040.6 158770.4 188133.8
endloop
endfacet
facet normal 0 0 0
outer loop
vertex 220040.6 158770.4 188133.8
vertex 231322.5 159868.1 194871.3
vertex 231322.5 148840.1 188133.8
endloop
endfacet
facet normal 0 0 0
outer loop
vertex 220040.6 159868.1 189406.2
vertex 231322.5 159868.1 194871.3
vertex 220040.6 158770.4 188133.8
endloop
endfacet
facet normal 0 0 0
outer loop
vertex 217665.8 159868.1 188133.8
vertex 208758.8 162307.5 188133.8
vertex 208758.8 164430.8 199415.6
endloop
endfacet
facet normal 0 0 0
outer loop
vertex 220040.6 164443.4 199415.6
vertex 217665.8 159868.1 188133.8
vertex 208758.8 164430.8 199415.6
endloop
endfacet
facet normal 0 0 0
outer loop
vertex 220040.6 159868.1 189406.2
vertex 217665.8 159868.1 188133.8
vertex 220040.6 164443.4 199415.6
endloop
endfacet
facet normal 0 0 0
outer loop
vertex 231322.5 159868.1 194871.3
vertex 220040.6 159868.1 189406.2
vertex 220040.6 164443.4 199415.6
endloop
endfacet
facet normal 0 0 0
outer loop
vertex 220040.6 164443.4 199415.6
vertex 231322.5 163244.2 199415.6
vertex 231322.5 159868.1 194871.3
endloop
endfacet
facet normal 0 0 0
outer loop
vertex 235703.8 126022.5 199415.6
vertex 242604.4 137304.4 194873.6
vertex 242604.4 129812.9 199415.6
endloop
endfacet
facet normal 0 0 0
outer loop
vertex 231322.5 126022.5 196359.9
vertex 242604.4 137304.4 194873.6
vertex 235703.8 126022.5 199415.6
endloop
endfacet
facet normal 0 0 0
outer loop
vertex 231322.5 137304.4 188497.6
vertex 242604.4 137304.4 194873.6
vertex 231322.5 126022.5 196359.9
endloop
endfacet
facet normal 0 0 0
outer loop
vertex 242604.4 129812.9 199415.6
vertex 242604.4 137304.4 194873.6
vertex 250849.4 137304.4 199415.6
endloop
endfacet
facet normal 0 0 0
outer loop
vertex 242604.4 137304.4 194873.6
vertex 231322.5 137304.4 188497.6
vertex 231322.5 138704.4 188133.8
endloop
endfacet
facet normal 0 0 0
outer loop
vertex 242604.4 148586.2 193700.6
vertex 242604.4 137304.4 194873.6
vertex 231322.5 138704.4 188133.8
endloop
endfacet
facet normal 0 0 0
outer loop
vertex 231466.9 148586.2 188133.8
vertex 242604.4 148586.2 193700.6
vertex 231322.5 138704.4 188133.8
endloop
endfacet
facet normal 0 0 0
outer loop
vertex 242604.4 148586.2 193700.6
vertex 253886.2 148586.2 199104.9
vertex 253886.2 142166.5 199415.6
endloop
endfacet
facet normal 0 0 0
outer loop
vertex 242604.4 137304.4 194873.6
vertex 242604.4 148586.2 193700.6
vertex 253886.2 142166.5 199415.6
endloop
endfacet
facet normal 0 0 0
outer loop
vertex 250849.4 137304.4 199415.6
vertex 242604.4 137304.4 194873.6
vertex 253886.2 142166.5 199415.6
endloop
endfacet
facet normal 0 0 0
outer loop
vertex 253886.2 142166.5 199415.6
vertex 253886.2 148586.2 199104.9
vertex 254656.6 148586.2 199415.6
endloop
endfacet
facet normal 0 0 0
outer loop
vertex 231322.5 148840.1 188133.8
vertex 242604.4 148586.2 193700.6
vertex 231466.9 148586.2 188133.8
endloop
endfacet
facet normal 0 0 0
outer loop
vertex 231322.5 159868.1 194871.3
vertex 242604.4 148586.2 193700.6
vertex 231322.5 148840.1 188133.8
endloop
endfacet
facet normal 0 0 0
outer loop
vertex 242604.4 159868.1 198668.6
vertex 242604.4 148586.2 193700.6
vertex 231322.5 159868.1 194871.3
endloop
endfacet
facet normal 0 0 0
outer loop
vertex 242604.4 148586.2 193700.6
vertex 242604.4 159868.1 198668.6
vertex 244778.9 159868.1 199415.6
endloop
endfacet
facet normal 0 0 0
outer loop
vertex 253886.2 150910.5 199415.6
vertex 242604.4 148586.2 193700.6
vertex 244778.9 159868.1 199415.6
endloop
endfacet
facet normal 0 0 0
outer loop
vertex 253886.2 148586.2 199104.9
vertex 242604.4 148586.2 193700.6
vertex 253886.2 150910.5 199415.6
endloop
endfacet
facet normal 0 0 0
outer loop
vertex 242604.4 159868.1 198668.6
vertex 231322.5 159868.1 194871.3
vertex 231322.5 163244.2 199415.6
endloop
endfacet
facet normal 0 0 0
outer loop
vertex 231322.5 163244.2 199415.6
vertex 242604.4 160889.4 199415.6
vertex 242604.4 159868.1 198668.6
endloop
endfacet
facet normal 0 0 0
outer loop
vertex 244778.9 159868.1 199415.6
vertex 242604.4 159868.1 198668.6
vertex 242604.4 160889.4 199415.6
endloop
endfacet
facet normal 0 0 0
outer loop
vertex 254656.6 148586.2 199415.6
vertex 253886.2 148586.2 199104.9
vertex 253886.2 150910.5 199415.6
endloop
endfacet
facet normal 0 0 0
outer loop
vertex 172286.9 137304.4 199415.6
vertex 174913.1 137304.4 200642
vertex 174913.1 140818.1 199415.6
endloop
endfacet
facet normal 0 0 0
outer loop
vertex 174913.1 126781.8 199415.6
vertex 174913.1 131663.4 200933.6
vertex 171367.7 131663.4 199415.6
endloop
endfacet
facet normal 0 0 0
outer loop
vertex 174913.1 131663.4 200933.6
vertex 174913.1 137304.4 200642
vertex 172286.9 137304.4 199415.6
endloop
endfacet
facet normal 0 0 0
outer loop
vertex 172286.9 137304.4 199415.6
vertex 171367.7 131663.4 199415.6
vertex 174913.1 131663.4 200933.6
endloop
endfacet
facet normal 0 0 0
outer loop
vertex 186195 156451.7 199415.6
vertex 183437.7 151401.7 200609.1
vertex 186195 148586.2 205383
endloop
endfacet
facet normal 0 0 0
outer loop
vertex 186195 148586.2 205383
vertex 183437.7 151401.7 200609.1
vertex 180318.6 148586.2 199415.6
endloop
endfacet
facet normal 0 0 0
outer loop
vertex 180318.6 148586.2 199415.6
vertex 183437.7 151401.7 200609.1
vertex 180554.1 149157 199415.6
endloop
endfacet
facet normal 0 0 0
outer loop
vertex 180554.1 149157 199415.6
vertex 183437.7 151401.7 200609.1
vertex 183926 154227.2 199415.6
endloop
endfacet
facet normal 0 0 0
outer loop
vertex 183926 154227.2 199415.6
vertex 183437.7 151401.7 200609.1
vertex 186195 156451.7 199415.6
endloop
endfacet
facet normal 0 0 0
outer loop
vertex 195857.7 126022.5 210697.5
vertex 197476.9 118379.8 199415.6
vertex 197476.9 125113.5 210697.5
endloop
endfacet
facet normal 0 0 0
outer loop
vertex 186195 126022.5 204960.8
vertex 197476.9 118379.8 199415.6
vertex 195857.7 126022.5 210697.5
endloop
endfacet
facet normal 0 0 0
outer loop
vertex 186195 121231.6 199415.6
vertex 197476.9 118379.8 199415.6
vertex 186195 126022.5 204960.8
endloop
endfacet
facet normal 0 0 0
outer loop
vertex 197476.9 118379.8 199415.6
vertex 208758.8 117795 199415.6
vertex 208758.8 120647.8 210697.5
endloop
endfacet
facet normal 0 0 0
outer loop
vertex 208758.8 120647.8 210697.5
vertex 197476.9 125113.5 210697.5
vertex 197476.9 118379.8 199415.6
endloop
endfacet
facet normal 0 0 0
outer loop
vertex 186195 121231.6 199415.6
vertex 186195 126022.5 204960.8
vertex 176109 126022.5 199415.6
endloop
endfacet
facet normal 0 0 0
outer loop
vertex 208758.8 120647.8 210697.5
vertex 220040.6 119790.8 199415.6
vertex 220040.6 118962.4 210697.5
endloop
endfacet
facet normal 0 0 0
outer loop
vertex 208758.8 117795 199415.6
vertex 220040.6 119790.8 199415.6
vertex 208758.8 120647.8 210697.5
endloop
endfacet
facet normal 0 0 0
outer loop
vertex 220040.6 119790.8 199415.6
vertex 231322.5 124070.8 199415.6
vertex 231322.5 120179.8 210697.5
endloop
endfacet
facet normal 0 0 0
outer loop
vertex 231322.5 120179.8 210697.5
vertex 220040.6 118962.4 210697.5
vertex 220040.6 119790.8 199415.6
endloop
endfacet
facet normal 0 0 0
outer loop
vertex 174913.1 126781.8 199415.6
vertex 178873.1 130849.8 202284.5
vertex 174913.1 131663.4 200933.6
endloop
endfacet
facet normal 0 0 0
outer loop
vertex 174913.1 131663.4 200933.6
vertex 178873.1 130849.8 202284.5
vertex 174913.1 137304.4 200642
endloop
endfacet
facet normal 0 0 0
outer loop
vertex 174913.1 137304.4 200642
vertex 178873.1 130849.8 202284.5
vertex 186195 137304.4 208339.2
endloop
endfacet
facet normal 0 0 0
outer loop
vertex 186195 137304.4 208339.2
vertex 178873.1 130849.8 202284.5
vertex 186195 126022.5 204960.8
endloop
endfacet
facet normal 0 0 0
outer loop
vertex 186195 126022.5 204960.8
vertex 178873.1 130849.8 202284.5
vertex 176109 126022.5 199415.6
endloop
endfacet
facet normal 0 0 0
outer loop
vertex 176109 126022.5 199415.6
vertex 178873.1 130849.8 202284.5
vertex 174913.1 126781.8 199415.6
endloop
endfacet
facet normal 0 0 0
outer loop
vertex 231322.5 120179.8 210697.5
vertex 242604.4 126022.5 203799.2
vertex 242604.4 122526.1 210697.5
endloop
endfacet
facet normal 0 0 0
outer loop
vertex 235703.8 126022.5 199415.6
vertex 242604.4 126022.5 203799.2
vertex 231322.5 120179.8 210697.5
endloop
endfacet
facet normal 0 0 0
outer loop
vertex 231322.5 124070.8 199415.6
vertex 235703.8 126022.5 199415.6
vertex 231322.5 120179.8 210697.5
endloop
endfacet
facet normal 0 0 0
outer loop
vertex 180318.6 148586.2 199415.6
vertex 179928.7 142590.8 202101.9
vertex 186195 148586.2 205383
endloop
endfacet
facet normal 0 0 0
outer loop
vertex 242604.4 122526.1 210697.5
vertex 253886.2 126022.5 210360.5
vertex 253886.2 125792.8 210697.5
endloop
endfacet
facet normal 0 0 0
outer loop
vertex 186195 148586.2 205383
vertex 179928.7 142590.8 202101.9
vertex 186195 137304.4 208339.2
endloop
endfacet
facet normal 0 0 0
outer loop
vertex 242604.4 126022.5 203799.2
vertex 253886.2 126022.5 210360.5
vertex 242604.4 122526.1 210697.5
endloop
endfacet
facet normal 0 0 0
outer loop
vertex 186195 137304.4 208339.2
vertex 179928.7 142590.8 202101.9
vertex 174913.1 137304.4 200642
endloop
endfacet
facet normal 0 0 0
outer loop
vertex 174913.1 137304.4 200642
vertex 179928.7 142590.8 202101.9
vertex 174913.1 140818.1 199415.6
endloop
endfacet
facet normal 0 0 0
outer loop
vertex 174913.1 140818.1 199415.6
vertex 179928.7 142590.8 202101.9
vertex 177037.5 142945.3 199415.6
endloop
endfacet
facet normal 0 0 0
outer loop
vertex 177037.5 142945.3 199415.6
vertex 179928.7 142590.8 202101.9
vertex 180318.6 148586.2 199415.6
endloop
endfacet
facet normal 0 0 0
outer loop
vertex 253886.2 125792.8 210697.5
vertex 253886.2 126022.5 210360.5
vertex 254517.7 126022.5 210697.5
endloop
endfacet
facet normal 0 0 0
outer loop
vertex 189399.8 137304.4 210697.5
vertex 186195 126022.5 204960.8
vertex 195857.7 126022.5 210697.5
endloop
endfacet
facet normal 0 0 0
outer loop
vertex 186195 137304.4 208339.2
vertex 186195 126022.5 204960.8
vertex 189399.8 137304.4 210697.5
endloop
endfacet
facet normal 0 0 0
outer loop
vertex 186195 148586.2 205383
vertex 186195 137304.4 208339.2
vertex 189399.8 137304.4 210697.5
endloop
endfacet
facet normal 0 0 0
outer loop
vertex 189399.8 137304.4 210697.5
vertex 191870.2 148586.2 210697.5
vertex 186195 148586.2 205383
endloop
endfacet
facet normal 0 0 0
outer loop
vertex 197476.9 159868.1 204866.2
vertex 186195 148586.2 205383
vertex 191870.2 148586.2 210697.5
endloop
endfacet
facet normal 0 0 0
outer loop
vertex 197476.9 155720.6 210697.5
vertex 197476.9 159868.1 204866.2
vertex 191870.2 148586.2 210697.5
endloop
endfacet
facet normal 0 0 0
outer loop
vertex 191086.7 159868.1 199415.6
vertex 186195 148586.2 205383
vertex 197476.9 159868.1 204866.2
endloop
endfacet
facet normal 0 0 0
outer loop
vertex 186195 156451.7 199415.6
vertex 186195 148586.2 205383
vertex 191086.7 159868.1 199415.6
endloop
endfacet
facet normal 0 0 0
outer loop
vertex 204132.1 159868.1 210697.5
vertex 197476.9 159868.1 204866.2
vertex 197476.9 155720.6 210697.5
endloop
endfacet
facet normal 0 0 0
outer loop
vertex 191086.7 159868.1 199415.6
vertex 197476.9 159868.1 204866.2
vertex 197476.9 162421.2 199415.6
endloop
endfacet
facet normal 0 0 0
outer loop
vertex 208758.8 164430.8 199415.6
vertex 197476.9 159868.1 204866.2
vertex 204132.1 159868.1 210697.5
endloop
endfacet
facet normal 0 0 0
outer loop
vertex 208758.8 161674.7 210697.5
vertex 208758.8 164430.8 199415.6
vertex 204132.1 159868.1 210697.5
endloop
endfacet
facet normal 0 0 0
outer loop
vertex 197476.9 162421.2 199415.6
vertex 197476.9 159868.1 204866.2
vertex 208758.8 164430.8 199415.6
endloop
endfacet
facet normal 0 0 0
outer loop
vertex 220040.6 164937.3 210697.5
vertex 208758.8 164430.8 199415.6
vertex 208758.8 161674.7 210697.5
endloop
endfacet
facet normal 0 0 0
outer loop
vertex 220040.6 164443.4 199415.6
vertex 208758.8 164430.8 199415.6
vertex 220040.6 164937.3 210697.5
endloop
endfacet
facet normal 0 0 0
outer loop
vertex 231322.5 163244.2 199415.6
vertex 220040.6 164443.4 199415.6
vertex 220040.6 164937.3 210697.5
endloop
endfacet
facet normal 0 0 0
outer loop
vertex 220040.6 164937.3 210697.5
vertex 231322.5 167651.6 210697.5
vertex 231322.5 163244.2 199415.6
endloop
endfacet
facet normal 0 0 0
outer loop
vertex 242604.4 129812.9 199415.6
vertex 242604.4 126022.5 203799.2
vertex 235703.8 126022.5 199415.6
endloop
endfacet
facet normal 0 0 0
outer loop
vertex 250849.4 137304.4 199415.6
vertex 242604.4 126022.5 203799.2
vertex 242604.4 129812.9 199415.6
endloop
endfacet
facet normal 0 0 0
outer loop
vertex 253886.2 126022.5 210360.5
vertex 242604.4 126022.5 203799.2
vertex 250849.4 137304.4 199415.6
endloop
endfacet
facet normal 0 0 0
outer loop
vertex 253886.2 137304.4 200986.7
vertex 253886.2 126022.5 210360.5
vertex 250849.4 137304.4 199415.6
endloop
endfacet
facet normal 0 0 0
outer loop
vertex 253886.2 142166.5 199415.6
vertex 253886.2 137304.4 200986.7
vertex 250849.4 137304.4 199415.6
endloop
endfacet
facet normal 0 0 0
outer loop
vertex 253886.2 137304.4 200986.7
vertex 265168.1 137304.4 207891.7
vertex 265168.1 132222.9 210697.5
endloop
endfacet
facet normal 0 0 0
outer loop
vertex 254517.7 126022.5 210697.5
vertex 253886.2 137304.4 200986.7
vertex 265168.1 132222.9 210697.5
endloop
endfacet
facet normal 0 0 0
outer loop
vertex 253886.2 126022.5 210360.5
vertex 253886.2 137304.4 200986.7
vertex 254517.7 126022.5 210697.5
endloop
endfacet
facet normal 0 0 0
outer loop
vertex 265168.1 132222.9 210697.5
vertex 265168.1 137304.4 207891.7
vertex 269520.9 137304.4 210697.5
endloop
endfacet
facet normal 0 0 0
outer loop
vertex 265168.1 137304.4 207891.7
vertex 253886.2 137304.4 200986.7
vertex 253886.2 142166.5 199415.6
endloop
endfacet
facet normal 0 0 0
outer loop
vertex 265168.1 148586.2 205015.7
vertex 265168.1 137304.4 207891.7
vertex 253886.2 142166.5 199415.6
endloop
endfacet
facet normal 0 0 0
outer loop
vertex 254656.6 148586.2 199415.6
vertex 265168.1 148586.2 205015.7
vertex 253886.2 142166.5 199415.6
endloop
endfacet
facet normal 0 0 0
outer loop
vertex 269520.9 137304.4 210697.5
vertex 265168.1 148586.2 205015.7
vertex 275323.8 148586.2 210697.5
endloop
endfacet
facet normal 0 0 0
outer loop
vertex 265168.1 137304.4 207891.7
vertex 265168.1 148586.2 205015.7
vertex 269520.9 137304.4 210697.5
endloop
endfacet
facet normal 0 0 0
outer loop
vertex 244778.9 159868.1 199415.6
vertex 253886.2 159868.1 202618.7
vertex 253886.2 150910.5 199415.6
endloop
endfacet
facet normal 0 0 0
outer loop
vertex 242604.4 169234.3 210697.5
vertex 231322.5 163244.2 199415.6
vertex 231322.5 167651.6 210697.5
endloop
endfacet
facet normal 0 0 0
outer loop
vertex 242604.4 160889.4 199415.6
vertex 231322.5 163244.2 199415.6
vertex 242604.4 169234.3 210697.5
endloop
endfacet
facet normal 0 0 0
outer loop
vertex 244778.9 159868.1 199415.6
vertex 242604.4 160889.4 199415.6
vertex 242604.4 169234.3 210697.5
endloop
endfacet
facet normal 0 0 0
outer loop
vertex 253886.2 159868.1 202618.7
vertex 244778.9 159868.1 199415.6
vertex 242604.4 169234.3 210697.5
endloop
endfacet
facet normal 0 0 0
outer loop
vertex 253886.2 168167.2 210697.5
vertex 253886.2 159868.1 202618.7
vertex 242604.4 169234.3 210697.5
endloop
endfacet
facet normal 0 0 0
outer loop
vertex 253886.2 150910.5 199415.6
vertex 265168.1 148586.2 205015.7
vertex 254656.6 148586.2 199415.6
endloop
endfacet
facet normal 0 0 0
outer loop
vertex 253886.2 159868.1 202618.7
vertex 265168.1 148586.2 205015.7
vertex 253886.2 150910.5 199415.6
endloop
endfacet
facet normal 0 0 0
outer loop
vertex 265168.1 159868.1 207889.1
vertex 265168.1 148586.2 205015.7
vertex 253886.2 159868.1 202618.7
endloop
endfacet
facet normal 0 0 0
outer loop
vertex 265168.1 148586.2 205015.7
vertex 265168.1 159868.1 207889.1
vertex 270527.9 159868.1 210697.5
endloop
endfacet
facet normal 0 0 0
outer loop
vertex 270527.9 159868.1 210697.5
vertex 275323.8 148586.2 210697.5
vertex 265168.1 148586.2 205015.7
endloop
endfacet
facet normal 0 0 0
outer loop
vertex 265168.1 163443.3 210697.5
vertex 253886.2 159868.1 202618.7
vertex 253886.2 168167.2 210697.5
endloop
endfacet
facet normal 0 0 0
outer loop
vertex 265168.1 159868.1 207889.1
vertex 253886.2 159868.1 202618.7
vertex 265168.1 163443.3 210697.5
endloop
endfacet
facet normal 0 0 0
outer loop
vertex 270527.9 159868.1 210697.5
vertex 265168.1 159868.1 207889.1
vertex 265168.1 163443.3 210697.5
endloop
endfacet
facet normal 0 0 0
outer loop
vertex 197476.9 125113.5 210697.5
vertex 197476.9 126022.5 211436.3
vertex 195857.7 126022.5 210697.5
endloop
endfacet
facet normal 0 0 0
outer loop
vertex 208758.8 120647.8 210697.5
vertex 197476.9 126022.5 211436.3
vertex 197476.9 125113.5 210697.5
endloop
endfacet
facet normal 0 0 0
outer loop
vertex 208758.8 126022.5 218764.8
vertex 197476.9 126022.5 211436.3
vertex 208758.8 120647.8 210697.5
endloop
endfacet
facet normal 0 0 0
outer loop
vertex 253886.2 172603.8 221979.4
vertex 253886.2 171150 216862.2
vertex 242965.5 171150 221979.4
endloop
endfacet
facet normal 0 0 0
outer loop
vertex 213225.7 126022.5 221979.4
vertex 220040.6 118962.4 210697.5
vertex 220040.6 122865.8 221979.4
endloop
endfacet
facet normal 0 0 0
outer loop
vertex 208758.8 120647.8 210697.5
vertex 220040.6 118962.4 210697.5
vertex 213225.7 126022.5 221979.4
endloop
endfacet
facet normal 0 0 0
outer loop
vertex 208758.8 126022.5 218764.8
vertex 208758.8 120647.8 210697.5
vertex 213225.7 126022.5 221979.4
endloop
endfacet
facet normal 0 0 0
outer loop
vertex 265168.1 171150 219764.4
vertex 253886.2 171150 216862.2
vertex 253886.2 172603.8 221979.4
endloop
endfacet
facet normal 0 0 0
outer loop
vertex 253886.2 172603.8 221979.4
vertex 265168.1 172371.6 221979.4
vertex 265168.1 171150 219764.4
endloop
endfacet
facet normal 0 0 0
outer loop
vertex 220040.6 118962.4 210697.5
vertex 231322.5 120179.8 210697.5
vertex 231322.5 120478.6 221979.4
endloop
endfacet
facet normal 0 0 0
outer loop
vertex 231322.5 120478.6 221979.4
vertex 220040.6 122865.8 221979.4
vertex 220040.6 118962.4 210697.5
endloop
endfacet
facet normal 0 0 0
outer loop
vertex 272684.4 171150 221979.4
vertex 265168.1 171150 219764.4
vertex 265168.1 172371.6 221979.4
endloop
endfacet
facet normal 0 0 0
outer loop
vertex 231322.5 120179.8 210697.5
vertex 242604.4 122526.1 210697.5
vertex 242604.4 120036.8 221979.4
endloop
endfacet
facet normal 0 0 0
outer loop
vertex 242604.4 120036.8 221979.4
vertex 231322.5 120478.6 221979.4
vertex 231322.5 120179.8 210697.5
endloop
endfacet
facet normal 0 0 0
outer loop
vertex 242604.4 122526.1 210697.5
vertex 253886.2 125792.8 210697.5
vertex 253886.2 121346.9 221979.4
endloop
endfacet
facet normal 0 0 0
outer loop
vertex 253886.2 121346.9 221979.4
vertex 242604.4 120036.8 221979.4
vertex 242604.4 122526.1 210697.5
endloop
endfacet
facet normal 0 0 0
outer loop
vertex 253886.2 121346.9 221979.4
vertex 265168.1 126022.5 217935.8
vertex 265168.1 124104.8 221979.4
endloop
endfacet
facet normal 0 0 0
outer loop
vertex 254517.7 126022.5 210697.5
vertex 265168.1 126022.5 217935.8
vertex 253886.2 121346.9 221979.4
endloop
endfacet
facet normal 0 0 0
outer loop
vertex 253886.2 125792.8 210697.5
vertex 254517.7 126022.5 210697.5
vertex 253886.2 121346.9 221979.4
endloop
endfacet
facet normal 0 0 0
outer loop
vertex 265168.1 124104.8 221979.4
vertex 265168.1 126022.5 217935.8
vertex 270644.6 126022.5 221979.4
endloop
endfacet
facet normal 0 0 0
outer loop
vertex 195857.7 126022.5 210697.5
vertex 197476.9 137304.4 216245.2
vertex 189399.8 137304.4 210697.5
endloop
endfacet
facet normal 0 0 0
outer loop
vertex 197476.9 126022.5 211436.3
vertex 197476.9 137304.4 216245.2
vertex 195857.7 126022.5 210697.5
endloop
endfacet
facet normal 0 0 0
outer loop
vertex 197476.9 137304.4 216245.2
vertex 208758.8 126022.5 218764.8
vertex 208758.8 129893.8 221979.4
endloop
endfacet
facet normal 0 0 0
outer loop
vertex 205097.7 137304.4 221979.4
vertex 197476.9 137304.4 216245.2
vertex 208758.8 129893.8 221979.4
endloop
endfacet
facet normal 0 0 0
outer loop
vertex 197476.9 126022.5 211436.3
vertex 208758.8 126022.5 218764.8
vertex 197476.9 137304.4 216245.2
endloop
endfacet
facet normal 0 0 0
outer loop
vertex 197476.9 137304.4 216245.2
vertex 197476.9 148586.2 215225.6
vertex 191870.2 148586.2 210697.5
endloop
endfacet
facet normal 0 0 0
outer loop
vertex 191870.2 148586.2 210697.5
vertex 189399.8 137304.4 210697.5
vertex 197476.9 137304.4 216245.2
endloop
endfacet
facet normal 0 0 0
outer loop
vertex 197476.9 148586.2 215225.6
vertex 197476.9 137304.4 216245.2
vertex 205097.7 137304.4 221979.4
endloop
endfacet
facet normal 0 0 0
outer loop
vertex 205097.7 137304.4 221979.4
vertex 206299 148586.2 221979.4
vertex 197476.9 148586.2 215225.6
endloop
endfacet
facet normal 0 0 0
outer loop
vertex 208758.8 129893.8 221979.4
vertex 208758.8 126022.5 218764.8
vertex 213225.7 126022.5 221979.4
endloop
endfacet
facet normal 0 0 0
outer loop
vertex 191870.2 148586.2 210697.5
vertex 197476.9 148586.2 215225.6
vertex 197476.9 155720.6 210697.5
endloop
endfacet
facet normal 0 0 0
outer loop
vertex 208758.8 151826.7 221979.4
vertex 197476.9 148586.2 215225.6
vertex 206299 148586.2 221979.4
endloop
endfacet
facet normal 0 0 0
outer loop
vertex 204132.1 159868.1 210697.5
vertex 197476.9 148586.2 215225.6
vertex 208758.8 151826.7 221979.4
endloop
endfacet
facet normal 0 0 0
outer loop
vertex 208758.8 159868.1 214416.4
vertex 204132.1 159868.1 210697.5
vertex 208758.8 151826.7 221979.4
endloop
endfacet
facet normal 0 0 0
outer loop
vertex 197476.9 155720.6 210697.5
vertex 197476.9 148586.2 215225.6
vertex 204132.1 159868.1 210697.5
endloop
endfacet
facet normal 0 0 0
outer loop
vertex 204132.1 159868.1 210697.5
vertex 208758.8 159868.1 214416.4
vertex 208758.8 161674.7 210697.5
endloop
endfacet
facet normal 0 0 0
outer loop
vertex 218416.6 159868.1 221979.4
vertex 208758.8 159868.1 214416.4
vertex 208758.8 151826.7 221979.4
endloop
endfacet
facet normal 0 0 0
outer loop
vertex 220040.6 164937.3 210697.5
vertex 208758.8 159868.1 214416.4
vertex 218416.6 159868.1 221979.4
endloop
endfacet
facet normal 0 0 0
outer loop
vertex 220040.6 160942.1 221979.4
vertex 220040.6 164937.3 210697.5
vertex 218416.6 159868.1 221979.4
endloop
endfacet
facet normal 0 0 0
outer loop
vertex 208758.8 161674.7 210697.5
vertex 208758.8 159868.1 214416.4
vertex 220040.6 164937.3 210697.5
endloop
endfacet
facet normal 0 0 0
outer loop
vertex 231322.5 167228.7 221979.4
vertex 220040.6 164937.3 210697.5
vertex 220040.6 160942.1 221979.4
endloop
endfacet
facet normal 0 0 0
outer loop
vertex 231322.5 167651.6 210697.5
vertex 220040.6 164937.3 210697.5
vertex 231322.5 167228.7 221979.4
endloop
endfacet
facet normal 0 0 0
outer loop
vertex 265168.1 132222.9 210697.5
vertex 265168.1 126022.5 217935.8
vertex 254517.7 126022.5 210697.5
endloop
endfacet
facet normal 0 0 0
outer loop
vertex 270644.6 126022.5 221979.4
vertex 276450 137304.4 214683.3
vertex 276450 128773 221979.4
endloop
endfacet
facet normal 0 0 0
outer loop
vertex 265168.1 132222.9 210697.5
vertex 276450 137304.4 214683.3
vertex 270644.6 126022.5 221979.4
endloop
endfacet
facet normal 0 0 0
outer loop
vertex 265168.1 126022.5 217935.8
vertex 265168.1 132222.9 210697.5
vertex 270644.6 126022.5 221979.4
endloop
endfacet
facet normal 0 0 0
outer loop
vertex 269520.9 137304.4 210697.5
vertex 276450 137304.4 214683.3
vertex 265168.1 132222.9 210697.5
endloop
endfacet
facet normal 0 0 0
outer loop
vertex 275323.8 148586.2 210697.5
vertex 276450 137304.4 214683.3
vertex 269520.9 137304.4 210697.5
endloop
endfacet
facet normal 0 0 0
outer loop
vertex 276450 148586.2 211254.2
vertex 276450 137304.4 214683.3
vertex 275323.8 148586.2 210697.5
endloop
endfacet
facet normal 0 0 0
outer loop
vertex 242604.4 169234.3 210697.5
vertex 231322.5 167651.6 210697.5
vertex 231322.5 167228.7 221979.4
endloop
endfacet
facet normal 0 0 0
outer loop
vertex 231322.5 167228.7 221979.4
vertex 242604.4 171071.6 221979.4
vertex 242604.4 169234.3 210697.5
endloop
endfacet
facet normal 0 0 0
outer loop
vertex 242965.5 171150 221979.4
vertex 242604.4 169234.3 210697.5
vertex 242604.4 171071.6 221979.4
endloop
endfacet
facet normal 0 0 0
outer loop
vertex 253886.2 171150 216862.2
vertex 242604.4 169234.3 210697.5
vertex 242965.5 171150 221979.4
endloop
endfacet
facet normal 0 0 0
outer loop
vertex 253886.2 168167.2 210697.5
vertex 242604.4 169234.3 210697.5
vertex 253886.2 171150 216862.2
endloop
endfacet
facet normal 0 0 0
outer loop
vertex 276450 159868.1 213703
vertex 276450 148586.2 211254.2
vertex 275323.8 148586.2 210697.5
endloop
endfacet
facet normal 0 0 0
outer loop
vertex 275323.8 148586.2 210697.5
vertex 270527.9 159868.1 210697.5
vertex 276450 159868.1 213703
endloop
endfacet
facet normal 0 0 0
outer loop
vertex 253886.2 168167.2 210697.5
vertex 265168.1 171150 219764.4
vertex 265168.1 163443.3 210697.5
endloop
endfacet
facet normal 0 0 0
outer loop
vertex 253886.2 171150 216862.2
vertex 265168.1 171150 219764.4
vertex 253886.2 168167.2 210697.5
endloop
endfacet
facet normal 0 0 0
outer loop
vertex 265168.1 163443.3 210697.5
vertex 265168.1 171150 219764.4
vertex 272684.4 171150 221979.4
endloop
endfacet
facet normal 0 0 0
outer loop
vertex 270527.9 159868.1 210697.5
vertex 265168.1 163443.3 210697.5
vertex 272684.4 171150 221979.4
endloop
endfacet
facet normal 0 0 0
outer loop
vertex 276450 159868.1 213703
vertex 270527.9 159868.1 210697.5
vertex 272684.4 171150 221979.4
endloop
endfacet
facet normal 0 0 0
outer loop
vertex 276450 170119.4 221979.4
vertex 276450 159868.1 213703
vertex 272684.4 171150 221979.4
endloop
endfacet
facet normal 0 0 0
outer loop
vertex 276450 137304.4 214683.3
vertex 287731.9 137304.4 221764.8
vertex 287731.9 137006 221979.4
endloop
endfacet
facet normal 0 0 0
outer loop
vertex 287731.9 137006 221979.4
vertex 276450 128773 221979.4
vertex 276450 137304.4 214683.3
endloop
endfacet
facet normal 0 0 0
outer loop
vertex 287731.9 137006 221979.4
vertex 287731.9 137304.4 221764.8
vertex 288050.6 137304.4 221979.4
endloop
endfacet
facet normal 0 0 0
outer loop
vertex 287731.9 148586.2 218067.3
vertex 276450 137304.4 214683.3
vertex 276450 148586.2 211254.2
endloop
endfacet
facet normal 0 0 0
outer loop
vertex 287731.9 137304.4 221764.8
vertex 276450 137304.4 214683.3
vertex 287731.9 148586.2 218067.3
endloop
endfacet
facet normal 0 0 0
outer loop
vertex 288050.6 137304.4 221979.4
vertex 287731.9 148586.2 218067.3
vertex 293630.2 148586.2 221979.4
endloop
endfacet
facet normal 0 0 0
outer loop
vertex 287731.9 137304.4 221764.8
vertex 287731.9 148586.2 218067.3
vertex 288050.6 137304.4 221979.4
endloop
endfacet
facet normal 0 0 0
outer loop
vertex 287731.9 148586.2 218067.3
vertex 276450 148586.2 211254.2
vertex 276450 159868.1 213703
endloop
endfacet
facet normal 0 0 0
outer loop
vertex 276450 159868.1 213703
vertex 287731.9 159868.1 220001
vertex 287731.9 148586.2 218067.3
endloop
endfacet
facet normal 0 0 0
outer loop
vertex 287731.9 148586.2 218067.3
vertex 287731.9 159868.1 220001
vertex 290980.1 159868.1 221979.4
endloop
endfacet
facet normal 0 0 0
outer loop
vertex 290980.1 159868.1 221979.4
vertex 293630.2 148586.2 221979.4
vertex 287731.9 148586.2 218067.3
endloop
endfacet
facet normal 0 0 0
outer loop
vertex 287731.9 164155.1 221979.4
vertex 276450 159868.1 213703
vertex 276450 170119.4 221979.4
endloop
endfacet
facet normal 0 0 0
outer loop
vertex 287731.9 159868.1 220001
vertex 276450 159868.1 213703
vertex 287731.9 164155.1 221979.4
endloop
endfacet
facet normal 0 0 0
outer loop
vertex 290980.1 159868.1 221979.4
vertex 287731.9 159868.1 220001
vertex 287731.9 164155.1 221979.4
endloop
endfacet
facet normal 0 0 0
outer loop
vertex 220040.6 122865.8 221979.4
vertex 220040.6 126022.5 226472
vertex 213225.7 126022.5 221979.4
endloop
endfacet
facet normal 0 0 0
outer loop
vertex 230495 126022.5 233261.2
vertex 231322.5 120478.6 221979.4
vertex 231322.5 125598.6 233261.2
endloop
endfacet
facet normal 0 0 0
outer loop
vertex 220040.6 126022.5 226472
vertex 231322.5 120478.6 221979.4
vertex 230495 126022.5 233261.2
endloop
endfacet
facet normal 0 0 0
outer loop
vertex 220040.6 122865.8 221979.4
vertex 231322.5 120478.6 221979.4
vertex 220040.6 126022.5 226472
endloop
endfacet
facet normal 0 0 0
outer loop
vertex 253886.2 172603.8 221979.4
vertex 242965.5 171150 221979.4
vertex 246508.8 171150 233261.2
endloop
endfacet
facet normal 0 0 0
outer loop
vertex 246508.8 171150 233261.2
vertex 253886.2 173470.9 233261.2
vertex 253886.2 172603.8 221979.4
endloop
endfacet
facet normal 0 0 0
outer loop
vertex 231322.5 120478.6 221979.4
vertex 242604.4 120036.8 221979.4
vertex 242604.4 121441.7 233261.2
endloop
endfacet
facet normal 0 0 0
outer loop
vertex 242604.4 121441.7 233261.2
vertex 231322.5 125598.6 233261.2
vertex 231322.5 120478.6 221979.4
endloop
endfacet
facet normal 0 0 0
outer loop
vertex 265168.1 172371.6 221979.4
vertex 253886.2 172603.8 221979.4
vertex 253886.2 173470.9 233261.2
endloop
endfacet
facet normal 0 0 0
outer loop
vertex 242604.4 121441.7 233261.2
vertex 253886.2 121346.9 221979.4
vertex 253886.2 120422.4 233261.2
endloop
endfacet
facet normal 0 0 0
outer loop
vertex 253886.2 173470.9 233261.2
vertex 265168.1 175706.6 233261.2
vertex 265168.1 172371.6 221979.4
endloop
endfacet
facet normal 0 0 0
outer loop
vertex 242604.4 120036.8 221979.4
vertex 253886.2 121346.9 221979.4
vertex 242604.4 121441.7 233261.2
endloop
endfacet
facet normal 0 0 0
outer loop
vertex 253886.2 121346.9 221979.4
vertex 265168.1 124104.8 221979.4
vertex 265168.1 121253.7 233261.2
endloop
endfacet
facet normal 0 0 0
outer loop
vertex 265168.1 121253.7 233261.2
vertex 253886.2 120422.4 233261.2
vertex 253886.2 121346.9 221979.4
endloop
endfacet
facet normal 0 0 0
outer loop
vertex 272684.4 171150 221979.4
vertex 265168.1 172371.6 221979.4
vertex 265168.1 175706.6 233261.2
endloop
endfacet
facet normal 0 0 0
outer loop
vertex 276450 176373.7 233261.2
vertex 272684.4 171150 221979.4
vertex 265168.1 175706.6 233261.2
endloop
endfacet
facet normal 0 0 0
outer loop
vertex 276450 171150 223266.2
vertex 272684.4 171150 221979.4
vertex 276450 176373.7 233261.2
endloop
endfacet
facet normal 0 0 0
outer loop
vertex 265168.1 121253.7 233261.2
vertex 276450 126022.5 226165.8
vertex 276450 123654.1 233261.2
endloop
endfacet
facet normal 0 0 0
outer loop
vertex 270644.6 126022.5 221979.4
vertex 276450 126022.5 226165.8
vertex 265168.1 121253.7 233261.2
endloop
endfacet
facet normal 0 0 0
outer loop
vertex 265168.1 124104.8 221979.4
vertex 270644.6 126022.5 221979.4
vertex 265168.1 121253.7 233261.2
endloop
endfacet
facet normal 0 0 0
outer loop
vertex 208758.8 129893.8 221979.4
vertex 208758.8 137304.4 224681.2
vertex 205097.7 137304.4 221979.4
endloop
endfacet
facet normal 0 0 0
outer loop
vertex 208758.8 137304.4 224681.2
vertex 208758.8 148586.2 223529.2
vertex 206299 148586.2 221979.4
endloop
endfacet
facet normal 0 0 0
outer loop
vertex 206299 148586.2 221979.4
vertex 205097.7 137304.4 221979.4
vertex 208758.8 137304.4 224681.2
endloop
endfacet
facet normal 0 0 0
outer loop
vertex 208758.8 137304.4 224681.2
vertex 220040.6 126022.5 226472
vertex 220040.6 137120.1 233261.2
endloop
endfacet
facet normal 0 0 0
outer loop
vertex 219980.7 137304.4 233261.2
vertex 208758.8 137304.4 224681.2
vertex 220040.6 137120.1 233261.2
endloop
endfacet
facet normal 0 0 0
outer loop
vertex 213225.7 126022.5 221979.4
vertex 220040.6 126022.5 226472
vertex 208758.8 137304.4 224681.2
endloop
endfacet
facet normal 0 0 0
outer loop
vertex 208758.8 129893.8 221979.4
vertex 213225.7 126022.5 221979.4
vertex 208758.8 137304.4 224681.2
endloop
endfacet
facet normal 0 0 0
outer loop
vertex 220040.6 137120.1 233261.2
vertex 220040.6 126022.5 226472
vertex 230495 126022.5 233261.2
endloop
endfacet
facet normal 0 0 0
outer loop
vertex 220040.6 147111.3 233261.2
vertex 208758.8 137304.4 224681.2
vertex 219980.7 137304.4 233261.2
endloop
endfacet
facet normal 0 0 0
outer loop
vertex 208758.8 148586.2 223529.2
vertex 208758.8 137304.4 224681.2
vertex 220040.6 147111.3 233261.2
endloop
endfacet
facet normal 0 0 0
outer loop
vertex 220040.6 148586.2 232732.9
vertex 208758.8 148586.2 223529.2
vertex 220040.6 147111.3 233261.2
endloop
endfacet
facet normal 0 0 0
outer loop
vertex 220554.2 148586.2 233261.2
vertex 220040.6 148586.2 232732.9
vertex 220040.6 147111.3 233261.2
endloop
endfacet
facet normal 0 0 0
outer loop
vertex 206299 148586.2 221979.4
vertex 208758.8 148586.2 223529.2
vertex 208758.8 151826.7 221979.4
endloop
endfacet
facet normal 0 0 0
outer loop
vertex 287731.9 171150 227815.1
vertex 276450 171150 223266.2
vertex 276450 176373.7 233261.2
endloop
endfacet
facet normal 0 0 0
outer loop
vertex 276450 176373.7 233261.2
vertex 287731.9 175207.3 233261.2
vertex 287731.9 171150 227815.1
endloop
endfacet
facet normal 0 0 0
outer loop
vertex 298795.7 171150 233261.2
vertex 287731.9 171150 227815.1
vertex 287731.9 175207.3 233261.2
endloop
endfacet
facet normal 0 0 0
outer loop
vertex 208758.8 151826.7 221979.4
vertex 220040.6 159868.1 223475.2
vertex 218416.6 159868.1 221979.4
endloop
endfacet
facet normal 0 0 0
outer loop
vertex 220040.6 148586.2 232732.9
vertex 220040.6 159868.1 223475.2
vertex 208758.8 151826.7 221979.4
endloop
endfacet
facet normal 0 0 0
outer loop
vertex 208758.8 148586.2 223529.2
vertex 220040.6 148586.2 232732.9
vertex 208758.8 151826.7 221979.4
endloop
endfacet
facet normal 0 0 0
outer loop
vertex 228543.3 159868.1 233261.2
vertex 220040.6 148586.2 232732.9
vertex 220554.2 148586.2 233261.2
endloop
endfacet
facet normal 0 0 0
outer loop
vertex 220040.6 159868.1 223475.2
vertex 220040.6 148586.2 232732.9
vertex 228543.3 159868.1 233261.2
endloop
endfacet
facet normal 0 0 0
outer loop
vertex 218416.6 159868.1 221979.4
vertex 220040.6 159868.1 223475.2
vertex 220040.6 160942.1 221979.4
endloop
endfacet
facet normal 0 0 0
outer loop
vertex 231322.5 167228.7 221979.4
vertex 220040.6 159868.1 223475.2
vertex 228543.3 159868.1 233261.2
endloop
endfacet
facet normal 0 0 0
outer loop
vertex 231322.5 162027.9 233261.2
vertex 231322.5 167228.7 221979.4
vertex 228543.3 159868.1 233261.2
endloop
endfacet
facet normal 0 0 0
outer loop
vertex 220040.6 160942.1 221979.4
vertex 220040.6 159868.1 223475.2
vertex 231322.5 167228.7 221979.4
endloop
endfacet
facet normal 0 0 0
outer loop
vertex 276450 128773 221979.4
vertex 276450 126022.5 226165.8
vertex 270644.6 126022.5 221979.4
endloop
endfacet
facet normal 0 0 0
outer loop
vertex 242604.4 169367.7 233261.2
vertex 231322.5 167228.7 221979.4
vertex 231322.5 162027.9 233261.2
endloop
endfacet
facet normal 0 0 0
outer loop
vertex 242604.4 171071.6 221979.4
vertex 231322.5 167228.7 221979.4
vertex 242604.4 169367.7 233261.2
endloop
endfacet
facet normal 0 0 0
outer loop
vertex 242965.5 171150 221979.4
vertex 242604.4 171071.6 221979.4
vertex 242604.4 169367.7 233261.2
endloop
endfacet
facet normal 0 0 0
outer loop
vertex 242604.4 169367.7 233261.2
vertex 246508.8 171150 233261.2
vertex 242965.5 171150 221979.4
endloop
endfacet
facet normal 0 0 0
outer loop
vertex 272684.4 171150 221979.4
vertex 276450 171150 223266.2
vertex 276450 170119.4 221979.4
endloop
endfacet
facet normal 0 0 0
outer loop
vertex 276450 123654.1 233261.2
vertex 276450 126022.5 226165.8
vertex 283284.1 126022.5 233261.2
endloop
endfacet
facet normal 0 0 0
outer loop
vertex 283284.1 126022.5 233261.2
vertex 287731.9 137006 221979.4
vertex 287731.9 127700.5 233261.2
endloop
endfacet
facet normal 0 0 0
outer loop
vertex 276450 128773 221979.4
vertex 287731.9 137006 221979.4
vertex 283284.1 126022.5 233261.2
endloop
endfacet
facet normal 0 0 0
outer loop
vertex 276450 126022.5 226165.8
vertex 276450 128773 221979.4
vertex 283284.1 126022.5 233261.2
endloop
endfacet
facet normal 0 0 0
outer loop
vertex 287731.9 127700.5 233261.2
vertex 299013.8 137304.4 230303.7
vertex 299013.8 134362.4 233261.2
endloop
endfacet
facet normal 0 0 0
outer loop
vertex 288050.6 137304.4 221979.4
vertex 299013.8 137304.4 230303.7
vertex 287731.9 127700.5 233261.2
endloop
endfacet
facet normal 0 0 0
outer loop
vertex 287731.9 137006 221979.4
vertex 288050.6 137304.4 221979.4
vertex 287731.9 127700.5 233261.2
endloop
endfacet
facet normal 0 0 0
outer loop
vertex 293630.2 148586.2 221979.4
vertex 299013.8 137304.4 230303.7
vertex 288050.6 137304.4 221979.4
endloop
endfacet
facet normal 0 0 0
outer loop
vertex 299013.8 148586.2 225272.7
vertex 299013.8 137304.4 230303.7
vertex 293630.2 148586.2 221979.4
endloop
endfacet
facet normal 0 0 0
outer loop
vertex 299013.8 134362.4 233261.2
vertex 299013.8 137304.4 230303.7
vertex 302511.4 137304.4 233261.2
endloop
endfacet
facet normal 0 0 0
outer loop
vertex 299013.8 148586.2 225272.7
vertex 310295.6 148586.2 232677.2
vertex 310295.6 146806.4 233261.2
endloop
endfacet
facet normal 0 0 0
outer loop
vertex 302511.4 137304.4 233261.2
vertex 299013.8 148586.2 225272.7
vertex 310295.6 146806.4 233261.2
endloop
endfacet
facet normal 0 0 0
outer loop
vertex 299013.8 137304.4 230303.7
vertex 299013.8 148586.2 225272.7
vertex 302511.4 137304.4 233261.2
endloop
endfacet
facet normal 0 0 0
outer loop
vertex 310295.6 146806.4 233261.2
vertex 310295.6 148586.2 232677.2
vertex 311118.9 148586.2 233261.2
endloop
endfacet
facet normal 0 0 0
outer loop
vertex 299013.8 159868.1 226427.4
vertex 299013.8 148586.2 225272.7
vertex 293630.2 148586.2 221979.4
endloop
endfacet
facet normal 0 0 0
outer loop
vertex 293630.2 148586.2 221979.4
vertex 290980.1 159868.1 221979.4
vertex 299013.8 159868.1 226427.4
endloop
endfacet
facet normal 0 0 0
outer loop
vertex 276450 170119.4 221979.4
vertex 287731.9 171150 227815.1
vertex 287731.9 164155.1 221979.4
endloop
endfacet
facet normal 0 0 0
outer loop
vertex 276450 171150 223266.2
vertex 287731.9 171150 227815.1
vertex 276450 170119.4 221979.4
endloop
endfacet
facet normal 0 0 0
outer loop
vertex 299013.8 159868.1 226427.4
vertex 287731.9 171150 227815.1
vertex 298795.7 171150 233261.2
endloop
endfacet
facet normal 0 0 0
outer loop
vertex 299013.8 170997.5 233261.2
vertex 299013.8 159868.1 226427.4
vertex 298795.7 171150 233261.2
endloop
endfacet
facet normal 0 0 0
outer loop
vertex 287731.9 164155.1 221979.4
vertex 287731.9 171150 227815.1
vertex 299013.8 159868.1 226427.4
endloop
endfacet
facet normal 0 0 0
outer loop
vertex 290980.1 159868.1 221979.4
vertex 287731.9 164155.1 221979.4
vertex 299013.8 159868.1 226427.4
endloop
endfacet
facet normal 0 0 0
outer loop
vertex 310295.6 148586.2 232677.2
vertex 299013.8 148586.2 225272.7
vertex 299013.8 159868.1 226427.4
endloop
endfacet
facet normal 0 0 0
outer loop
vertex 299013.8 159868.1 226427.4
vertex 310295.6 159868.1 233159.2
vertex 310295.6 148586.2 232677.2
endloop
endfacet
facet normal 0 0 0
outer loop
vertex 310295.6 148586.2 232677.2
vertex 310295.6 159868.1 233159.2
vertex 310468.6 159868.1 233261.2
endloop
endfacet
facet normal 0 0 0
outer loop
vertex 310468.6 159868.1 233261.2
vertex 311118.9 148586.2 233261.2
vertex 310295.6 148586.2 232677.2
endloop
endfacet
facet normal 0 0 0
outer loop
vertex 310295.6 160117.7 233261.2
vertex 299013.8 159868.1 226427.4
vertex 299013.8 170997.5 233261.2
endloop
endfacet
facet normal 0 0 0
outer loop
vertex 310295.6 159868.1 233159.2
vertex 299013.8 159868.1 226427.4
vertex 310295.6 160117.7 233261.2
endloop
endfacet
facet normal 0 0 0
outer loop
vertex 310468.6 159868.1 233261.2
vertex 310295.6 159868.1 233159.2
vertex 310295.6 160117.7 233261.2
endloop
endfacet
facet normal 0 0 0
outer loop
vertex 231322.5 125598.6 233261.2
vertex 231322.5 126022.5 233788.7
vertex 230495 126022.5 233261.2
endloop
endfacet
facet normal 0 0 0
outer loop
vertex 246508.8 171150 233261.2
vertex 253886.2 171150 244064.2
vertex 253886.2 173470.9 233261.2
endloop
endfacet
facet normal 0 0 0
outer loop
vertex 242604.4 121441.7 233261.2
vertex 231322.5 126022.5 233788.7
vertex 231322.5 125598.6 233261.2
endloop
endfacet
facet normal 0 0 0
outer loop
vertex 242604.4 126022.5 242187.8
vertex 231322.5 126022.5 233788.7
vertex 242604.4 121441.7 233261.2
endloop
endfacet
facet normal 0 0 0
outer loop
vertex 253886.2 173470.9 233261.2
vertex 253886.2 171150 244064.2
vertex 254374.3 171150 244543.1
endloop
endfacet
facet normal 0 0 0
outer loop
vertex 265168.1 175488.1 244543.1
vertex 253886.2 173470.9 233261.2
vertex 254374.3 171150 244543.1
endloop
endfacet
facet normal 0 0 0
outer loop
vertex 265168.1 175706.6 233261.2
vertex 253886.2 173470.9 233261.2
vertex 265168.1 175488.1 244543.1
endloop
endfacet
facet normal 0 0 0
outer loop
vertex 276450 176373.7 233261.2
vertex 265168.1 175706.6 233261.2
vertex 265168.1 175488.1 244543.1
endloop
endfacet
facet normal 0 0 0
outer loop
vertex 265168.1 175488.1 244543.1
vertex 276450 178800.5 244543.1
vertex 276450 176373.7 233261.2
endloop
endfacet
facet normal 0 0 0
outer loop
vertex 245896.8 126022.5 244543.1
vertex 253886.2 120422.4 233261.2
vertex 253886.2 123353.8 244543.1
endloop
endfacet
facet normal 0 0 0
outer loop
vertex 242604.4 121441.7 233261.2
vertex 253886.2 120422.4 233261.2
vertex 245896.8 126022.5 244543.1
endloop
endfacet
facet normal 0 0 0
outer loop
vertex 242604.4 126022.5 242187.8
vertex 242604.4 121441.7 233261.2
vertex 245896.8 126022.5 244543.1
endloop
endfacet
facet normal 0 0 0
outer loop
vertex 253886.2 120422.4 233261.2
vertex 265168.1 121253.7 233261.2
vertex 265168.1 122014.9 244543.1
endloop
endfacet
facet normal 0 0 0
outer loop
vertex 265168.1 122014.9 244543.1
vertex 253886.2 123353.8 244543.1
vertex 253886.2 120422.4 233261.2
endloop
endfacet
facet normal 0 0 0
outer loop
vertex 265168.1 121253.7 233261.2
vertex 276450 123654.1 233261.2
vertex 276450 122548.8 244543.1
endloop
endfacet
facet normal 0 0 0
outer loop
vertex 276450 122548.8 244543.1
vertex 265168.1 122014.9 244543.1
vertex 265168.1 121253.7 233261.2
endloop
endfacet
facet normal 0 0 0
outer loop
vertex 220040.6 137120.1 233261.2
vertex 220040.6 137304.4 233304.2
vertex 219980.7 137304.4 233261.2
endloop
endfacet
facet normal 0 0 0
outer loop
vertex 231322.5 137304.4 242197.8
vertex 220040.6 137304.4 233304.2
vertex 220040.6 137120.1 233261.2
endloop
endfacet
facet normal 0 0 0
outer loop
vertex 230495 126022.5 233261.2
vertex 231322.5 137304.4 242197.8
vertex 220040.6 137120.1 233261.2
endloop
endfacet
facet normal 0 0 0
outer loop
vertex 231322.5 126022.5 233788.7
vertex 231322.5 137304.4 242197.8
vertex 230495 126022.5 233261.2
endloop
endfacet
facet normal 0 0 0
outer loop
vertex 219980.7 137304.4 233261.2
vertex 220040.6 137304.4 233304.2
vertex 220040.6 147111.3 233261.2
endloop
endfacet
facet normal 0 0 0
outer loop
vertex 220040.6 147111.3 233261.2
vertex 231322.5 148586.2 243269
vertex 220554.2 148586.2 233261.2
endloop
endfacet
facet normal 0 0 0
outer loop
vertex 231322.5 137304.4 242197.8
vertex 231322.5 148586.2 243269
vertex 220040.6 147111.3 233261.2
endloop
endfacet
facet normal 0 0 0
outer loop
vertex 220040.6 137304.4 233304.2
vertex 231322.5 137304.4 242197.8
vertex 220040.6 147111.3 233261.2
endloop
endfacet
facet normal 0 0 0
outer loop
vertex 231322.5 148586.2 243269
vertex 231322.5 159868.1 235853
vertex 228543.3 159868.1 233261.2
endloop
endfacet
facet normal 0 0 0
outer loop
vertex 228543.3 159868.1 233261.2
vertex 220554.2 148586.2 233261.2
vertex 231322.5 148586.2 243269
endloop
endfacet
facet normal 0 0 0
outer loop
vertex 228543.3 159868.1 233261.2
vertex 231322.5 159868.1 235853
vertex 231322.5 162027.9 233261.2
endloop
endfacet
facet normal 0 0 0
outer loop
vertex 287731.9 175207.3 233261.2
vertex 276450 176373.7 233261.2
vertex 276450 178800.5 244543.1
endloop
endfacet
facet normal 0 0 0
outer loop
vertex 276450 178800.5 244543.1
vertex 287731.9 180108.7 244543.1
vertex 287731.9 175207.3 233261.2
endloop
endfacet
facet normal 0 0 0
outer loop
vertex 234334.2 137304.4 244543.1
vertex 242604.4 126022.5 242187.8
vertex 242604.4 127969.8 244543.1
endloop
endfacet
facet normal 0 0 0
outer loop
vertex 231322.5 126022.5 233788.7
vertex 242604.4 126022.5 242187.8
vertex 234334.2 137304.4 244543.1
endloop
endfacet
facet normal 0 0 0
outer loop
vertex 231322.5 137304.4 242197.8
vertex 231322.5 126022.5 233788.7
vertex 234334.2 137304.4 244543.1
endloop
endfacet
facet normal 0 0 0
outer loop
vertex 299013.8 179643 244543.1
vertex 287731.9 175207.3 233261.2
vertex 287731.9 180108.7 244543.1
endloop
endfacet
facet normal 0 0 0
outer loop
vertex 298795.7 171150 233261.2
vertex 287731.9 175207.3 233261.2
vertex 299013.8 179643 244543.1
endloop
endfacet
facet normal 0 0 0
outer loop
vertex 299013.8 171150 233399.5
vertex 298795.7 171150 233261.2
vertex 299013.8 179643 244543.1
endloop
endfacet
facet normal 0 0 0
outer loop
vertex 242604.4 127969.8 244543.1
vertex 242604.4 126022.5 242187.8
vertex 245896.8 126022.5 244543.1
endloop
endfacet
facet normal 0 0 0
outer loop
vertex 310295.6 171150 239335.5
vertex 299013.8 171150 233399.5
vertex 299013.8 179643 244543.1
endloop
endfacet
facet normal 0 0 0
outer loop
vertex 299013.8 179643 244543.1
vertex 310295.6 176993.5 244543.1
vertex 310295.6 171150 239335.5
endloop
endfacet
facet normal 0 0 0
outer loop
vertex 232736.7 148586.2 244543.1
vertex 231322.5 137304.4 242197.8
vertex 234334.2 137304.4 244543.1
endloop
endfacet
facet normal 0 0 0
outer loop
vertex 231322.5 148586.2 243269
vertex 231322.5 137304.4 242197.8
vertex 232736.7 148586.2 244543.1
endloop
endfacet
facet normal 0 0 0
outer loop
vertex 320960.3 171150 244543.1
vertex 310295.6 171150 239335.5
vertex 310295.6 176993.5 244543.1
endloop
endfacet
facet normal 0 0 0
outer loop
vertex 239575.6 159868.1 244543.1
vertex 231322.5 148586.2 243269
vertex 232736.7 148586.2 244543.1
endloop
endfacet
facet normal 0 0 0
outer loop
vertex 231322.5 159868.1 235853
vertex 231322.5 148586.2 243269
vertex 239575.6 159868.1 244543.1
endloop
endfacet
facet normal 0 0 0
outer loop
vertex 242604.4 169367.7 233261.2
vertex 231322.5 159868.1 235853
vertex 239575.6 159868.1 244543.1
endloop
endfacet
facet normal 0 0 0
outer loop
vertex 242604.4 163199.6 244543.1
vertex 242604.4 169367.7 233261.2
vertex 239575.6 159868.1 244543.1
endloop
endfacet
facet normal 0 0 0
outer loop
vertex 231322.5 162027.9 233261.2
vertex 231322.5 159868.1 235853
vertex 242604.4 169367.7 233261.2
endloop
endfacet
facet normal 0 0 0
outer loop
vertex 246508.8 171150 233261.2
vertex 242604.4 169367.7 233261.2
vertex 242604.4 163199.6 244543.1
endloop
endfacet
facet normal 0 0 0
outer loop
vertex 253886.2 171150 244064.2
vertex 246508.8 171150 233261.2
vertex 242604.4 163199.6 244543.1
endloop
endfacet
facet normal 0 0 0
outer loop
vertex 253886.2 170952 244543.1
vertex 253886.2 171150 244064.2
vertex 242604.4 163199.6 244543.1
endloop
endfacet
facet normal 0 0 0
outer loop
vertex 254374.3 171150 244543.1
vertex 253886.2 171150 244064.2
vertex 253886.2 170952 244543.1
endloop
endfacet
facet normal 0 0 0
outer loop
vertex 276450 122548.8 244543.1
vertex 287731.9 126022.5 237660.7
vertex 287731.9 124318.8 244543.1
endloop
endfacet
facet normal 0 0 0
outer loop
vertex 283284.1 126022.5 233261.2
vertex 287731.9 126022.5 237660.7
vertex 276450 122548.8 244543.1
endloop
endfacet
facet normal 0 0 0
outer loop
vertex 276450 123654.1 233261.2
vertex 283284.1 126022.5 233261.2
vertex 276450 122548.8 244543.1
endloop
endfacet
facet normal 0 0 0
outer loop
vertex 287731.9 124318.8 244543.1
vertex 287731.9 126022.5 237660.7
vertex 294436.7 126022.5 244543.1
endloop
endfacet
facet normal 0 0 0
outer loop
vertex 287731.9 127700.5 233261.2
vertex 287731.9 126022.5 237660.7
vertex 283284.1 126022.5 233261.2
endloop
endfacet
facet normal 0 0 0
outer loop
vertex 294436.7 126022.5 244543.1
vertex 299013.8 134362.4 233261.2
vertex 299013.8 127633.7 244543.1
endloop
endfacet
facet normal 0 0 0
outer loop
vertex 287731.9 126022.5 237660.7
vertex 299013.8 134362.4 233261.2
vertex 294436.7 126022.5 244543.1
endloop
endfacet
facet normal 0 0 0
outer loop
vertex 287731.9 127700.5 233261.2
vertex 299013.8 134362.4 233261.2
vertex 287731.9 126022.5 237660.7
endloop
endfacet
facet normal 0 0 0
outer loop
vertex 299013.8 127633.7 244543.1
vertex 310295.6 137304.4 239629.3
vertex 310295.6 133414.3 244543.1
endloop
endfacet
facet normal 0 0 0
outer loop
vertex 302511.4 137304.4 233261.2
vertex 310295.6 137304.4 239629.3
vertex 299013.8 127633.7 244543.1
endloop
endfacet
facet normal 0 0 0
outer loop
vertex 299013.8 134362.4 233261.2
vertex 302511.4 137304.4 233261.2
vertex 299013.8 127633.7 244543.1
endloop
endfacet
facet normal 0 0 0
outer loop
vertex 310295.6 133414.3 244543.1
vertex 310295.6 137304.4 239629.3
vertex 316265.5 137304.4 244543.1
endloop
endfacet
facet normal 0 0 0
outer loop
vertex 310295.6 146806.4 233261.2
vertex 310295.6 137304.4 239629.3
vertex 302511.4 137304.4 233261.2
endloop
endfacet
facet normal 0 0 0
outer loop
vertex 316265.5 137304.4 244543.1
vertex 321577.5 148586.2 240890.5
vertex 321577.5 141761.5 244543.1
endloop
endfacet
facet normal 0 0 0
outer loop
vertex 310295.6 137304.4 239629.3
vertex 321577.5 148586.2 240890.5
vertex 316265.5 137304.4 244543.1
endloop
endfacet
facet normal 0 0 0
outer loop
vertex 310295.6 146806.4 233261.2
vertex 321577.5 148586.2 240890.5
vertex 310295.6 137304.4 239629.3
endloop
endfacet
facet normal 0 0 0
outer loop
vertex 311118.9 148586.2 233261.2
vertex 321577.5 148586.2 240890.5
vertex 310295.6 146806.4 233261.2
endloop
endfacet
facet normal 0 0 0
outer loop
vertex 298795.7 171150 233261.2
vertex 299013.8 171150 233399.5
vertex 299013.8 170997.5 233261.2
endloop
endfacet
facet normal 0 0 0
outer loop
vertex 321577.5 159868.1 240113.9
vertex 321577.5 148586.2 240890.5
vertex 311118.9 148586.2 233261.2
endloop
endfacet
facet normal 0 0 0
outer loop
vertex 311118.9 148586.2 233261.2
vertex 310468.6 159868.1 233261.2
vertex 321577.5 159868.1 240113.9
endloop
endfacet
facet normal 0 0 0
outer loop
vertex 299013.8 170997.5 233261.2
vertex 310295.6 171150 239335.5
vertex 310295.6 160117.7 233261.2
endloop
endfacet
facet normal 0 0 0
outer loop
vertex 299013.8 171150 233399.5
vertex 310295.6 171150 239335.5
vertex 299013.8 170997.5 233261.2
endloop
endfacet
facet normal 0 0 0
outer loop
vertex 321577.5 159868.1 240113.9
vertex 310295.6 171150 239335.5
vertex 320960.3 171150 244543.1
endloop
endfacet
facet normal 0 0 0
outer loop
vertex 321577.5 170606 244543.1
vertex 321577.5 159868.1 240113.9
vertex 320960.3 171150 244543.1
endloop
endfacet
facet normal 0 0 0
outer loop
vertex 310295.6 160117.7 233261.2
vertex 310295.6 171150 239335.5
vertex 321577.5 159868.1 240113.9
endloop
endfacet
facet normal 0 0 0
outer loop
vertex 310468.6 159868.1 233261.2
vertex 310295.6 160117.7 233261.2
vertex 321577.5 159868.1 240113.9
endloop
endfacet
facet normal 0 0 0
outer loop
vertex 321577.5 141761.5 244543.1
vertex 321577.5 148586.2 240890.5
vertex 326394.6 148586.2 244543.1
endloop
endfacet
facet normal 0 0 0
outer loop
vertex 326394.6 148586.2 244543.1
vertex 321577.5 159868.1 240113.9
vertex 328055.5 159868.1 244543.1
endloop
endfacet
facet normal 0 0 0
outer loop
vertex 321577.5 148586.2 240890.5
vertex 321577.5 159868.1 240113.9
vertex 326394.6 148586.2 244543.1
endloop
endfacet
facet normal 0 0 0
outer loop
vertex 328055.5 159868.1 244543.1
vertex 321577.5 159868.1 240113.9
vertex 321577.5 170606 244543.1
endloop
endfacet
facet normal 0 0 0
outer loop
vertex 253886.2 123353.8 244543.1
vertex 253886.2 126022.5 249366.8
vertex 245896.8 126022.5 244543.1
endloop
endfacet
facet normal 0 0 0
outer loop
vertex 265168.1 122014.9 244543.1
vertex 253886.2 126022.5 249366.8
vertex 253886.2 123353.8 244543.1
endloop
endfacet
facet normal 0 0 0
outer loop
vertex 265168.1 126022.5 255371.7
vertex 253886.2 126022.5 249366.8
vertex 265168.1 122014.9 244543.1
endloop
endfacet
facet normal 0 0 0
outer loop
vertex 265168.1 175488.1 244543.1
vertex 254374.3 171150 244543.1
vertex 264559.2 171150 255825
endloop
endfacet
facet normal 0 0 0
outer loop
vertex 264559.2 171150 255825
vertex 265168.1 171602.7 255825
vertex 265168.1 175488.1 244543.1
endloop
endfacet
facet normal 0 0 0
outer loop
vertex 266061.2 126022.5 255825
vertex 276450 122548.8 244543.1
vertex 276450 124231.6 255825
endloop
endfacet
facet normal 0 0 0
outer loop
vertex 265168.1 122014.9 244543.1
vertex 276450 122548.8 244543.1
vertex 266061.2 126022.5 255825
endloop
endfacet
facet normal 0 0 0
outer loop
vertex 265168.1 126022.5 255371.7
vertex 265168.1 122014.9 244543.1
vertex 266061.2 126022.5 255825
endloop
endfacet
facet normal 0 0 0
outer loop
vertex 276450 178116.3 255825
vertex 265168.1 175488.1 244543.1
vertex 265168.1 171602.7 255825
endloop
endfacet
facet normal 0 0 0
outer loop
vertex 276450 178800.5 244543.1
vertex 265168.1 175488.1 244543.1
vertex 276450 178116.3 255825
endloop
endfacet
facet normal 0 0 0
outer loop
vertex 242604.4 127969.8 244543.1
vertex 242604.4 137304.4 251532.4
vertex 234334.2 137304.4 244543.1
endloop
endfacet
facet normal 0 0 0
outer loop
vertex 248025.2 137304.4 255825
vertex 253886.2 126022.5 249366.8
vertex 253886.2 131597.6 255825
endloop
endfacet
facet normal 0 0 0
outer loop
vertex 242604.4 137304.4 251532.4
vertex 253886.2 126022.5 249366.8
vertex 248025.2 137304.4 255825
endloop
endfacet
facet normal 0 0 0
outer loop
vertex 245896.8 126022.5 244543.1
vertex 253886.2 126022.5 249366.8
vertex 242604.4 137304.4 251532.4
endloop
endfacet
facet normal 0 0 0
outer loop
vertex 242604.4 127969.8 244543.1
vertex 245896.8 126022.5 244543.1
vertex 242604.4 137304.4 251532.4
endloop
endfacet
facet normal 0 0 0
outer loop
vertex 234334.2 137304.4 244543.1
vertex 242604.4 148586.2 253354.5
vertex 232736.7 148586.2 244543.1
endloop
endfacet
facet normal 0 0 0
outer loop
vertex 242604.4 137304.4 251532.4
vertex 242604.4 148586.2 253354.5
vertex 234334.2 137304.4 244543.1
endloop
endfacet
facet normal 0 0 0
outer loop
vertex 245711.2 148586.2 255825
vertex 242604.4 137304.4 251532.4
vertex 248025.2 137304.4 255825
endloop
endfacet
facet normal 0 0 0
outer loop
vertex 242604.4 148586.2 253354.5
vertex 242604.4 137304.4 251532.4
vertex 245711.2 148586.2 255825
endloop
endfacet
facet normal 0 0 0
outer loop
vertex 253886.2 131597.6 255825
vertex 265168.1 126022.5 255371.7
vertex 265168.1 126258.4 255825
endloop
endfacet
facet normal 0 0 0
outer loop
vertex 253886.2 126022.5 249366.8
vertex 265168.1 126022.5 255371.7
vertex 253886.2 131597.6 255825
endloop
endfacet
facet normal 0 0 0
outer loop
vertex 265168.1 126258.4 255825
vertex 265168.1 126022.5 255371.7
vertex 266061.2 126022.5 255825
endloop
endfacet
facet normal 0 0 0
outer loop
vertex 242604.4 148586.2 253354.5
vertex 242604.4 159868.1 248085.4
vertex 239575.6 159868.1 244543.1
endloop
endfacet
facet normal 0 0 0
outer loop
vertex 239575.6 159868.1 244543.1
vertex 232736.7 148586.2 244543.1
vertex 242604.4 148586.2 253354.5
endloop
endfacet
facet normal 0 0 0
outer loop
vertex 242604.4 159868.1 248085.4
vertex 242604.4 148586.2 253354.5
vertex 245711.2 148586.2 255825
endloop
endfacet
facet normal 0 0 0
outer loop
vertex 245711.2 148586.2 255825
vertex 251057.4 159868.1 255825
vertex 242604.4 159868.1 248085.4
endloop
endfacet
facet normal 0 0 0
outer loop
vertex 287731.9 180108.7 244543.1
vertex 276450 178800.5 244543.1
vertex 276450 178116.3 255825
endloop
endfacet
facet normal 0 0 0
outer loop
vertex 276450 178116.3 255825
vertex 287731.9 181579.2 255825
vertex 287731.9 180108.7 244543.1
endloop
endfacet
facet normal 0 0 0
outer loop
vertex 239575.6 159868.1 244543.1
vertex 242604.4 159868.1 248085.4
vertex 242604.4 163199.6 244543.1
endloop
endfacet
facet normal 0 0 0
outer loop
vertex 292357.9 182431.9 255825
vertex 287731.9 180108.7 244543.1
vertex 287731.9 181579.2 255825
endloop
endfacet
facet normal 0 0 0
outer loop
vertex 299013.8 182431.9 252313.5
vertex 287731.9 180108.7 244543.1
vertex 292357.9 182431.9 255825
endloop
endfacet
facet normal 0 0 0
outer loop
vertex 299013.8 179643 244543.1
vertex 287731.9 180108.7 244543.1
vertex 299013.8 182431.9 252313.5
endloop
endfacet
facet normal 0 0 0
outer loop
vertex 253886.2 163174.6 255825
vertex 242604.4 159868.1 248085.4
vertex 251057.4 159868.1 255825
endloop
endfacet
facet normal 0 0 0
outer loop
vertex 242604.4 163199.6 244543.1
vertex 242604.4 159868.1 248085.4
vertex 253886.2 163174.6 255825
endloop
endfacet
facet normal 0 0 0
outer loop
vertex 253886.2 170952 244543.1
vertex 242604.4 163199.6 244543.1
vertex 253886.2 163174.6 255825
endloop
endfacet
facet normal 0 0 0
outer loop
vertex 299013.8 183221.5 255825
vertex 299013.8 182431.9 252313.5
vertex 292357.9 182431.9 255825
endloop
endfacet
facet normal 0 0 0
outer loop
vertex 254374.3 171150 244543.1
vertex 253886.2 170952 244543.1
vertex 253886.2 163174.6 255825
endloop
endfacet
facet normal 0 0 0
outer loop
vertex 253886.2 163174.6 255825
vertex 264559.2 171150 255825
vertex 254374.3 171150 244543.1
endloop
endfacet
facet normal 0 0 0
outer loop
vertex 299013.8 179643 244543.1
vertex 310295.6 182431.9 253161.1
vertex 310295.6 176993.5 244543.1
endloop
endfacet
facet normal 0 0 0
outer loop
vertex 299013.8 182431.9 252313.5
vertex 310295.6 182431.9 253161.1
vertex 299013.8 179643 244543.1
endloop
endfacet
facet normal 0 0 0
outer loop
vertex 310295.6 176993.5 244543.1
vertex 310295.6 182431.9 253161.1
vertex 319732.6 182431.9 255825
endloop
endfacet
facet normal 0 0 0
outer loop
vertex 320960.3 171150 244543.1
vertex 310295.6 176993.5 244543.1
vertex 319732.6 182431.9 255825
endloop
endfacet
facet normal 0 0 0
outer loop
vertex 321577.5 171150 244922.7
vertex 320960.3 171150 244543.1
vertex 319732.6 182431.9 255825
endloop
endfacet
facet normal 0 0 0
outer loop
vertex 321577.5 181851 255825
vertex 321577.5 171150 244922.7
vertex 319732.6 182431.9 255825
endloop
endfacet
facet normal 0 0 0
outer loop
vertex 310295.6 182431.9 253161.1
vertex 299013.8 182431.9 252313.5
vertex 299013.8 183221.5 255825
endloop
endfacet
facet normal 0 0 0
outer loop
vertex 299013.8 183221.5 255825
vertex 310295.6 183673.9 255825
vertex 310295.6 182431.9 253161.1
endloop
endfacet
facet normal 0 0 0
outer loop
vertex 319732.6 182431.9 255825
vertex 310295.6 182431.9 253161.1
vertex 310295.6 183673.9 255825
endloop
endfacet
facet normal 0 0 0
outer loop
vertex 332859.4 171150 252180.8
vertex 321577.5 171150 244922.7
vertex 321577.5 181851 255825
endloop
endfacet
facet normal 0 0 0
outer loop
vertex 321577.5 181851 255825
vertex 332859.4 176269.8 255825
vertex 332859.4 171150 252180.8
endloop
endfacet
facet normal 0 0 0
outer loop
vertex 339181.9 171150 255825
vertex 332859.4 171150 252180.8
vertex 332859.4 176269.8 255825
endloop
endfacet
facet normal 0 0 0
outer loop
vertex 276450 124231.6 255825
vertex 287731.9 124318.8 244543.1
vertex 287731.9 124103.2 255825
endloop
endfacet
facet normal 0 0 0
outer loop
vertex 276450 122548.8 244543.1
vertex 287731.9 124318.8 244543.1
vertex 276450 124231.6 255825
endloop
endfacet
facet normal 0 0 0
outer loop
vertex 287731.9 124103.2 255825
vertex 299013.8 126022.5 251207.8
vertex 299013.8 125545.1 255825
endloop
endfacet
facet normal 0 0 0
outer loop
vertex 294436.7 126022.5 244543.1
vertex 299013.8 126022.5 251207.8
vertex 287731.9 124103.2 255825
endloop
endfacet
facet normal 0 0 0
outer loop
vertex 287731.9 124318.8 244543.1
vertex 294436.7 126022.5 244543.1
vertex 287731.9 124103.2 255825
endloop
endfacet
facet normal 0 0 0
outer loop
vertex 299013.8 125545.1 255825
vertex 299013.8 126022.5 251207.8
vertex 301481.7 126022.5 255825
endloop
endfacet
facet normal 0 0 0
outer loop
vertex 299013.8 127633.7 244543.1
vertex 299013.8 126022.5 251207.8
vertex 294436.7 126022.5 244543.1
endloop
endfacet
facet normal 0 0 0
outer loop
vertex 299013.8 126022.5 251207.8
vertex 310295.6 133414.3 244543.1
vertex 310295.6 128630.5 255825
endloop
endfacet
facet normal 0 0 0
outer loop
vertex 301481.7 126022.5 255825
vertex 299013.8 126022.5 251207.8
vertex 310295.6 128630.5 255825
endloop
endfacet
facet normal 0 0 0
outer loop
vertex 299013.8 127633.7 244543.1
vertex 310295.6 133414.3 244543.1
vertex 299013.8 126022.5 251207.8
endloop
endfacet
facet normal 0 0 0
outer loop
vertex 310295.6 128630.5 255825
vertex 321577.5 137304.4 249422.7
vertex 321577.5 133745.9 255825
endloop
endfacet
facet normal 0 0 0
outer loop
vertex 316265.5 137304.4 244543.1
vertex 321577.5 137304.4 249422.7
vertex 310295.6 128630.5 255825
endloop
endfacet
facet normal 0 0 0
outer loop
vertex 310295.6 133414.3 244543.1
vertex 316265.5 137304.4 244543.1
vertex 310295.6 128630.5 255825
endloop
endfacet
facet normal 0 0 0
outer loop
vertex 321577.5 141761.5 244543.1
vertex 321577.5 137304.4 249422.7
vertex 316265.5 137304.4 244543.1
endloop
endfacet
facet normal 0 0 0
outer loop
vertex 320960.3 171150 244543.1
vertex 321577.5 171150 244922.7
vertex 321577.5 170606 244543.1
endloop
endfacet
facet normal 0 0 0
outer loop
vertex 321577.5 133745.9 255825
vertex 321577.5 137304.4 249422.7
vertex 327893.9 137304.4 255825
endloop
endfacet
facet normal 0 0 0
outer loop
vertex 327893.9 137304.4 255825
vertex 332859.4 148586.2 249689.9
vertex 332859.4 140754.1 255825
endloop
endfacet
facet normal 0 0 0
outer loop
vertex 321577.5 137304.4 249422.7
vertex 332859.4 148586.2 249689.9
vertex 327893.9 137304.4 255825
endloop
endfacet
facet normal 0 0 0
outer loop
vertex 326394.6 148586.2 244543.1
vertex 332859.4 148586.2 249689.9
vertex 321577.5 137304.4 249422.7
endloop
endfacet
facet normal 0 0 0
outer loop
vertex 321577.5 141761.5 244543.1
vertex 326394.6 148586.2 244543.1
vertex 321577.5 137304.4 249422.7
endloop
endfacet
facet normal 0 0 0
outer loop
vertex 332859.4 140754.1 255825
vertex 332859.4 148586.2 249689.9
vertex 340401.1 148586.2 255825
endloop
endfacet
facet normal 0 0 0
outer loop
vertex 328055.5 159868.1 244543.1
vertex 332859.4 148586.2 249689.9
vertex 326394.6 148586.2 244543.1
endloop
endfacet
facet normal 0 0 0
outer loop
vertex 332859.4 159868.1 247907.3
vertex 332859.4 148586.2 249689.9
vertex 328055.5 159868.1 244543.1
endloop
endfacet
facet normal 0 0 0
outer loop
vertex 332859.4 159868.1 247907.3
vertex 344141.2 159868.1 255689.5
vertex 344141.2 156964.3 255825
endloop
endfacet
facet normal 0 0 0
outer loop
vertex 340401.1 148586.2 255825
vertex 332859.4 159868.1 247907.3
vertex 344141.2 156964.3 255825
endloop
endfacet
facet normal 0 0 0
outer loop
vertex 332859.4 148586.2 249689.9
vertex 332859.4 159868.1 247907.3
vertex 340401.1 148586.2 255825
endloop
endfacet
facet normal 0 0 0
outer loop
vertex 332859.4 171150 252180.8
vertex 332859.4 159868.1 247907.3
vertex 328055.5 159868.1 244543.1
endloop
endfacet
facet normal 0 0 0
outer loop
vertex 321577.5 170606 244543.1
vertex 332859.4 171150 252180.8
vertex 328055.5 159868.1 244543.1
endloop
endfacet
facet normal 0 0 0
outer loop
vertex 321577.5 171150 244922.7
vertex 332859.4 171150 252180.8
vertex 321577.5 170606 244543.1
endloop
endfacet
facet normal 0 0 0
outer loop
vertex 332859.4 159868.1 247907.3
vertex 332859.4 171150 252180.8
vertex 339181.9 171150 255825
endloop
endfacet
facet normal 0 0 0
outer loop
vertex 344141.2 162083.3 255825
vertex 332859.4 159868.1 247907.3
vertex 339181.9 171150 255825
endloop
endfacet
facet normal 0 0 0
outer loop
vertex 344141.2 159868.1 255689.5
vertex 332859.4 159868.1 247907.3
vertex 344141.2 162083.3 255825
endloop
endfacet
facet normal 0 0 0
outer loop
vertex 344141.2 156964.3 255825
vertex 344141.2 159868.1 255689.5
vertex 344351.8 159868.1 255825
endloop
endfacet
facet normal 0 0 0
outer loop
vertex 344351.8 159868.1 255825
vertex 344141.2 159868.1 255689.5
vertex 344141.2 162083.3 255825
endloop
endfacet
facet normal 0 0 0
outer loop
vertex 264559.2 171150 255825
vertex 265168.1 171150 256537.2
vertex 265168.1 171602.7 255825
endloop
endfacet
facet normal 0 0 0
outer loop
vertex 276450 178116.3 255825
vertex 265168.1 171150 256537.2
vertex 274121.4 171150 267106.9
endloop
endfacet
facet normal 0 0 0
outer loop
vertex 276450 173330.2 267106.9
vertex 276450 178116.3 255825
vertex 274121.4 171150 267106.9
endloop
endfacet
facet normal 0 0 0
outer loop
vertex 265168.1 171602.7 255825
vertex 265168.1 171150 256537.2
vertex 276450 178116.3 255825
endloop
endfacet
facet normal 0 0 0
outer loop
vertex 287731.9 179844.6 267106.9
vertex 276450 178116.3 255825
vertex 276450 173330.2 267106.9
endloop
endfacet
facet normal 0 0 0
outer loop
vertex 287731.9 181579.2 255825
vertex 276450 178116.3 255825
vertex 287731.9 179844.6 267106.9
endloop
endfacet
facet normal 0 0 0
outer loop
vertex 276450 124231.6 255825
vertex 276450 126022.5 260806.2
vertex 266061.2 126022.5 255825
endloop
endfacet
facet normal 0 0 0
outer loop
vertex 292357.9 182431.9 255825
vertex 287731.9 181579.2 255825
vertex 287731.9 179844.6 267106.9
endloop
endfacet
facet normal 0 0 0
outer loop
vertex 287731.9 179844.6 267106.9
vertex 294954.3 182431.9 267106.9
vertex 292357.9 182431.9 255825
endloop
endfacet
facet normal 0 0 0
outer loop
vertex 253886.2 131597.6 255825
vertex 253886.2 137304.4 259552.2
vertex 248025.2 137304.4 255825
endloop
endfacet
facet normal 0 0 0
outer loop
vertex 299013.8 183221.5 255825
vertex 292357.9 182431.9 255825
vertex 294954.3 182431.9 267106.9
endloop
endfacet
facet normal 0 0 0
outer loop
vertex 294954.3 182431.9 267106.9
vertex 299013.8 183669.4 267106.9
vertex 299013.8 183221.5 255825
endloop
endfacet
facet normal 0 0 0
outer loop
vertex 248025.2 137304.4 255825
vertex 253886.2 148586.2 262148.5
vertex 245711.2 148586.2 255825
endloop
endfacet
facet normal 0 0 0
outer loop
vertex 253886.2 137304.4 259552.2
vertex 253886.2 148586.2 262148.5
vertex 248025.2 137304.4 255825
endloop
endfacet
facet normal 0 0 0
outer loop
vertex 319732.6 182431.9 255825
vertex 321577.5 182431.9 256651.2
vertex 321577.5 181851 255825
endloop
endfacet
facet normal 0 0 0
outer loop
vertex 310295.6 183673.9 255825
vertex 299013.8 183221.5 255825
vertex 299013.8 183669.4 267106.9
endloop
endfacet
facet normal 0 0 0
outer loop
vertex 299013.8 183669.4 267106.9
vertex 310295.6 186608.7 267106.9
vertex 310295.6 183673.9 255825
endloop
endfacet
facet normal 0 0 0
outer loop
vertex 253886.2 131597.6 255825
vertex 265168.1 126258.4 255825
vertex 265168.1 136625.9 267106.9
endloop
endfacet
facet normal 0 0 0
outer loop
vertex 253886.2 137304.4 259552.2
vertex 253886.2 131597.6 255825
vertex 265168.1 136625.9 267106.9
endloop
endfacet
facet normal 0 0 0
outer loop
vertex 264602.6 137304.4 267106.9
vertex 253886.2 137304.4 259552.2
vertex 265168.1 136625.9 267106.9
endloop
endfacet
facet normal 0 0 0
outer loop
vertex 319732.6 182431.9 255825
vertex 310295.6 183673.9 255825
vertex 310295.6 186608.7 267106.9
endloop
endfacet
facet normal 0 0 0
outer loop
vertex 321577.5 187688.4 267106.9
vertex 319732.6 182431.9 255825
vertex 310295.6 186608.7 267106.9
endloop
endfacet
facet normal 0 0 0
outer loop
vertex 321577.5 182431.9 256651.2
vertex 319732.6 182431.9 255825
vertex 321577.5 187688.4 267106.9
endloop
endfacet
facet normal 0 0 0
outer loop
vertex 266061.2 126022.5 255825
vertex 276450 126022.5 260806.2
vertex 276450 129443.4 267106.9
endloop
endfacet
facet normal 0 0 0
outer loop
vertex 265168.1 136625.9 267106.9
vertex 266061.2 126022.5 255825
vertex 276450 129443.4 267106.9
endloop
endfacet
facet normal 0 0 0
outer loop
vertex 265168.1 126258.4 255825
vertex 266061.2 126022.5 255825
vertex 265168.1 136625.9 267106.9
endloop
endfacet
facet normal 0 0 0
outer loop
vertex 321577.5 182431.9 256651.2
vertex 332859.4 182431.9 261644.3
vertex 332859.4 176269.8 255825
endloop
endfacet
facet normal 0 0 0
outer loop
vertex 332859.4 176269.8 255825
vertex 321577.5 181851 255825
vertex 321577.5 182431.9 256651.2
endloop
endfacet
facet normal 0 0 0
outer loop
vertex 260149.7 148586.2 267106.9
vertex 253886.2 137304.4 259552.2
vertex 264602.6 137304.4 267106.9
endloop
endfacet
facet normal 0 0 0
outer loop
vertex 253886.2 148586.2 262148.5
vertex 253886.2 137304.4 259552.2
vertex 260149.7 148586.2 267106.9
endloop
endfacet
facet normal 0 0 0
outer loop
vertex 344141.2 182431.9 265759.5
vertex 344141.2 171150 258278.7
vertex 339181.9 171150 255825
endloop
endfacet
facet normal 0 0 0
outer loop
vertex 332859.4 182431.9 261644.3
vertex 344141.2 182431.9 265759.5
vertex 339181.9 171150 255825
endloop
endfacet
facet normal 0 0 0
outer loop
vertex 253886.2 148586.2 262148.5
vertex 253886.2 159868.1 258327
vertex 251057.4 159868.1 255825
endloop
endfacet
facet normal 0 0 0
outer loop
vertex 332859.4 176269.8 255825
vertex 332859.4 182431.9 261644.3
vertex 339181.9 171150 255825
endloop
endfacet
facet normal 0 0 0
outer loop
vertex 251057.4 159868.1 255825
vertex 245711.2 148586.2 255825
vertex 253886.2 148586.2 262148.5
endloop
endfacet
facet normal 0 0 0
outer loop
vertex 251057.4 159868.1 255825
vertex 253886.2 159868.1 258327
vertex 253886.2 163174.6 255825
endloop
endfacet
facet normal 0 0 0
outer loop
vertex 332859.4 182431.9 261644.3
vertex 321577.5 182431.9 256651.2
vertex 321577.5 187688.4 267106.9
endloop
endfacet
facet normal 0 0 0
outer loop
vertex 321577.5 187688.4 267106.9
vertex 332859.4 186617.5 267106.9
vertex 332859.4 182431.9 261644.3
endloop
endfacet
facet normal 0 0 0
outer loop
vertex 253886.2 159868.1 258327
vertex 253886.2 148586.2 262148.5
vertex 260149.7 148586.2 267106.9
endloop
endfacet
facet normal 0 0 0
outer loop
vertex 260149.7 148586.2 267106.9
vertex 263818.2 159868.1 267106.9
vertex 253886.2 159868.1 258327
endloop
endfacet
facet normal 0 0 0
outer loop
vertex 344141.2 182431.9 265759.5
vertex 332859.4 182431.9 261644.3
vertex 332859.4 186617.5 267106.9
endloop
endfacet
facet normal 0 0 0
outer loop
vertex 332859.4 186617.5 267106.9
vertex 344141.2 183797 267106.9
vertex 344141.2 182431.9 265759.5
endloop
endfacet
facet normal 0 0 0
outer loop
vertex 344141.2 171150 258278.7
vertex 344141.2 182431.9 265759.5
vertex 347492 182431.9 267106.9
endloop
endfacet
facet normal 0 0 0
outer loop
vertex 355423.1 177095.8 267106.9
vertex 344141.2 171150 258278.7
vertex 347492 182431.9 267106.9
endloop
endfacet
facet normal 0 0 0
outer loop
vertex 355423.1 171150 264536.9
vertex 344141.2 171150 258278.7
vertex 355423.1 177095.8 267106.9
endloop
endfacet
facet normal 0 0 0
outer loop
vertex 253886.2 163174.6 255825
vertex 253886.2 159868.1 258327
vertex 263818.2 159868.1 267106.9
endloop
endfacet
facet normal 0 0 0
outer loop
vertex 265168.1 161449.6 267106.9
vertex 253886.2 163174.6 255825
vertex 263818.2 159868.1 267106.9
endloop
endfacet
facet normal 0 0 0
outer loop
vertex 265168.1 171150 256537.2
vertex 253886.2 163174.6 255825
vertex 265168.1 161449.6 267106.9
endloop
endfacet
facet normal 0 0 0
outer loop
vertex 264559.2 171150 255825
vertex 253886.2 163174.6 255825
vertex 265168.1 171150 256537.2
endloop
endfacet
facet normal 0 0 0
outer loop
vertex 359802.3 171150 267106.9
vertex 355423.1 171150 264536.9
vertex 355423.1 177095.8 267106.9
endloop
endfacet
facet normal 0 0 0
outer loop
vertex 274121.4 171150 267106.9
vertex 265168.1 171150 256537.2
vertex 265168.1 161449.6 267106.9
endloop
endfacet
facet normal 0 0 0
outer loop
vertex 347492 182431.9 267106.9
vertex 344141.2 182431.9 265759.5
vertex 344141.2 183797 267106.9
endloop
endfacet
facet normal 0 0 0
outer loop
vertex 287731.9 124103.2 255825
vertex 276450 126022.5 260806.2
vertex 276450 124231.6 255825
endloop
endfacet
facet normal 0 0 0
outer loop
vertex 287731.9 126022.5 264579.4
vertex 276450 126022.5 260806.2
vertex 287731.9 124103.2 255825
endloop
endfacet
facet normal 0 0 0
outer loop
vertex 299013.8 125545.1 255825
vertex 287731.9 126022.5 264579.4
vertex 287731.9 124103.2 255825
endloop
endfacet
facet normal 0 0 0
outer loop
vertex 299013.8 126022.5 265015.2
vertex 287731.9 126022.5 264579.4
vertex 299013.8 125545.1 255825
endloop
endfacet
facet normal 0 0 0
outer loop
vertex 301481.7 126022.5 255825
vertex 299013.8 126022.5 265015.2
vertex 299013.8 125545.1 255825
endloop
endfacet
facet normal 0 0 0
outer loop
vertex 276450 129443.4 267106.9
vertex 287731.9 126022.5 264579.4
vertex 287731.9 126880.4 267106.9
endloop
endfacet
facet normal 0 0 0
outer loop
vertex 276450 126022.5 260806.2
vertex 287731.9 126022.5 264579.4
vertex 276450 129443.4 267106.9
endloop
endfacet
facet normal 0 0 0
outer loop
vertex 287731.9 126880.4 267106.9
vertex 299013.8 126022.5 265015.2
vertex 299013.8 126404.1 267106.9
endloop
endfacet
facet normal 0 0 0
outer loop
vertex 287731.9 126022.5 264579.4
vertex 299013.8 126022.5 265015.2
vertex 287731.9 126880.4 267106.9
endloop
endfacet
facet normal 0 0 0
outer loop
vertex 301481.7 126022.5 255825
vertex 310295.6 128630.5 255825
vertex 310295.6 127641.5 267106.9
endloop
endfacet
facet normal 0 0 0
outer loop
vertex 299013.8 126022.5 265015.2
vertex 301481.7 126022.5 255825
vertex 310295.6 127641.5 267106.9
endloop
endfacet
facet normal 0 0 0
outer loop
vertex 299013.8 126404.1 267106.9
vertex 299013.8 126022.5 265015.2
vertex 310295.6 127641.5 267106.9
endloop
endfacet
facet normal 0 0 0
outer loop
vertex 310295.6 128630.5 255825
vertex 321577.5 133745.9 255825
vertex 321577.5 130511.2 267106.9
endloop
endfacet
facet normal 0 0 0
outer loop
vertex 321577.5 130511.2 267106.9
vertex 310295.6 127641.5 267106.9
vertex 310295.6 128630.5 255825
endloop
endfacet
facet normal 0 0 0
outer loop
vertex 321577.5 130511.2 267106.9
vertex 332859.4 137304.4 261067.2
vertex 332859.4 134833.5 267106.9
endloop
endfacet
facet normal 0 0 0
outer loop
vertex 327893.9 137304.4 255825
vertex 332859.4 137304.4 261067.2
vertex 321577.5 130511.2 267106.9
endloop
endfacet
facet normal 0 0 0
outer loop
vertex 321577.5 133745.9 255825
vertex 327893.9 137304.4 255825
vertex 321577.5 130511.2 267106.9
endloop
endfacet
facet normal 0 0 0
outer loop
vertex 332859.4 134833.5 267106.9
vertex 332859.4 137304.4 261067.2
vertex 338544 137304.4 267106.9
endloop
endfacet
facet normal 0 0 0
outer loop
vertex 332859.4 140754.1 255825
vertex 332859.4 137304.4 261067.2
vertex 327893.9 137304.4 255825
endloop
endfacet
facet normal 0 0 0
outer loop
vertex 338544 137304.4 267106.9
vertex 344141.2 148586.2 258798.9
vertex 344141.2 140093 267106.9
endloop
endfacet
facet normal 0 0 0
outer loop
vertex 340401.1 148586.2 255825
vertex 344141.2 148586.2 258798.9
vertex 338544 137304.4 267106.9
endloop
endfacet
facet normal 0 0 0
outer loop
vertex 332859.4 137304.4 261067.2
vertex 340401.1 148586.2 255825
vertex 338544 137304.4 267106.9
endloop
endfacet
facet normal 0 0 0
outer loop
vertex 332859.4 140754.1 255825
vertex 340401.1 148586.2 255825
vertex 332859.4 137304.4 261067.2
endloop
endfacet
facet normal 0 0 0
outer loop
vertex 344141.2 148586.2 258798.9
vertex 355423.1 148586.2 267081.8
vertex 355423.1 148546.8 267106.9
endloop
endfacet
facet normal 0 0 0
outer loop
vertex 355423.1 148546.8 267106.9
vertex 344141.2 140093 267106.9
vertex 344141.2 148586.2 258798.9
endloop
endfacet
facet normal 0 0 0
outer loop
vertex 355423.1 148546.8 267106.9
vertex 355423.1 148586.2 267081.8
vertex 355462.6 148586.2 267106.9
endloop
endfacet
facet normal 0 0 0
outer loop
vertex 344141.2 156964.3 255825
vertex 344141.2 148586.2 258798.9
vertex 340401.1 148586.2 255825
endloop
endfacet
facet normal 0 0 0
outer loop
vertex 339181.9 171150 255825
vertex 344141.2 171150 258278.7
vertex 344141.2 162083.3 255825
endloop
endfacet
facet normal 0 0 0
outer loop
vertex 355423.1 159868.1 263176.4
vertex 344141.2 148586.2 258798.9
vertex 344141.2 156964.3 255825
endloop
endfacet
facet normal 0 0 0
outer loop
vertex 344351.8 159868.1 255825
vertex 355423.1 159868.1 263176.4
vertex 344141.2 156964.3 255825
endloop
endfacet
facet normal 0 0 0
outer loop
vertex 355423.1 148586.2 267081.8
vertex 344141.2 148586.2 258798.9
vertex 355423.1 159868.1 263176.4
endloop
endfacet
facet normal 0 0 0
outer loop
vertex 355423.1 148586.2 267081.8
vertex 355423.1 159868.1 263176.4
vertex 361550.6 159868.1 267106.9
endloop
endfacet
facet normal 0 0 0
outer loop
vertex 361550.6 159868.1 267106.9
vertex 355462.6 148586.2 267106.9
vertex 355423.1 148586.2 267081.8
endloop
endfacet
facet normal 0 0 0
outer loop
vertex 344141.2 162083.3 255825
vertex 355423.1 159868.1 263176.4
vertex 344351.8 159868.1 255825
endloop
endfacet
facet normal 0 0 0
outer loop
vertex 344141.2 171150 258278.7
vertex 355423.1 159868.1 263176.4
vertex 344141.2 162083.3 255825
endloop
endfacet
facet normal 0 0 0
outer loop
vertex 355423.1 171150 264536.9
vertex 355423.1 159868.1 263176.4
vertex 344141.2 171150 258278.7
endloop
endfacet
facet normal 0 0 0
outer loop
vertex 355423.1 159868.1 263176.4
vertex 355423.1 171150 264536.9
vertex 359802.3 171150 267106.9
endloop
endfacet
facet normal 0 0 0
outer loop
vertex 359802.3 171150 267106.9
vertex 361550.6 159868.1 267106.9
vertex 355423.1 159868.1 263176.4
endloop
endfacet
facet normal 0 0 0
outer loop
vertex 368509.1 171150 272747.8
vertex 366705 171150 271585.4
vertex 366705 174725.7 272747.8
endloop
endfacet
facet normal 0 0 0
outer loop
vertex 369580.6 159868.1 272747.8
vertex 366705 165509.1 270610.5
vertex 369762.3 165509.1 272747.8
endloop
endfacet
facet normal 0 0 0
outer loop
vertex 366705 159868.1 270700.4
vertex 366705 165509.1 270610.5
vertex 369580.6 159868.1 272747.8
endloop
endfacet
facet normal 0 0 0
outer loop
vertex 366705 165509.1 270610.5
vertex 366705 171150 271585.4
vertex 368509.1 171150 272747.8
endloop
endfacet
facet normal 0 0 0
outer loop
vertex 368509.1 171150 272747.8
vertex 369762.3 165509.1 272747.8
vertex 366705 165509.1 270610.5
endloop
endfacet
facet normal 0 0 0
outer loop
vertex 368202.3 182431.9 278388.8
vertex 366705 182431.9 277370.9
vertex 366705 183778.3 278388.8
endloop
endfacet
facet normal 0 0 0
outer loop
vertex 369762.3 165509.1 272747.8
vertex 372345.9 159868.1 274814.8
vertex 369580.6 159868.1 272747.8
endloop
endfacet
facet normal 0 0 0
outer loop
vertex 372345.9 165509.1 274647.8
vertex 372345.9 159868.1 274814.8
vertex 369762.3 165509.1 272747.8
endloop
endfacet
facet normal 0 0 0
outer loop
vertex 372345.9 159868.1 274814.8
vertex 372345.9 165509.1 274647.8
vertex 377161 165509.1 278388.8
endloop
endfacet
facet normal 0 0 0
outer loop
vertex 377161 165509.1 278388.8
vertex 377161.4 159868.1 278388.8
vertex 372345.9 159868.1 274814.8
endloop
endfacet
facet normal 0 0 0
outer loop
vertex 366705 174725.7 272747.8
vertex 372345.9 171150 275673.9
vertex 368509.1 171150 272747.8
endloop
endfacet
facet normal 0 0 0
outer loop
vertex 372345.9 176790.9 278009.4
vertex 372345.9 171150 275673.9
vertex 366705 174725.7 272747.8
endloop
endfacet
facet normal 0 0 0
outer loop
vertex 366705 176790.9 273749.4
vertex 372345.9 176790.9 278009.4
vertex 366705 174725.7 272747.8
endloop
endfacet
facet normal 0 0 0
outer loop
vertex 372345.9 171150 275673.9
vertex 372345.9 165509.1 274647.8
vertex 369762.3 165509.1 272747.8
endloop
endfacet
facet normal 0 0 0
outer loop
vertex 369762.3 165509.1 272747.8
vertex 368509.1 171150 272747.8
vertex 372345.9 171150 275673.9
endloop
endfacet
facet normal 0 0 0
outer loop
vertex 372345.9 171150 275673.9
vertex 372345.9 176790.9 278009.4
vertex 372764.6 176790.9 278388.8
endloop
endfacet
facet normal 0 0 0
outer loop
vertex 372764.6 176790.9 278388.8
vertex 375472.1 171150 278388.8
vertex 372345.9 171150 275673.9
endloop
endfacet
facet normal 0 0 0
outer loop
vertex 372345.9 165509.1 274647.8
vertex 372345.9 171150 275673.9
vertex 375472.1 171150 278388.8
endloop
endfacet
facet normal 0 0 0
outer loop
vertex 375472.1 171150 278388.8
vertex 377161 165509.1 278388.8
vertex 372345.9 165509.1 274647.8
endloop
endfacet
facet normal 0 0 0
outer loop
vertex 366705 176790.9 273749.4
vertex 366705 182431.9 277370.9
vertex 368202.3 182431.9 278388.8
endloop
endfacet
facet normal 0 0 0
outer loop
vertex 372345.9 177451.3 278388.8
vertex 366705 176790.9 273749.4
vertex 368202.3 182431.9 278388.8
endloop
endfacet
facet normal 0 0 0
outer loop
vertex 372345.9 176790.9 278009.4
vertex 366705 176790.9 273749.4
vertex 372345.9 177451.3 278388.8
endloop
endfacet
facet normal 0 0 0
outer loop
vertex 372764.6 176790.9 278388.8
vertex 372345.9 176790.9 278009.4
vertex 372345.9 177451.3 278388.8
endloop
endfacet
facet normal 0 0 0
outer loop
vertex 265168.1 136625.9 267106.9
vertex 265168.1 137304.4 267512.6
vertex 264602.6 137304.4 267106.9
endloop
endfacet
facet normal 0 0 0
outer loop
vertex 276450 137304.4 275125.8
vertex 265168.1 137304.4 267512.6
vertex 265168.1 136625.9 267106.9
endloop
endfacet
facet normal 0 0 0
outer loop
vertex 265168.1 136625.9 267106.9
vertex 276450 129443.4 267106.9
vertex 276450 137304.4 275125.8
endloop
endfacet
facet normal 0 0 0
outer loop
vertex 274121.4 171150 267106.9
vertex 276450 171150 269879.5
vertex 276450 173330.2 267106.9
endloop
endfacet
facet normal 0 0 0
outer loop
vertex 264602.6 137304.4 267106.9
vertex 265168.1 148586.2 271025.9
vertex 260149.7 148586.2 267106.9
endloop
endfacet
facet normal 0 0 0
outer loop
vertex 265168.1 137304.4 267512.6
vertex 265168.1 148586.2 271025.9
vertex 264602.6 137304.4 267106.9
endloop
endfacet
facet normal 0 0 0
outer loop
vertex 265168.1 148586.2 271025.9
vertex 276450 137304.4 275125.8
vertex 276450 143124.4 278388.8
endloop
endfacet
facet normal 0 0 0
outer loop
vertex 274755 148586.2 278388.8
vertex 265168.1 148586.2 271025.9
vertex 276450 143124.4 278388.8
endloop
endfacet
facet normal 0 0 0
outer loop
vertex 265168.1 137304.4 267512.6
vertex 276450 137304.4 275125.8
vertex 265168.1 148586.2 271025.9
endloop
endfacet
facet normal 0 0 0
outer loop
vertex 265168.1 148586.2 271025.9
vertex 265168.1 159868.1 268286.7
vertex 263818.2 159868.1 267106.9
endloop
endfacet
facet normal 0 0 0
outer loop
vertex 263818.2 159868.1 267106.9
vertex 260149.7 148586.2 267106.9
vertex 265168.1 148586.2 271025.9
endloop
endfacet
facet normal 0 0 0
outer loop
vertex 276450 159760.9 278388.8
vertex 265168.1 148586.2 271025.9
vertex 274755 148586.2 278388.8
endloop
endfacet
facet normal 0 0 0
outer loop
vertex 265168.1 159868.1 268286.7
vertex 265168.1 148586.2 271025.9
vertex 276450 159760.9 278388.8
endloop
endfacet
facet normal 0 0 0
outer loop
vertex 276450 159868.1 278343.7
vertex 265168.1 159868.1 268286.7
vertex 276450 159760.9 278388.8
endloop
endfacet
facet normal 0 0 0
outer loop
vertex 263818.2 159868.1 267106.9
vertex 265168.1 159868.1 268286.7
vertex 265168.1 161449.6 267106.9
endloop
endfacet
facet normal 0 0 0
outer loop
vertex 265168.1 161449.6 267106.9
vertex 276450 171150 269879.5
vertex 274121.4 171150 267106.9
endloop
endfacet
facet normal 0 0 0
outer loop
vertex 265168.1 159868.1 268286.7
vertex 276450 171150 269879.5
vertex 265168.1 161449.6 267106.9
endloop
endfacet
facet normal 0 0 0
outer loop
vertex 276450 159868.1 278343.7
vertex 276450 171150 269879.5
vertex 265168.1 159868.1 268286.7
endloop
endfacet
facet normal 0 0 0
outer loop
vertex 287731.9 179844.6 267106.9
vertex 276450 171150 269879.5
vertex 284424.6 171150 278388.8
endloop
endfacet
facet normal 0 0 0
outer loop
vertex 287731.9 173703.2 278388.8
vertex 287731.9 179844.6 267106.9
vertex 284424.6 171150 278388.8
endloop
endfacet
facet normal 0 0 0
outer loop
vertex 276450 173330.2 267106.9
vertex 276450 171150 269879.5
vertex 287731.9 179844.6 267106.9
endloop
endfacet
facet normal 0 0 0
outer loop
vertex 299013.8 182431.9 273930.8
vertex 287731.9 179844.6 267106.9
vertex 287731.9 173703.2 278388.8
endloop
endfacet
facet normal 0 0 0
outer loop
vertex 299013.8 180957.7 278388.8
vertex 299013.8 182431.9 273930.8
vertex 287731.9 173703.2 278388.8
endloop
endfacet
facet normal 0 0 0
outer loop
vertex 294954.3 182431.9 267106.9
vertex 287731.9 179844.6 267106.9
vertex 299013.8 182431.9 273930.8
endloop
endfacet
facet normal 0 0 0
outer loop
vertex 294954.3 182431.9 267106.9
vertex 299013.8 182431.9 273930.8
vertex 299013.8 183669.4 267106.9
endloop
endfacet
facet normal 0 0 0
outer loop
vertex 301527.5 182431.9 278388.8
vertex 299013.8 182431.9 273930.8
vertex 299013.8 180957.7 278388.8
endloop
endfacet
facet normal 0 0 0
outer loop
vertex 310295.6 186697.8 278388.8
vertex 299013.8 182431.9 273930.8
vertex 301527.5 182431.9 278388.8
endloop
endfacet
facet normal 0 0 0
outer loop
vertex 310295.6 186608.7 267106.9
vertex 299013.8 182431.9 273930.8
vertex 310295.6 186697.8 278388.8
endloop
endfacet
facet normal 0 0 0
outer loop
vertex 299013.8 183669.4 267106.9
vertex 299013.8 182431.9 273930.8
vertex 310295.6 186608.7 267106.9
endloop
endfacet
facet normal 0 0 0
outer loop
vertex 321577.5 187688.4 267106.9
vertex 310295.6 186608.7 267106.9
vertex 310295.6 186697.8 278388.8
endloop
endfacet
facet normal 0 0 0
outer loop
vertex 310295.6 186697.8 278388.8
vertex 321577.5 190414.2 278388.8
vertex 321577.5 187688.4 267106.9
endloop
endfacet
facet normal 0 0 0
outer loop
vertex 276450 129443.4 267106.9
vertex 287731.9 126880.4 267106.9
vertex 287731.9 133619.6 278388.8
endloop
endfacet
facet normal 0 0 0
outer loop
vertex 281530.5 137304.4 278388.8
vertex 276450 129443.4 267106.9
vertex 287731.9 133619.6 278388.8
endloop
endfacet
facet normal 0 0 0
outer loop
vertex 276450 137304.4 275125.8
vertex 276450 129443.4 267106.9
vertex 281530.5 137304.4 278388.8
endloop
endfacet
facet normal 0 0 0
outer loop
vertex 332859.4 186617.5 267106.9
vertex 321577.5 187688.4 267106.9
vertex 321577.5 190414.2 278388.8
endloop
endfacet
facet normal 0 0 0
outer loop
vertex 321577.5 190414.2 278388.8
vertex 332859.4 192123.6 278388.8
vertex 332859.4 186617.5 267106.9
endloop
endfacet
facet normal 0 0 0
outer loop
vertex 287731.9 126880.4 267106.9
vertex 299013.8 126404.1 267106.9
vertex 299013.8 130187 278388.8
endloop
endfacet
facet normal 0 0 0
outer loop
vertex 299013.8 130187 278388.8
vertex 287731.9 133619.6 278388.8
vertex 287731.9 126880.4 267106.9
endloop
endfacet
facet normal 0 0 0
outer loop
vertex 344141.2 192148.8 278388.8
vertex 332859.4 186617.5 267106.9
vertex 332859.4 192123.6 278388.8
endloop
endfacet
facet normal 0 0 0
outer loop
vertex 344141.2 183797 267106.9
vertex 332859.4 186617.5 267106.9
vertex 344141.2 192148.8 278388.8
endloop
endfacet
facet normal 0 0 0
outer loop
vertex 276450 143124.4 278388.8
vertex 276450 137304.4 275125.8
vertex 281530.5 137304.4 278388.8
endloop
endfacet
facet normal 0 0 0
outer loop
vertex 347492 182431.9 267106.9
vertex 355423.1 182431.9 270881.2
vertex 355423.1 177095.8 267106.9
endloop
endfacet
facet normal 0 0 0
outer loop
vertex 299013.8 130187 278388.8
vertex 310295.6 127641.5 267106.9
vertex 310295.6 129460.8 278388.8
endloop
endfacet
facet normal 0 0 0
outer loop
vertex 299013.8 126404.1 267106.9
vertex 310295.6 127641.5 267106.9
vertex 299013.8 130187 278388.8
endloop
endfacet
facet normal 0 0 0
outer loop
vertex 310295.6 129460.8 278388.8
vertex 321577.5 130511.2 267106.9
vertex 321577.5 130732.1 278388.8
endloop
endfacet
facet normal 0 0 0
outer loop
vertex 310295.6 127641.5 267106.9
vertex 321577.5 130511.2 267106.9
vertex 310295.6 129460.8 278388.8
endloop
endfacet
facet normal 0 0 0
outer loop
vertex 359802.3 171150 267106.9
vertex 362495.5 176539.5 271507
vertex 366705 171150 271585.4
endloop
endfacet
facet normal 0 0 0
outer loop
vertex 366705 171150 271585.4
vertex 362495.5 176539.5 271507
vertex 366705 174725.7 272747.8
endloop
endfacet
facet normal 0 0 0
outer loop
vertex 366705 174725.7 272747.8
vertex 362495.5 176539.5 271507
vertex 366705 176790.9 273749.4
endloop
endfacet
facet normal 0 0 0
outer loop
vertex 366705 176790.9 273749.4
vertex 362495.5 176539.5 271507
vertex 366705 182431.9 277370.9
endloop
endfacet
facet normal 0 0 0
outer loop
vertex 366705 182431.9 277370.9
vertex 362495.5 176539.5 271507
vertex 355423.1 182431.9 270881.2
endloop
endfacet
facet normal 0 0 0
outer loop
vertex 355423.1 182431.9 270881.2
vertex 362495.5 176539.5 271507
vertex 355423.1 177095.8 267106.9
endloop
endfacet
facet normal 0 0 0
outer loop
vertex 355423.1 177095.8 267106.9
vertex 362495.5 176539.5 271507
vertex 359802.3 171150 267106.9
endloop
endfacet
facet normal 0 0 0
outer loop
vertex 276501.8 159868.1 278388.8
vertex 276450 159868.1 278343.7
vertex 276450 159760.9 278388.8
endloop
endfacet
facet normal 0 0 0
outer loop
vertex 276450 171150 269879.5
vertex 276450 159868.1 278343.7
vertex 276501.8 159868.1 278388.8
endloop
endfacet
facet normal 0 0 0
outer loop
vertex 276501.8 159868.1 278388.8
vertex 284424.6 171150 278388.8
vertex 276450 171150 269879.5
endloop
endfacet
facet normal 0 0 0
outer loop
vertex 347492 182431.9 267106.9
vertex 344141.2 183797 267106.9
vertex 344141.2 192148.8 278388.8
endloop
endfacet
facet normal 0 0 0
outer loop
vertex 355423.1 190036.2 278388.8
vertex 347492 182431.9 267106.9
vertex 344141.2 192148.8 278388.8
endloop
endfacet
facet normal 0 0 0
outer loop
vertex 355423.1 182431.9 270881.2
vertex 347492 182431.9 267106.9
vertex 355423.1 190036.2 278388.8
endloop
endfacet
facet normal 0 0 0
outer loop
vertex 321577.5 130511.2 267106.9
vertex 332859.4 134833.5 267106.9
vertex 332859.4 133149.5 278388.8
endloop
endfacet
facet normal 0 0 0
outer loop
vertex 332859.4 133149.5 278388.8
vertex 321577.5 130732.1 278388.8
vertex 321577.5 130511.2 267106.9
endloop
endfacet
facet normal 0 0 0
outer loop
vertex 366705 183778.3 278388.8
vertex 355423.1 182431.9 270881.2
vertex 355423.1 190036.2 278388.8
endloop
endfacet
facet normal 0 0 0
outer loop
vertex 366705 182431.9 277370.9
vertex 355423.1 182431.9 270881.2
vertex 366705 183778.3 278388.8
endloop
endfacet
facet normal 0 0 0
outer loop
vertex 332859.4 133149.5 278388.8
vertex 344141.2 137304.4 273240.7
vertex 344141.2 136161.7 278388.8
endloop
endfacet
facet normal 0 0 0
outer loop
vertex 338544 137304.4 267106.9
vertex 344141.2 137304.4 273240.7
vertex 332859.4 133149.5 278388.8
endloop
endfacet
facet normal 0 0 0
outer loop
vertex 332859.4 134833.5 267106.9
vertex 338544 137304.4 267106.9
vertex 332859.4 133149.5 278388.8
endloop
endfacet
facet normal 0 0 0
outer loop
vertex 344141.2 140093 267106.9
vertex 344141.2 137304.4 273240.7
vertex 338544 137304.4 267106.9
endloop
endfacet
facet normal 0 0 0
outer loop
vertex 344141.2 136161.7 278388.8
vertex 344141.2 137304.4 273240.7
vertex 347953.1 137304.4 278388.8
endloop
endfacet
facet normal 0 0 0
outer loop
vertex 344141.2 140093 267106.9
vertex 355423.1 148546.8 267106.9
vertex 355423.1 139900.3 278388.8
endloop
endfacet
facet normal 0 0 0
outer loop
vertex 344141.2 137304.4 273240.7
vertex 344141.2 140093 267106.9
vertex 355423.1 139900.3 278388.8
endloop
endfacet
facet normal 0 0 0
outer loop
vertex 347953.1 137304.4 278388.8
vertex 344141.2 137304.4 273240.7
vertex 355423.1 139900.3 278388.8
endloop
endfacet
facet normal 0 0 0
outer loop
vertex 355423.1 139900.3 278388.8
vertex 366705 148586.2 276089.9
vertex 366705 146515.5 278388.8
endloop
endfacet
facet normal 0 0 0
outer loop
vertex 355462.6 148586.2 267106.9
vertex 366705 148586.2 276089.9
vertex 355423.1 139900.3 278388.8
endloop
endfacet
facet normal 0 0 0
outer loop
vertex 355423.1 148546.8 267106.9
vertex 355462.6 148586.2 267106.9
vertex 355423.1 139900.3 278388.8
endloop
endfacet
facet normal 0 0 0
outer loop
vertex 361550.6 159868.1 267106.9
vertex 366705 148586.2 276089.9
vertex 355462.6 148586.2 267106.9
endloop
endfacet
facet normal 0 0 0
outer loop
vertex 366705 159868.1 270700.4
vertex 366705 148586.2 276089.9
vertex 361550.6 159868.1 267106.9
endloop
endfacet
facet normal 0 0 0
outer loop
vertex 361550.6 159868.1 267106.9
vertex 364293.6 165509.1 269422
vertex 366705 159868.1 270700.4
endloop
endfacet
facet normal 0 0 0
outer loop
vertex 366705 159868.1 270700.4
vertex 364293.6 165509.1 269422
vertex 366705 165509.1 270610.5
endloop
endfacet
facet normal 0 0 0
outer loop
vertex 366705 165509.1 270610.5
vertex 364293.6 165509.1 269422
vertex 366705 171150 271585.4
endloop
endfacet
facet normal 0 0 0
outer loop
vertex 366705 171150 271585.4
vertex 364293.6 165509.1 269422
vertex 359802.3 171150 267106.9
endloop
endfacet
facet normal 0 0 0
outer loop
vertex 359802.3 171150 267106.9
vertex 364293.6 165509.1 269422
vertex 361550.6 159868.1 267106.9
endloop
endfacet
facet normal 0 0 0
outer loop
vertex 366705 146515.5 278388.8
vertex 366705 148586.2 276089.9
vertex 369320 148586.2 278388.8
endloop
endfacet
facet normal 0 0 0
outer loop
vertex 374600.2 154227.2 278388.8
vertex 371095.5 155290.1 275988.5
vertex 377161.4 159868.1 278388.8
endloop
endfacet
facet normal 0 0 0
outer loop
vertex 377161.4 159868.1 278388.8
vertex 371095.5 155290.1 275988.5
vertex 372345.9 159868.1 274814.8
endloop
endfacet
facet normal 0 0 0
outer loop
vertex 372345.9 159868.1 274814.8
vertex 371095.5 155290.1 275988.5
vertex 369580.6 159868.1 272747.8
endloop
endfacet
facet normal 0 0 0
outer loop
vertex 369580.6 159868.1 272747.8
vertex 371095.5 155290.1 275988.5
vertex 366705 159868.1 270700.4
endloop
endfacet
facet normal 0 0 0
outer loop
vertex 366705 159868.1 270700.4
vertex 371095.5 155290.1 275988.5
vertex 366705 148586.2 276089.9
endloop
endfacet
facet normal 0 0 0
outer loop
vertex 366705 148586.2 276089.9
vertex 371095.5 155290.1 275988.5
vertex 369320 148586.2 278388.8
endloop
endfacet
facet normal 0 0 0
outer loop
vertex 369320 148586.2 278388.8
vertex 371095.5 155290.1 275988.5
vertex 372345.9 151448.3 278388.8
endloop
endfacet
facet normal 0 0 0
outer loop
vertex 372345.9 151448.3 278388.8
vertex 371095.5 155290.1 275988.5
vertex 374600.2 154227.2 278388.8
endloop
endfacet
facet normal 0 0 0
outer loop
vertex 376343.5 182431.9 284029.7
vertex 372345.9 182431.9 281505.3
vertex 372345.9 186331.1 284029.7
endloop
endfacet
facet normal 0 0 0
outer loop
vertex 377161.4 159868.1 278388.8
vertex 377986.9 154227.2 281043.5
vertex 374600.2 154227.2 278388.8
endloop
endfacet
facet normal 0 0 0
outer loop
vertex 377986.9 159868.1 278978.4
vertex 377986.9 154227.2 281043.5
vertex 377161.4 159868.1 278388.8
endloop
endfacet
facet normal 0 0 0
outer loop
vertex 370307.3 188072.8 284029.7
vertex 366705 188072.8 281950.2
vertex 366705 190312 284029.7
endloop
endfacet
facet normal 0 0 0
outer loop
vertex 377986.9 176790.9 282442.8
vertex 377986.9 171150 280500.7
vertex 375472.1 171150 278388.8
endloop
endfacet
facet normal 0 0 0
outer loop
vertex 375472.1 171150 278388.8
vertex 372764.6 176790.9 278388.8
vertex 377986.9 176790.9 282442.8
endloop
endfacet
facet normal 0 0 0
outer loop
vertex 377986.9 150382.1 284029.7
vertex 377986.9 154227.2 281043.5
vertex 381478.8 154227.2 284029.7
endloop
endfacet
facet normal 0 0 0
outer loop
vertex 369320 148586.2 278388.8
vertex 372345.9 148586.2 281016.9
vertex 372345.9 146095.1 284029.7
endloop
endfacet
facet normal 0 0 0
outer loop
vertex 366705 146515.5 278388.8
vertex 369320 148586.2 278388.8
vertex 372345.9 146095.1 284029.7
endloop
endfacet
facet normal 0 0 0
outer loop
vertex 366705 143060.9 284029.7
vertex 366705 146515.5 278388.8
vertex 372345.9 146095.1 284029.7
endloop
endfacet
facet normal 0 0 0
outer loop
vertex 368202.3 182431.9 278388.8
vertex 372345.9 182431.9 281505.3
vertex 372345.9 177451.3 278388.8
endloop
endfacet
facet normal 0 0 0
outer loop
vertex 372345.9 146095.1 284029.7
vertex 372345.9 148586.2 281016.9
vertex 375862 148586.2 284029.7
endloop
endfacet
facet normal 0 0 0
outer loop
vertex 377986.9 159868.1 278978.4
vertex 383627.8 159868.1 283614.9
vertex 383627.8 158389.4 284029.7
endloop
endfacet
facet normal 0 0 0
outer loop
vertex 377986.9 154227.2 281043.5
vertex 377986.9 159868.1 278978.4
vertex 383627.8 158389.4 284029.7
endloop
endfacet
facet normal 0 0 0
outer loop
vertex 381478.8 154227.2 284029.7
vertex 377986.9 154227.2 281043.5
vertex 383627.8 158389.4 284029.7
endloop
endfacet
facet normal 0 0 0
outer loop
vertex 372345.9 151448.3 278388.8
vertex 372345.9 148586.2 281016.9
vertex 369320 148586.2 278388.8
endloop
endfacet
facet normal 0 0 0
outer loop
vertex 377986.9 180696.9 284029.7
vertex 372345.9 182431.9 281505.3
vertex 376343.5 182431.9 284029.7
endloop
endfacet
facet normal 0 0 0
outer loop
vertex 377986.9 176790.9 282442.8
vertex 372345.9 182431.9 281505.3
vertex 377986.9 180696.9 284029.7
endloop
endfacet
facet normal 0 0 0
outer loop
vertex 372345.9 177451.3 278388.8
vertex 372345.9 182431.9 281505.3
vertex 377986.9 176790.9 282442.8
endloop
endfacet
facet normal 0 0 0
outer loop
vertex 383627.8 158389.4 284029.7
vertex 383627.8 159868.1 283614.9
vertex 384104.9 159868.1 284029.7
endloop
endfacet
facet normal 0 0 0
outer loop
vertex 372764.6 176790.9 278388.8
vertex 372345.9 177451.3 278388.8
vertex 377986.9 176790.9 282442.8
endloop
endfacet
facet normal 0 0 0
outer loop
vertex 377161 165509.1 278388.8
vertex 377986.9 159868.1 278978.4
vertex 377161.4 159868.1 278388.8
endloop
endfacet
facet normal 0 0 0
outer loop
vertex 377986.9 165509.1 279040.4
vertex 377986.9 159868.1 278978.4
vertex 377161 165509.1 278388.8
endloop
endfacet
facet normal 0 0 0
outer loop
vertex 375862 148586.2 284029.7
vertex 377986.9 154227.2 281043.5
vertex 377986.9 150382.1 284029.7
endloop
endfacet
facet normal 0 0 0
outer loop
vertex 377986.9 171150 280500.7
vertex 377986.9 176790.9 282442.8
vertex 380785.8 176790.9 284029.7
endloop
endfacet
facet normal 0 0 0
outer loop
vertex 372345.9 148586.2 281016.9
vertex 377986.9 154227.2 281043.5
vertex 375862 148586.2 284029.7
endloop
endfacet
facet normal 0 0 0
outer loop
vertex 380785.8 176790.9 284029.7
vertex 383480.3 171150 284029.7
vertex 377986.9 171150 280500.7
endloop
endfacet
facet normal 0 0 0
outer loop
vertex 372345.9 151448.3 278388.8
vertex 377986.9 154227.2 281043.5
vertex 372345.9 148586.2 281016.9
endloop
endfacet
facet normal 0 0 0
outer loop
vertex 374600.2 154227.2 278388.8
vertex 377986.9 154227.2 281043.5
vertex 372345.9 151448.3 278388.8
endloop
endfacet
facet normal 0 0 0
outer loop
vertex 377986.9 171150 280500.7
vertex 377986.9 165509.1 279040.4
vertex 377161 165509.1 278388.8
endloop
endfacet
facet normal 0 0 0
outer loop
vertex 377161 165509.1 278388.8
vertex 375472.1 171150 278388.8
vertex 377986.9 171150 280500.7
endloop
endfacet
facet normal 0 0 0
outer loop
vertex 380785.8 176790.9 284029.7
vertex 377986.9 176790.9 282442.8
vertex 377986.9 180696.9 284029.7
endloop
endfacet
facet normal 0 0 0
outer loop
vertex 383627.8 165509.1 283252.5
vertex 377986.9 159868.1 278978.4
vertex 377986.9 165509.1 279040.4
endloop
endfacet
facet normal 0 0 0
outer loop
vertex 383627.8 159868.1 283614.9
vertex 377986.9 159868.1 278978.4
vertex 383627.8 165509.1 283252.5
endloop
endfacet
facet normal 0 0 0
outer loop
vertex 384104.9 159868.1 284029.7
vertex 383627.8 165509.1 283252.5
vertex 384718.3 165509.1 284029.7
endloop
endfacet
facet normal 0 0 0
outer loop
vertex 383627.8 159868.1 283614.9
vertex 383627.8 165509.1 283252.5
vertex 384104.9 159868.1 284029.7
endloop
endfacet
facet normal 0 0 0
outer loop
vertex 372345.9 182431.9 281505.3
vertex 366705 188072.8 281950.2
vertex 370307.3 188072.8 284029.7
endloop
endfacet
facet normal 0 0 0
outer loop
vertex 372345.9 186331.1 284029.7
vertex 372345.9 182431.9 281505.3
vertex 370307.3 188072.8 284029.7
endloop
endfacet
facet normal 0 0 0
outer loop
vertex 366705 183778.3 278388.8
vertex 366705 188072.8 281950.2
vertex 372345.9 182431.9 281505.3
endloop
endfacet
facet normal 0 0 0
outer loop
vertex 368202.3 182431.9 278388.8
vertex 366705 183778.3 278388.8
vertex 372345.9 182431.9 281505.3
endloop
endfacet
facet normal 0 0 0
outer loop
vertex 383627.8 170740.9 284029.7
vertex 377986.9 171150 280500.7
vertex 383480.3 171150 284029.7
endloop
endfacet
facet normal 0 0 0
outer loop
vertex 383627.8 165509.1 283252.5
vertex 377986.9 171150 280500.7
vertex 383627.8 170740.9 284029.7
endloop
endfacet
facet normal 0 0 0
outer loop
vertex 377986.9 165509.1 279040.4
vertex 377986.9 171150 280500.7
vertex 383627.8 165509.1 283252.5
endloop
endfacet
facet normal 0 0 0
outer loop
vertex 384718.3 165509.1 284029.7
vertex 383627.8 165509.1 283252.5
vertex 383627.8 170740.9 284029.7
endloop
endfacet
facet normal 0 0 0
outer loop
vertex 389268.8 156563.5 289670.6
vertex 389268.8 159868.1 288342.9
vertex 390750.9 159868.1 289670.6
endloop
endfacet
facet normal 0 0 0
outer loop
vertex 366705 140842.7 289670.6
vertex 366705 142945.3 284304.7
vertex 372312.2 142945.3 289670.6
endloop
endfacet
facet normal 0 0 0
outer loop
vertex 377986.9 188072.8 288457.9
vertex 377986.9 182431.9 284902.9
vertex 376343.5 182431.9 284029.7
endloop
endfacet
facet normal 0 0 0
outer loop
vertex 390750.9 159868.1 289670.6
vertex 389268.8 165509.1 287407.7
vertex 392277.2 165509.1 289670.6
endloop
endfacet
facet normal 0 0 0
outer loop
vertex 372345.9 186331.1 284029.7
vertex 377986.9 188072.8 288457.9
vertex 376343.5 182431.9 284029.7
endloop
endfacet
facet normal 0 0 0
outer loop
vertex 389268.8 159868.1 288342.9
vertex 389268.8 165509.1 287407.7
vertex 390750.9 159868.1 289670.6
endloop
endfacet
facet normal 0 0 0
outer loop
vertex 372345.9 188072.8 285214.2
vertex 377986.9 188072.8 288457.9
vertex 372345.9 186331.1 284029.7
endloop
endfacet
facet normal 0 0 0
outer loop
vertex 382270.7 148586.2 289670.6
vertex 383627.8 154227.2 286111.7
vertex 383627.8 149947.3 289670.6
endloop
endfacet
facet normal 0 0 0
outer loop
vertex 377986.9 148586.2 285895.4
vertex 383627.8 154227.2 286111.7
vertex 382270.7 148586.2 289670.6
endloop
endfacet
facet normal 0 0 0
outer loop
vertex 381478.8 154227.2 284029.7
vertex 383627.8 154227.2 286111.7
vertex 377986.9 148586.2 285895.4
endloop
endfacet
facet normal 0 0 0
outer loop
vertex 377986.9 150382.1 284029.7
vertex 381478.8 154227.2 284029.7
vertex 377986.9 148586.2 285895.4
endloop
endfacet
facet normal 0 0 0
outer loop
vertex 372312.2 142945.3 289670.6
vertex 372345.9 146095.1 284029.7
vertex 372345.9 142959.8 289670.6
endloop
endfacet
facet normal 0 0 0
outer loop
vertex 366705 142945.3 284304.7
vertex 372345.9 146095.1 284029.7
vertex 372312.2 142945.3 289670.6
endloop
endfacet
facet normal 0 0 0
outer loop
vertex 366705 143060.9 284029.7
vertex 372345.9 146095.1 284029.7
vertex 366705 142945.3 284304.7
endloop
endfacet
facet normal 0 0 0
outer loop
vertex 392277.2 165509.1 289670.6
vertex 389268.8 171150 287758.8
vertex 392470.7 171150 289670.6
endloop
endfacet
facet normal 0 0 0
outer loop
vertex 389268.8 165509.1 287407.7
vertex 389268.8 171150 287758.8
vertex 392277.2 165509.1 289670.6
endloop
endfacet
facet normal 0 0 0
outer loop
vertex 383627.8 149947.3 289670.6
vertex 383627.8 154227.2 286111.7
vertex 387542.9 154227.2 289670.6
endloop
endfacet
facet normal 0 0 0
outer loop
vertex 383627.8 158389.4 284029.7
vertex 383627.8 154227.2 286111.7
vertex 381478.8 154227.2 284029.7
endloop
endfacet
facet normal 0 0 0
outer loop
vertex 376343.5 182431.9 284029.7
vertex 377986.9 182431.9 284902.9
vertex 377986.9 180696.9 284029.7
endloop
endfacet
facet normal 0 0 0
outer loop
vertex 366705 190312 284029.7
vertex 366705 193713.8 287888.4
vertex 370867.5 193713.8 289670.6
endloop
endfacet
facet normal 0 0 0
outer loop
vertex 375862 148586.2 284029.7
vertex 377986.9 148586.2 285895.4
vertex 377986.9 145648.7 289670.6
endloop
endfacet
facet normal 0 0 0
outer loop
vertex 370307.3 188072.8 284029.7
vertex 366705 190312 284029.7
vertex 370867.5 193713.8 289670.6
endloop
endfacet
facet normal 0 0 0
outer loop
vertex 372345.9 146095.1 284029.7
vertex 375862 148586.2 284029.7
vertex 377986.9 145648.7 289670.6
endloop
endfacet
facet normal 0 0 0
outer loop
vertex 372345.9 188072.8 285214.2
vertex 370307.3 188072.8 284029.7
vertex 370867.5 193713.8 289670.6
endloop
endfacet
facet normal 0 0 0
outer loop
vertex 372345.9 142959.8 289670.6
vertex 372345.9 146095.1 284029.7
vertex 377986.9 145648.7 289670.6
endloop
endfacet
facet normal 0 0 0
outer loop
vertex 372345.9 193073.9 289670.6
vertex 372345.9 188072.8 285214.2
vertex 370867.5 193713.8 289670.6
endloop
endfacet
facet normal 0 0 0
outer loop
vertex 383627.8 176790.9 285656.3
vertex 383627.8 171150 284120.8
vertex 383480.3 171150 284029.7
endloop
endfacet
facet normal 0 0 0
outer loop
vertex 383480.3 171150 284029.7
vertex 380785.8 176790.9 284029.7
vertex 383627.8 176790.9 285656.3
endloop
endfacet
facet normal 0 0 0
outer loop
vertex 377986.9 145648.7 289670.6
vertex 377986.9 148586.2 285895.4
vertex 382270.7 148586.2 289670.6
endloop
endfacet
facet normal 0 0 0
outer loop
vertex 383627.8 158389.4 284029.7
vertex 389268.8 159868.1 288342.9
vertex 389268.8 156563.5 289670.6
endloop
endfacet
facet normal 0 0 0
outer loop
vertex 377986.9 189692.6 289670.6
vertex 372345.9 188072.8 285214.2
vertex 372345.9 193073.9 289670.6
endloop
endfacet
facet normal 0 0 0
outer loop
vertex 383627.8 154227.2 286111.7
vertex 383627.8 158389.4 284029.7
vertex 389268.8 156563.5 289670.6
endloop
endfacet
facet normal 0 0 0
outer loop
vertex 377986.9 188072.8 288457.9
vertex 372345.9 188072.8 285214.2
vertex 377986.9 189692.6 289670.6
endloop
endfacet
facet normal 0 0 0
outer loop
vertex 387542.9 154227.2 289670.6
vertex 383627.8 154227.2 286111.7
vertex 389268.8 156563.5 289670.6
endloop
endfacet
facet normal 0 0 0
outer loop
vertex 389268.8 171150 287758.8
vertex 383627.8 171150 284120.8
vertex 383627.8 176790.9 285656.3
endloop
endfacet
facet normal 0 0 0
outer loop
vertex 384104.9 159868.1 284029.7
vertex 389268.8 159868.1 288342.9
vertex 383627.8 158389.4 284029.7
endloop
endfacet
facet normal 0 0 0
outer loop
vertex 383627.8 176790.9 285656.3
vertex 389268.8 176790.9 289031.4
vertex 389268.8 171150 287758.8
endloop
endfacet
facet normal 0 0 0
outer loop
vertex 377986.9 150382.1 284029.7
vertex 377986.9 148586.2 285895.4
vertex 375862 148586.2 284029.7
endloop
endfacet
facet normal 0 0 0
outer loop
vertex 389268.8 165509.1 287407.7
vertex 389268.8 159868.1 288342.9
vertex 384104.9 159868.1 284029.7
endloop
endfacet
facet normal 0 0 0
outer loop
vertex 384104.9 159868.1 284029.7
vertex 384718.3 165509.1 284029.7
vertex 389268.8 165509.1 287407.7
endloop
endfacet
facet normal 0 0 0
outer loop
vertex 377986.9 182431.9 284902.9
vertex 377986.9 188072.8 288457.9
vertex 380139.8 188072.8 289670.6
endloop
endfacet
facet normal 0 0 0
outer loop
vertex 383627.8 182431.9 288135.9
vertex 377986.9 182431.9 284902.9
vertex 380139.8 188072.8 289670.6
endloop
endfacet
facet normal 0 0 0
outer loop
vertex 383627.8 184890.6 289670.6
vertex 383627.8 182431.9 288135.9
vertex 380139.8 188072.8 289670.6
endloop
endfacet
facet normal 0 0 0
outer loop
vertex 383627.8 182431.9 288135.9
vertex 383627.8 176790.9 285656.3
vertex 380785.8 176790.9 284029.7
endloop
endfacet
facet normal 0 0 0
outer loop
vertex 377986.9 180696.9 284029.7
vertex 383627.8 182431.9 288135.9
vertex 380785.8 176790.9 284029.7
endloop
endfacet
facet normal 0 0 0
outer loop
vertex 377986.9 182431.9 284902.9
vertex 383627.8 182431.9 288135.9
vertex 377986.9 180696.9 284029.7
endloop
endfacet
facet normal 0 0 0
outer loop
vertex 383480.3 171150 284029.7
vertex 383627.8 171150 284120.8
vertex 383627.8 170740.9 284029.7
endloop
endfacet
facet normal 0 0 0
outer loop
vertex 386140.5 182431.9 289670.6
vertex 383627.8 182431.9 288135.9
vertex 383627.8 184890.6 289670.6
endloop
endfacet
facet normal 0 0 0
outer loop
vertex 380139.8 188072.8 289670.6
vertex 377986.9 188072.8 288457.9
vertex 377986.9 189692.6 289670.6
endloop
endfacet
facet normal 0 0 0
outer loop
vertex 389268.8 171150 287758.8
vertex 389268.8 165509.1 287407.7
vertex 384718.3 165509.1 284029.7
endloop
endfacet
facet normal 0 0 0
outer loop
vertex 383627.8 176790.9 285656.3
vertex 383627.8 182431.9 288135.9
vertex 386140.5 182431.9 289670.6
endloop
endfacet
facet normal 0 0 0
outer loop
vertex 383627.8 170740.9 284029.7
vertex 389268.8 171150 287758.8
vertex 384718.3 165509.1 284029.7
endloop
endfacet
facet normal 0 0 0
outer loop
vertex 389268.8 178667.1 289670.6
vertex 383627.8 176790.9 285656.3
vertex 386140.5 182431.9 289670.6
endloop
endfacet
facet normal 0 0 0
outer loop
vertex 383627.8 171150 284120.8
vertex 389268.8 171150 287758.8
vertex 383627.8 170740.9 284029.7
endloop
endfacet
facet normal 0 0 0
outer loop
vertex 389268.8 176790.9 289031.4
vertex 383627.8 176790.9 285656.3
vertex 389268.8 178667.1 289670.6
endloop
endfacet
facet normal 0 0 0
outer loop
vertex 389268.8 171150 287758.8
vertex 389268.8 176790.9 289031.4
vertex 390410.4 176790.9 289670.6
endloop
endfacet
facet normal 0 0 0
outer loop
vertex 390410.4 176790.9 289670.6
vertex 392470.7 171150 289670.6
vertex 389268.8 171150 287758.8
endloop
endfacet
facet normal 0 0 0
outer loop
vertex 370307.3 188072.8 284029.7
vertex 372345.9 188072.8 285214.2
vertex 372345.9 186331.1 284029.7
endloop
endfacet
facet normal 0 0 0
outer loop
vertex 390410.4 176790.9 289670.6
vertex 389268.8 176790.9 289031.4
vertex 389268.8 178667.1 289670.6
endloop
endfacet
facet normal 0 0 0
outer loop
vertex 370867.5 193713.8 289670.6
vertex 366705 193713.8 287888.4
vertex 366705 195096.2 289670.6
endloop
endfacet
facet normal 0 0 0
outer loop
vertex 276450 143124.4 278388.8
vertex 276450 148586.2 279695.2
vertex 274755 148586.2 278388.8
endloop
endfacet
facet normal 0 0 0
outer loop
vertex 274755 148586.2 278388.8
vertex 276450 148586.2 279695.2
vertex 276450 159760.9 278388.8
endloop
endfacet
facet normal 0 0 0
outer loop
vertex 287731.9 133619.6 278388.8
vertex 287731.9 137304.4 282376.3
vertex 281530.5 137304.4 278388.8
endloop
endfacet
facet normal 0 0 0
outer loop
vertex 299013.8 130187 278388.8
vertex 287731.9 137304.4 282376.3
vertex 287731.9 133619.6 278388.8
endloop
endfacet
facet normal 0 0 0
outer loop
vertex 299013.8 137304.4 288663
vertex 287731.9 137304.4 282376.3
vertex 299013.8 130187 278388.8
endloop
endfacet
facet normal 0 0 0
outer loop
vertex 287731.9 148586.2 288644.8
vertex 276450 148586.2 279695.2
vertex 276450 143124.4 278388.8
endloop
endfacet
facet normal 0 0 0
outer loop
vertex 287731.9 137304.4 282376.3
vertex 287731.9 148586.2 288644.8
vertex 276450 143124.4 278388.8
endloop
endfacet
facet normal 0 0 0
outer loop
vertex 281530.5 137304.4 278388.8
vertex 287731.9 137304.4 282376.3
vertex 276450 143124.4 278388.8
endloop
endfacet
facet normal 0 0 0
outer loop
vertex 287731.9 137304.4 282376.3
vertex 299013.8 137304.4 288663
vertex 299013.8 138319.5 289670.6
endloop
endfacet
facet normal 0 0 0
outer loop
vertex 289174.6 148586.2 289670.6
vertex 287731.9 137304.4 282376.3
vertex 299013.8 138319.5 289670.6
endloop
endfacet
facet normal 0 0 0
outer loop
vertex 287731.9 148586.2 288644.8
vertex 287731.9 137304.4 282376.3
vertex 289174.6 148586.2 289670.6
endloop
endfacet
facet normal 0 0 0
outer loop
vertex 299013.8 130187 278388.8
vertex 310295.6 129460.8 278388.8
vertex 310295.6 134729.8 289670.6
endloop
endfacet
facet normal 0 0 0
outer loop
vertex 301181.4 137304.4 289670.6
vertex 299013.8 130187 278388.8
vertex 310295.6 134729.8 289670.6
endloop
endfacet
facet normal 0 0 0
outer loop
vertex 299013.8 137304.4 288663
vertex 299013.8 130187 278388.8
vertex 301181.4 137304.4 289670.6
endloop
endfacet
facet normal 0 0 0
outer loop
vertex 310295.6 134729.8 289670.6
vertex 321577.5 130732.1 278388.8
vertex 321577.5 133588.3 289670.6
endloop
endfacet
facet normal 0 0 0
outer loop
vertex 310295.6 129460.8 278388.8
vertex 321577.5 130732.1 278388.8
vertex 310295.6 134729.8 289670.6
endloop
endfacet
facet normal 0 0 0
outer loop
vertex 299013.8 138319.5 289670.6
vertex 299013.8 137304.4 288663
vertex 301181.4 137304.4 289670.6
endloop
endfacet
facet normal 0 0 0
outer loop
vertex 276450 159760.9 278388.8
vertex 287731.9 159868.1 288588.5
vertex 276501.8 159868.1 278388.8
endloop
endfacet
facet normal 0 0 0
outer loop
vertex 276450 148586.2 279695.2
vertex 287731.9 159868.1 288588.5
vertex 276450 159760.9 278388.8
endloop
endfacet
facet normal 0 0 0
outer loop
vertex 287731.9 148586.2 288644.8
vertex 287731.9 159868.1 288588.5
vertex 276450 148586.2 279695.2
endloop
endfacet
facet normal 0 0 0
outer loop
vertex 288957.6 159868.1 289670.6
vertex 287731.9 148586.2 288644.8
vertex 289174.6 148586.2 289670.6
endloop
endfacet
facet normal 0 0 0
outer loop
vertex 287731.9 159868.1 288588.5
vertex 287731.9 148586.2 288644.8
vertex 288957.6 159868.1 289670.6
endloop
endfacet
facet normal 0 0 0
outer loop
vertex 287731.9 159868.1 288588.5
vertex 287731.9 171150 281429.6
vertex 284424.6 171150 278388.8
endloop
endfacet
facet normal 0 0 0
outer loop
vertex 284424.6 171150 278388.8
vertex 276501.8 159868.1 278388.8
vertex 287731.9 159868.1 288588.5
endloop
endfacet
facet normal 0 0 0
outer loop
vertex 287731.9 171150 281429.6
vertex 287731.9 159868.1 288588.5
vertex 288957.6 159868.1 289670.6
endloop
endfacet
facet normal 0 0 0
outer loop
vertex 288957.6 159868.1 289670.6
vertex 295739.6 171150 289670.6
vertex 287731.9 171150 281429.6
endloop
endfacet
facet normal 0 0 0
outer loop
vertex 321577.5 133588.3 289670.6
vertex 332859.4 133149.5 278388.8
vertex 332859.4 133737.9 289670.6
endloop
endfacet
facet normal 0 0 0
outer loop
vertex 321577.5 130732.1 278388.8
vertex 332859.4 133149.5 278388.8
vertex 321577.5 133588.3 289670.6
endloop
endfacet
facet normal 0 0 0
outer loop
vertex 332859.4 133149.5 278388.8
vertex 344141.2 136161.7 278388.8
vertex 344141.2 135317.8 289670.6
endloop
endfacet
facet normal 0 0 0
outer loop
vertex 344141.2 135317.8 289670.6
vertex 332859.4 133737.9 289670.6
vertex 332859.4 133149.5 278388.8
endloop
endfacet
facet normal 0 0 0
outer loop
vertex 344141.2 135317.8 289670.6
vertex 347953.1 137304.4 278388.8
vertex 353286.9 137304.4 289670.6
endloop
endfacet
facet normal 0 0 0
outer loop
vertex 344141.2 136161.7 278388.8
vertex 347953.1 137304.4 278388.8
vertex 344141.2 135317.8 289670.6
endloop
endfacet
facet normal 0 0 0
outer loop
vertex 353286.9 137304.4 289670.6
vertex 355423.1 139900.3 278388.8
vertex 355423.1 137823.4 289670.6
endloop
endfacet
facet normal 0 0 0
outer loop
vertex 347953.1 137304.4 278388.8
vertex 355423.1 139900.3 278388.8
vertex 353286.9 137304.4 289670.6
endloop
endfacet
facet normal 0 0 0
outer loop
vertex 366705 140842.7 289670.6
vertex 362944.4 141848 284075.5
vertex 366705 142945.3 284304.7
endloop
endfacet
facet normal 0 0 0
outer loop
vertex 366705 142945.3 284304.7
vertex 362944.4 141848 284075.5
vertex 366705 143060.9 284029.7
endloop
endfacet
facet normal 0 0 0
outer loop
vertex 366705 143060.9 284029.7
vertex 362944.4 141848 284075.5
vertex 366705 146515.5 278388.8
endloop
endfacet
facet normal 0 0 0
outer loop
vertex 366705 146515.5 278388.8
vertex 362944.4 141848 284075.5
vertex 355423.1 139900.3 278388.8
endloop
endfacet
facet normal 0 0 0
outer loop
vertex 355423.1 139900.3 278388.8
vertex 362944.4 141848 284075.5
vertex 355423.1 137823.4 289670.6
endloop
endfacet
facet normal 0 0 0
outer loop
vertex 355423.1 137823.4 289670.6
vertex 362944.4 141848 284075.5
vertex 366705 140842.7 289670.6
endloop
endfacet
facet normal 0 0 0
outer loop
vertex 284424.6 171150 278388.8
vertex 287731.9 171150 281429.6
vertex 287731.9 173703.2 278388.8
endloop
endfacet
facet normal 0 0 0
outer loop
vertex 299013.8 180957.7 278388.8
vertex 287731.9 171150 281429.6
vertex 295739.6 171150 289670.6
endloop
endfacet
facet normal 0 0 0
outer loop
vertex 299013.8 174629.6 289670.6
vertex 299013.8 180957.7 278388.8
vertex 295739.6 171150 289670.6
endloop
endfacet
facet normal 0 0 0
outer loop
vertex 287731.9 173703.2 278388.8
vertex 287731.9 171150 281429.6
vertex 299013.8 180957.7 278388.8
endloop
endfacet
facet normal 0 0 0
outer loop
vertex 301527.5 182431.9 278388.8
vertex 299013.8 180957.7 278388.8
vertex 299013.8 174629.6 289670.6
endloop
endfacet
facet normal 0 0 0
outer loop
vertex 299013.8 174629.6 289670.6
vertex 308427.9 182431.9 289670.6
vertex 301527.5 182431.9 278388.8
endloop
endfacet
facet normal 0 0 0
outer loop
vertex 310295.6 186697.8 278388.8
vertex 301527.5 182431.9 278388.8
vertex 308427.9 182431.9 289670.6
endloop
endfacet
facet normal 0 0 0
outer loop
vertex 308427.9 182431.9 289670.6
vertex 310295.6 183724.6 289670.6
vertex 310295.6 186697.8 278388.8
endloop
endfacet
facet normal 0 0 0
outer loop
vertex 321577.5 190116.9 289670.6
vertex 310295.6 186697.8 278388.8
vertex 310295.6 183724.6 289670.6
endloop
endfacet
facet normal 0 0 0
outer loop
vertex 321577.5 190414.2 278388.8
vertex 310295.6 186697.8 278388.8
vertex 321577.5 190116.9 289670.6
endloop
endfacet
facet normal 0 0 0
outer loop
vertex 332859.4 193713.8 284500.7
vertex 321577.5 190414.2 278388.8
vertex 321577.5 190116.9 289670.6
endloop
endfacet
facet normal 0 0 0
outer loop
vertex 331128.6 193713.8 289670.6
vertex 332859.4 193713.8 284500.7
vertex 321577.5 190116.9 289670.6
endloop
endfacet
facet normal 0 0 0
outer loop
vertex 332859.4 192123.6 278388.8
vertex 321577.5 190414.2 278388.8
vertex 332859.4 193713.8 284500.7
endloop
endfacet
facet normal 0 0 0
outer loop
vertex 332859.4 192123.6 278388.8
vertex 344141.2 193713.8 281469.7
vertex 344141.2 192148.8 278388.8
endloop
endfacet
facet normal 0 0 0
outer loop
vertex 332859.4 193713.8 284500.7
vertex 344141.2 193713.8 281469.7
vertex 332859.4 192123.6 278388.8
endloop
endfacet
facet normal 0 0 0
outer loop
vertex 344141.2 193713.8 281469.7
vertex 355423.1 193713.8 283669.5
vertex 355423.1 190036.2 278388.8
endloop
endfacet
facet normal 0 0 0
outer loop
vertex 355423.1 190036.2 278388.8
vertex 344141.2 192148.8 278388.8
vertex 344141.2 193713.8 281469.7
endloop
endfacet
facet normal 0 0 0
outer loop
vertex 366705 183778.3 278388.8
vertex 362944.4 189937.8 282385.9
vertex 366705 188072.8 281950.2
endloop
endfacet
facet normal 0 0 0
outer loop
vertex 366705 188072.8 281950.2
vertex 362944.4 189937.8 282385.9
vertex 366705 190312 284029.7
endloop
endfacet
facet normal 0 0 0
outer loop
vertex 366705 190312 284029.7
vertex 362944.4 189937.8 282385.9
vertex 366705 193713.8 287888.4
endloop
endfacet
facet normal 0 0 0
outer loop
vertex 366705 193713.8 287888.4
vertex 362944.4 189937.8 282385.9
vertex 355423.1 193713.8 283669.5
endloop
endfacet
facet normal 0 0 0
outer loop
vertex 355423.1 193713.8 283669.5
vertex 362944.4 189937.8 282385.9
vertex 355423.1 190036.2 278388.8
endloop
endfacet
facet normal 0 0 0
outer loop
vertex 355423.1 190036.2 278388.8
vertex 362944.4 189937.8 282385.9
vertex 366705 183778.3 278388.8
endloop
endfacet
facet normal 0 0 0
outer loop
vertex 332859.4 194305.6 289670.6
vertex 332859.4 193713.8 284500.7
vertex 331128.6 193713.8 289670.6
endloop
endfacet
facet normal 0 0 0
outer loop
vertex 344141.2 196480 289670.6
vertex 332859.4 193713.8 284500.7
vertex 332859.4 194305.6 289670.6
endloop
endfacet
facet normal 0 0 0
outer loop
vertex 344141.2 193713.8 281469.7
vertex 332859.4 193713.8 284500.7
vertex 344141.2 196480 289670.6
endloop
endfacet
facet normal 0 0 0
outer loop
vertex 355423.1 193713.8 283669.5
vertex 344141.2 193713.8 281469.7
vertex 344141.2 196480 289670.6
endloop
endfacet
facet normal 0 0 0
outer loop
vertex 344141.2 196480 289670.6
vertex 355423.1 196686.6 289670.6
vertex 355423.1 193713.8 283669.5
endloop
endfacet
facet normal 0 0 0
outer loop
vertex 366705 193713.8 287888.4
vertex 355423.1 193713.8 283669.5
vertex 355423.1 196686.6 289670.6
endloop
endfacet
facet normal 0 0 0
outer loop
vertex 355423.1 196686.6 289670.6
vertex 366705 195096.2 289670.6
vertex 366705 193713.8 287888.4
endloop
endfacet
facet normal 0 0 0
outer loop
vertex 383627.8 149947.3 289670.6
vertex 383627.8 148586.2 291069
vertex 382270.7 148586.2 289670.6
endloop
endfacet
facet normal 0 0 0
outer loop
vertex 381435.5 193713.8 295311.6
vertex 377986.9 193713.8 293531.8
vertex 377986.9 195329.6 295311.6
endloop
endfacet
facet normal 0 0 0
outer loop
vertex 386140.5 182431.9 289670.6
vertex 389268.8 182431.9 291687.1
vertex 389268.8 178667.1 289670.6
endloop
endfacet
facet normal 0 0 0
outer loop
vertex 380139.8 188072.8 289670.6
vertex 383627.8 188072.8 291911.8
vertex 383627.8 184890.6 289670.6
endloop
endfacet
facet normal 0 0 0
outer loop
vertex 372312.2 142945.3 289670.6
vertex 372345.9 142945.3 289702
vertex 372345.9 141237.9 295311.6
endloop
endfacet
facet normal 0 0 0
outer loop
vertex 366705 140842.7 289670.6
vertex 372312.2 142945.3 289670.6
vertex 372345.9 141237.9 295311.6
endloop
endfacet
facet normal 0 0 0
outer loop
vertex 366705 139716.9 295311.6
vertex 366705 140842.7 289670.6
vertex 372345.9 141237.9 295311.6
endloop
endfacet
facet normal 0 0 0
outer loop
vertex 387902.8 148586.2 295311.6
vertex 389268.8 154227.2 291220.5
vertex 389268.8 149726.2 295311.6
endloop
endfacet
facet normal 0 0 0
outer loop
vertex 387542.9 154227.2 289670.6
vertex 389268.8 154227.2 291220.5
vertex 387902.8 148586.2 295311.6
endloop
endfacet
facet normal 0 0 0
outer loop
vertex 383627.8 148586.2 291069
vertex 387542.9 154227.2 289670.6
vertex 387902.8 148586.2 295311.6
endloop
endfacet
facet normal 0 0 0
outer loop
vertex 372345.9 141237.9 295311.6
vertex 372345.9 142945.3 289702
vertex 377384.6 142945.3 295311.6
endloop
endfacet
facet normal 0 0 0
outer loop
vertex 383627.8 188072.8 291911.8
vertex 389268.8 182431.9 291687.1
vertex 386140.5 182431.9 289670.6
endloop
endfacet
facet normal 0 0 0
outer loop
vertex 383627.8 149947.3 289670.6
vertex 387542.9 154227.2 289670.6
vertex 383627.8 148586.2 291069
endloop
endfacet
facet normal 0 0 0
outer loop
vertex 372345.9 142959.8 289670.6
vertex 372345.9 142945.3 289702
vertex 372312.2 142945.3 289670.6
endloop
endfacet
facet normal 0 0 0
outer loop
vertex 383627.8 184890.6 289670.6
vertex 383627.8 188072.8 291911.8
vertex 386140.5 182431.9 289670.6
endloop
endfacet
facet normal 0 0 0
outer loop
vertex 389268.8 188072.8 295260.8
vertex 389268.8 182431.9 291687.1
vertex 383627.8 188072.8 291911.8
endloop
endfacet
facet normal 0 0 0
outer loop
vertex 377384.6 142945.3 295311.6
vertex 377986.9 145648.7 289670.6
vertex 377986.9 143138.8 295311.6
endloop
endfacet
facet normal 0 0 0
outer loop
vertex 389268.8 156563.5 289670.6
vertex 389268.8 154227.2 291220.5
vertex 387542.9 154227.2 289670.6
endloop
endfacet
facet normal 0 0 0
outer loop
vertex 372345.9 142945.3 289702
vertex 377986.9 145648.7 289670.6
vertex 377384.6 142945.3 295311.6
endloop
endfacet
facet normal 0 0 0
outer loop
vertex 372345.9 142959.8 289670.6
vertex 377986.9 145648.7 289670.6
vertex 372345.9 142945.3 289702
endloop
endfacet
facet normal 0 0 0
outer loop
vertex 389268.8 149726.2 295311.6
vertex 389268.8 154227.2 291220.5
vertex 394057.1 154227.2 295311.6
endloop
endfacet
facet normal 0 0 0
outer loop
vertex 380139.8 188072.8 289670.6
vertex 377986.9 193713.8 293531.8
vertex 381435.5 193713.8 295311.6
endloop
endfacet
facet normal 0 0 0
outer loop
vertex 383627.8 188072.8 291911.8
vertex 380139.8 188072.8 289670.6
vertex 381435.5 193713.8 295311.6
endloop
endfacet
facet normal 0 0 0
outer loop
vertex 383627.8 192424.4 295311.6
vertex 383627.8 188072.8 291911.8
vertex 381435.5 193713.8 295311.6
endloop
endfacet
facet normal 0 0 0
outer loop
vertex 377986.9 189692.6 289670.6
vertex 377986.9 193713.8 293531.8
vertex 380139.8 188072.8 289670.6
endloop
endfacet
facet normal 0 0 0
outer loop
vertex 377986.9 145648.7 289670.6
vertex 383627.8 148586.2 291069
vertex 383627.8 145644 295311.6
endloop
endfacet
facet normal 0 0 0
outer loop
vertex 377986.9 143138.8 295311.6
vertex 377986.9 145648.7 289670.6
vertex 383627.8 145644 295311.6
endloop
endfacet
facet normal 0 0 0
outer loop
vertex 382270.7 148586.2 289670.6
vertex 383627.8 148586.2 291069
vertex 377986.9 145648.7 289670.6
endloop
endfacet
facet normal 0 0 0
outer loop
vertex 383627.8 145644 295311.6
vertex 383627.8 148586.2 291069
vertex 387902.8 148586.2 295311.6
endloop
endfacet
facet normal 0 0 0
outer loop
vertex 389268.8 188155.1 295311.6
vertex 383627.8 188072.8 291911.8
vertex 383627.8 192424.4 295311.6
endloop
endfacet
facet normal 0 0 0
outer loop
vertex 389268.8 188072.8 295260.8
vertex 383627.8 188072.8 291911.8
vertex 389268.8 188155.1 295311.6
endloop
endfacet
facet normal 0 0 0
outer loop
vertex 389268.8 154227.2 291220.5
vertex 394909.7 159868.1 293067.4
vertex 394909.7 155148.8 295311.6
endloop
endfacet
facet normal 0 0 0
outer loop
vertex 394057.1 154227.2 295311.6
vertex 389268.8 154227.2 291220.5
vertex 394909.7 155148.8 295311.6
endloop
endfacet
facet normal 0 0 0
outer loop
vertex 389268.8 156563.5 289670.6
vertex 394909.7 159868.1 293067.4
vertex 389268.8 154227.2 291220.5
endloop
endfacet
facet normal 0 0 0
outer loop
vertex 390750.9 159868.1 289670.6
vertex 394909.7 159868.1 293067.4
vertex 389268.8 156563.5 289670.6
endloop
endfacet
facet normal 0 0 0
outer loop
vertex 394909.7 176790.9 292598
vertex 394909.7 171150 291349.5
vertex 392470.7 171150 289670.6
endloop
endfacet
facet normal 0 0 0
outer loop
vertex 392470.7 171150 289670.6
vertex 390410.4 176790.9 289670.6
vertex 394909.7 176790.9 292598
endloop
endfacet
facet normal 0 0 0
outer loop
vertex 394909.7 155148.8 295311.6
vertex 394909.7 159868.1 293067.4
vertex 398025 159868.1 295311.6
endloop
endfacet
facet normal 0 0 0
outer loop
vertex 394909.7 171150 291349.5
vertex 394909.7 176790.9 292598
vertex 398765 176790.9 295311.6
endloop
endfacet
facet normal 0 0 0
outer loop
vertex 398765 176790.9 295311.6
vertex 400185.9 171150 295311.6
vertex 394909.7 171150 291349.5
endloop
endfacet
facet normal 0 0 0
outer loop
vertex 392277.2 165509.1 289670.6
vertex 394909.7 159868.1 293067.4
vertex 390750.9 159868.1 289670.6
endloop
endfacet
facet normal 0 0 0
outer loop
vertex 394909.7 165509.1 291628.2
vertex 394909.7 159868.1 293067.4
vertex 392277.2 165509.1 289670.6
endloop
endfacet
facet normal 0 0 0
outer loop
vertex 398025 159868.1 295311.6
vertex 394909.7 165509.1 291628.2
vertex 399900.5 165509.1 295311.6
endloop
endfacet
facet normal 0 0 0
outer loop
vertex 394909.7 159868.1 293067.4
vertex 394909.7 165509.1 291628.2
vertex 398025 159868.1 295311.6
endloop
endfacet
facet normal 0 0 0
outer loop
vertex 389268.8 178667.1 289670.6
vertex 394909.7 176790.9 292598
vertex 390410.4 176790.9 289670.6
endloop
endfacet
facet normal 0 0 0
outer loop
vertex 389268.8 182431.9 291687.1
vertex 394909.7 176790.9 292598
vertex 389268.8 178667.1 289670.6
endloop
endfacet
facet normal 0 0 0
outer loop
vertex 394909.7 182431.9 295222
vertex 394909.7 176790.9 292598
vertex 389268.8 182431.9 291687.1
endloop
endfacet
facet normal 0 0 0
outer loop
vertex 394909.7 171150 291349.5
vertex 394909.7 165509.1 291628.2
vertex 392277.2 165509.1 289670.6
endloop
endfacet
facet normal 0 0 0
outer loop
vertex 392277.2 165509.1 289670.6
vertex 392470.7 171150 289670.6
vertex 394909.7 171150 291349.5
endloop
endfacet
facet normal 0 0 0
outer loop
vertex 394909.7 176790.9 292598
vertex 394909.7 182431.9 295222
vertex 395064.5 182431.9 295311.6
endloop
endfacet
facet normal 0 0 0
outer loop
vertex 395064.5 182431.9 295311.6
vertex 398765 176790.9 295311.6
vertex 394909.7 176790.9 292598
endloop
endfacet
facet normal 0 0 0
outer loop
vertex 399900.5 165509.1 295311.6
vertex 394909.7 171150 291349.5
vertex 400185.9 171150 295311.6
endloop
endfacet
facet normal 0 0 0
outer loop
vertex 394909.7 165509.1 291628.2
vertex 394909.7 171150 291349.5
vertex 399900.5 165509.1 295311.6
endloop
endfacet
facet normal 0 0 0
outer loop
vertex 389268.8 182431.9 291687.1
vertex 389268.8 188072.8 295260.8
vertex 389356.1 188072.8 295311.6
endloop
endfacet
facet normal 0 0 0
outer loop
vertex 394909.7 182594.4 295311.6
vertex 389268.8 182431.9 291687.1
vertex 389356.1 188072.8 295311.6
endloop
endfacet
facet normal 0 0 0
outer loop
vertex 394909.7 182431.9 295222
vertex 389268.8 182431.9 291687.1
vertex 394909.7 182594.4 295311.6
endloop
endfacet
facet normal 0 0 0
outer loop
vertex 395064.5 182431.9 295311.6
vertex 394909.7 182431.9 295222
vertex 394909.7 182594.4 295311.6
endloop
endfacet
facet normal 0 0 0
outer loop
vertex 389356.1 188072.8 295311.6
vertex 389268.8 188072.8 295260.8
vertex 389268.8 188155.1 295311.6
endloop
endfacet
facet normal 0 0 0
outer loop
vertex 389268.8 149726.2 295311.6
vertex 389268.8 148586.2 296739.5
vertex 387902.8 148586.2 295311.6
endloop
endfacet
facet normal 0 0 0
outer loop
vertex 381435.5 193713.8 295311.6
vertex 383627.8 193713.8 296439.2
vertex 383627.8 192424.4 295311.6
endloop
endfacet
facet normal 0 0 0
outer loop
vertex 366705 139716.9 295311.6
vertex 372345.9 141237.9 295311.6
vertex 372345.9 140670 300952.5
endloop
endfacet
facet normal 0 0 0
outer loop
vertex 372345.9 140670 300952.5
vertex 366705 139584.7 300952.5
vertex 366705 139716.9 295311.6
endloop
endfacet
facet normal 0 0 0
outer loop
vertex 377986.9 195329.6 295311.6
vertex 377986.9 199354.7 300155.2
vertex 380449.3 199354.7 300952.5
endloop
endfacet
facet normal 0 0 0
outer loop
vertex 381435.5 193713.8 295311.6
vertex 377986.9 195329.6 295311.6
vertex 380449.3 199354.7 300952.5
endloop
endfacet
facet normal 0 0 0
outer loop
vertex 383627.8 198352.1 300952.5
vertex 381435.5 193713.8 295311.6
vertex 380449.3 199354.7 300952.5
endloop
endfacet
facet normal 0 0 0
outer loop
vertex 383627.8 193713.8 296439.2
vertex 381435.5 193713.8 295311.6
vertex 383627.8 198352.1 300952.5
endloop
endfacet
facet normal 0 0 0
outer loop
vertex 383627.8 192424.4 295311.6
vertex 389268.8 193713.8 299182.8
vertex 389268.8 188155.1 295311.6
endloop
endfacet
facet normal 0 0 0
outer loop
vertex 383627.8 193713.8 296439.2
vertex 389268.8 193713.8 299182.8
vertex 383627.8 192424.4 295311.6
endloop
endfacet
facet normal 0 0 0
outer loop
vertex 393452.9 148586.2 300952.5
vertex 394909.7 154227.2 295970
vertex 394909.7 149449.9 300952.5
endloop
endfacet
facet normal 0 0 0
outer loop
vertex 394057.1 154227.2 295311.6
vertex 394909.7 154227.2 295970
vertex 393452.9 148586.2 300952.5
endloop
endfacet
facet normal 0 0 0
outer loop
vertex 372345.9 140670 300952.5
vertex 377986.9 142945.3 295997.5
vertex 377986.9 142044.1 300952.5
endloop
endfacet
facet normal 0 0 0
outer loop
vertex 389268.8 148586.2 296739.5
vertex 394057.1 154227.2 295311.6
vertex 393452.9 148586.2 300952.5
endloop
endfacet
facet normal 0 0 0
outer loop
vertex 372345.9 141237.9 295311.6
vertex 377986.9 142945.3 295997.5
vertex 372345.9 140670 300952.5
endloop
endfacet
facet normal 0 0 0
outer loop
vertex 389268.8 196030.3 300952.5
vertex 383627.8 193713.8 296439.2
vertex 383627.8 198352.1 300952.5
endloop
endfacet
facet normal 0 0 0
outer loop
vertex 400550.6 176790.9 296555.2
vertex 400550.6 171150 295574
vertex 400185.9 171150 295311.6
endloop
endfacet
facet normal 0 0 0
outer loop
vertex 389268.8 149726.2 295311.6
vertex 394057.1 154227.2 295311.6
vertex 389268.8 148586.2 296739.5
endloop
endfacet
facet normal 0 0 0
outer loop
vertex 377384.6 142945.3 295311.6
vertex 377986.9 142945.3 295997.5
vertex 372345.9 141237.9 295311.6
endloop
endfacet
facet normal 0 0 0
outer loop
vertex 389268.8 193713.8 299182.8
vertex 383627.8 193713.8 296439.2
vertex 389268.8 196030.3 300952.5
endloop
endfacet
facet normal 0 0 0
outer loop
vertex 400185.9 171150 295311.6
vertex 398765 176790.9 295311.6
vertex 400550.6 176790.9 296555.2
endloop
endfacet
facet normal 0 0 0
outer loop
vertex 380449.3 199354.7 300952.5
vertex 377986.9 199354.7 300155.2
vertex 377986.9 199906.2 300952.5
endloop
endfacet
facet normal 0 0 0
outer loop
vertex 377986.9 143138.8 295311.6
vertex 377986.9 142945.3 295997.5
vertex 377384.6 142945.3 295311.6
endloop
endfacet
facet normal 0 0 0
outer loop
vertex 394909.7 149449.9 300952.5
vertex 400550.6 154227.2 300736.6
vertex 400550.6 153990.9 300952.5
endloop
endfacet
facet normal 0 0 0
outer loop
vertex 394909.7 154227.2 295970
vertex 400550.6 154227.2 300736.6
vertex 394909.7 149449.9 300952.5
endloop
endfacet
facet normal 0 0 0
outer loop
vertex 400550.6 182431.9 298739.8
vertex 400550.6 176790.9 296555.2
vertex 398765 176790.9 295311.6
endloop
endfacet
facet normal 0 0 0
outer loop
vertex 398765 176790.9 295311.6
vertex 395064.5 182431.9 295311.6
vertex 400550.6 182431.9 298739.8
endloop
endfacet
facet normal 0 0 0
outer loop
vertex 377986.9 142044.1 300952.5
vertex 377986.9 142945.3 295997.5
vertex 381136.1 142945.3 300952.5
endloop
endfacet
facet normal 0 0 0
outer loop
vertex 394909.7 155148.8 295311.6
vertex 394909.7 154227.2 295970
vertex 394057.1 154227.2 295311.6
endloop
endfacet
facet normal 0 0 0
outer loop
vertex 393289.6 193713.8 300952.5
vertex 389268.8 193713.8 299182.8
vertex 389268.8 196030.3 300952.5
endloop
endfacet
facet normal 0 0 0
outer loop
vertex 406191.6 171150 299813.5
vertex 400550.6 171150 295574
vertex 400550.6 176790.9 296555.2
endloop
endfacet
facet normal 0 0 0
outer loop
vertex 400550.6 176790.9 296555.2
vertex 406191.6 176790.9 300859.1
vertex 406191.6 171150 299813.5
endloop
endfacet
facet normal 0 0 0
outer loop
vertex 381136.1 142945.3 300952.5
vertex 383627.8 145644 295311.6
vertex 383627.8 143818.7 300952.5
endloop
endfacet
facet normal 0 0 0
outer loop
vertex 377986.9 143138.8 295311.6
vertex 383627.8 145644 295311.6
vertex 381136.1 142945.3 300952.5
endloop
endfacet
facet normal 0 0 0
outer loop
vertex 377986.9 142945.3 295997.5
vertex 377986.9 143138.8 295311.6
vertex 381136.1 142945.3 300952.5
endloop
endfacet
facet normal 0 0 0
outer loop
vertex 406191.6 171150 299813.5
vertex 406191.6 176790.9 300859.1
vertex 406300.7 176790.9 300952.5
endloop
endfacet
facet normal 0 0 0
outer loop
vertex 400550.6 154227.2 300736.6
vertex 394909.7 154227.2 295970
vertex 394909.7 155148.8 295311.6
endloop
endfacet
facet normal 0 0 0
outer loop
vertex 406300.7 176790.9 300952.5
vertex 407695.6 171150 300952.5
vertex 406191.6 171150 299813.5
endloop
endfacet
facet normal 0 0 0
outer loop
vertex 400550.6 159868.1 297212.4
vertex 400550.6 154227.2 300736.6
vertex 394909.7 155148.8 295311.6
endloop
endfacet
facet normal 0 0 0
outer loop
vertex 398025 159868.1 295311.6
vertex 400550.6 159868.1 297212.4
vertex 394909.7 155148.8 295311.6
endloop
endfacet
facet normal 0 0 0
outer loop
vertex 400550.6 153990.9 300952.5
vertex 400550.6 154227.2 300736.6
vertex 400790.7 154227.2 300952.5
endloop
endfacet
facet normal 0 0 0
outer loop
vertex 383627.8 145644 295311.6
vertex 389268.8 148586.2 296739.5
vertex 389268.8 146298.7 300952.5
endloop
endfacet
facet normal 0 0 0
outer loop
vertex 383627.8 143818.7 300952.5
vertex 383627.8 145644 295311.6
vertex 389268.8 146298.7 300952.5
endloop
endfacet
facet normal 0 0 0
outer loop
vertex 387902.8 148586.2 295311.6
vertex 389268.8 148586.2 296739.5
vertex 383627.8 145644 295311.6
endloop
endfacet
facet normal 0 0 0
outer loop
vertex 400550.6 176790.9 296555.2
vertex 400550.6 182431.9 298739.8
vertex 403822.3 182431.9 300952.5
endloop
endfacet
facet normal 0 0 0
outer loop
vertex 406191.6 177077.9 300952.5
vertex 400550.6 176790.9 296555.2
vertex 403822.3 182431.9 300952.5
endloop
endfacet
facet normal 0 0 0
outer loop
vertex 406191.6 176790.9 300859.1
vertex 400550.6 176790.9 296555.2
vertex 406191.6 177077.9 300952.5
endloop
endfacet
facet normal 0 0 0
outer loop
vertex 400790.7 154227.2 300952.5
vertex 400550.6 159868.1 297212.4
vertex 405592 159868.1 300952.5
endloop
endfacet
facet normal 0 0 0
outer loop
vertex 400550.6 154227.2 300736.6
vertex 400550.6 159868.1 297212.4
vertex 400790.7 154227.2 300952.5
endloop
endfacet
facet normal 0 0 0
outer loop
vertex 389268.8 146298.7 300952.5
vertex 389268.8 148586.2 296739.5
vertex 393452.9 148586.2 300952.5
endloop
endfacet
facet normal 0 0 0
outer loop
vertex 406300.7 176790.9 300952.5
vertex 406191.6 176790.9 300859.1
vertex 406191.6 177077.9 300952.5
endloop
endfacet
facet normal 0 0 0
outer loop
vertex 399900.5 165509.1 295311.6
vertex 400550.6 159868.1 297212.4
vertex 398025 159868.1 295311.6
endloop
endfacet
facet normal 0 0 0
outer loop
vertex 400550.6 165509.1 295776.7
vertex 400550.6 159868.1 297212.4
vertex 399900.5 165509.1 295311.6
endloop
endfacet
facet normal 0 0 0
outer loop
vertex 389356.1 188072.8 295311.6
vertex 394909.7 188072.8 298412.1
vertex 394909.7 182594.4 295311.6
endloop
endfacet
facet normal 0 0 0
outer loop
vertex 400550.6 171150 295574
vertex 400550.6 165509.1 295776.7
vertex 399900.5 165509.1 295311.6
endloop
endfacet
facet normal 0 0 0
outer loop
vertex 399900.5 165509.1 295311.6
vertex 400185.9 171150 295311.6
vertex 400550.6 171150 295574
endloop
endfacet
facet normal 0 0 0
outer loop
vertex 400550.6 186960.8 300952.5
vertex 394909.7 188072.8 298412.1
vertex 399522.7 188072.8 300952.5
endloop
endfacet
facet normal 0 0 0
outer loop
vertex 400550.6 182431.9 298739.8
vertex 394909.7 188072.8 298412.1
vertex 400550.6 186960.8 300952.5
endloop
endfacet
facet normal 0 0 0
outer loop
vertex 394909.7 182594.4 295311.6
vertex 394909.7 188072.8 298412.1
vertex 400550.6 182431.9 298739.8
endloop
endfacet
facet normal 0 0 0
outer loop
vertex 395064.5 182431.9 295311.6
vertex 394909.7 182594.4 295311.6
vertex 400550.6 182431.9 298739.8
endloop
endfacet
facet normal 0 0 0
outer loop
vertex 400550.6 159868.1 297212.4
vertex 406191.6 165509.1 299983.7
vertex 406191.6 161010.7 300952.5
endloop
endfacet
facet normal 0 0 0
outer loop
vertex 405592 159868.1 300952.5
vertex 400550.6 159868.1 297212.4
vertex 406191.6 161010.7 300952.5
endloop
endfacet
facet normal 0 0 0
outer loop
vertex 400550.6 165509.1 295776.7
vertex 406191.6 165509.1 299983.7
vertex 400550.6 159868.1 297212.4
endloop
endfacet
facet normal 0 0 0
outer loop
vertex 406191.6 161010.7 300952.5
vertex 406191.6 165509.1 299983.7
vertex 407516.2 165509.1 300952.5
endloop
endfacet
facet normal 0 0 0
outer loop
vertex 394909.7 188072.8 298412.1
vertex 389268.8 193713.8 299182.8
vertex 393289.6 193713.8 300952.5
endloop
endfacet
facet normal 0 0 0
outer loop
vertex 394909.7 192460 300952.5
vertex 394909.7 188072.8 298412.1
vertex 393289.6 193713.8 300952.5
endloop
endfacet
facet normal 0 0 0
outer loop
vertex 389356.1 188072.8 295311.6
vertex 389268.8 193713.8 299182.8
vertex 394909.7 188072.8 298412.1
endloop
endfacet
facet normal 0 0 0
outer loop
vertex 389268.8 188155.1 295311.6
vertex 389268.8 193713.8 299182.8
vertex 389356.1 188072.8 295311.6
endloop
endfacet
facet normal 0 0 0
outer loop
vertex 406191.6 171150 299813.5
vertex 400550.6 165509.1 295776.7
vertex 400550.6 171150 295574
endloop
endfacet
facet normal 0 0 0
outer loop
vertex 406191.6 165509.1 299983.7
vertex 400550.6 165509.1 295776.7
vertex 406191.6 171150 299813.5
endloop
endfacet
facet normal 0 0 0
outer loop
vertex 399522.7 188072.8 300952.5
vertex 394909.7 188072.8 298412.1
vertex 394909.7 192460 300952.5
endloop
endfacet
facet normal 0 0 0
outer loop
vertex 407516.2 165509.1 300952.5
vertex 406191.6 171150 299813.5
vertex 407695.6 171150 300952.5
endloop
endfacet
facet normal 0 0 0
outer loop
vertex 406191.6 165509.1 299983.7
vertex 406191.6 171150 299813.5
vertex 407516.2 165509.1 300952.5
endloop
endfacet
facet normal 0 0 0
outer loop
vertex 403822.3 182431.9 300952.5
vertex 400550.6 182431.9 298739.8
vertex 400550.6 186960.8 300952.5
endloop
endfacet
facet normal 0 0 0
outer loop
vertex 377986.9 189692.6 289670.6
vertex 374796.8 192548.5 290635.9
vertex 377986.9 193713.8 293531.8
endloop
endfacet
facet normal 0 0 0
outer loop
vertex 377986.9 193713.8 293531.8
vertex 374796.8 192548.5 290635.9
vertex 370867.5 193713.8 289670.6
endloop
endfacet
facet normal 0 0 0
outer loop
vertex 370867.5 193713.8 289670.6
vertex 374796.8 192548.5 290635.9
vertex 372345.9 193073.9 289670.6
endloop
endfacet
facet normal 0 0 0
outer loop
vertex 372345.9 193073.9 289670.6
vertex 374796.8 192548.5 290635.9
vertex 377986.9 189692.6 289670.6
endloop
endfacet
facet normal 0 0 0
outer loop
vertex 372345.9 200769.7 300952.5
vertex 373571.4 197386.1 296399.7
vertex 366705 201204.7 300952.5
endloop
endfacet
facet normal 0 0 0
outer loop
vertex 366705 201204.7 300952.5
vertex 373571.4 197386.1 296399.7
vertex 366705 195096.2 289670.6
endloop
endfacet
facet normal 0 0 0
outer loop
vertex 366705 195096.2 289670.6
vertex 373571.4 197386.1 296399.7
vertex 370867.5 193713.8 289670.6
endloop
endfacet
facet normal 0 0 0
outer loop
vertex 370867.5 193713.8 289670.6
vertex 373571.4 197386.1 296399.7
vertex 377986.9 193713.8 293531.8
endloop
endfacet
facet normal 0 0 0
outer loop
vertex 377986.9 193713.8 293531.8
vertex 373571.4 197386.1 296399.7
vertex 377986.9 195329.6 295311.6
endloop
endfacet
facet normal 0 0 0
outer loop
vertex 377986.9 195329.6 295311.6
vertex 373571.4 197386.1 296399.7
vertex 377986.9 199354.7 300155.2
endloop
endfacet
facet normal 0 0 0
outer loop
vertex 377986.9 199354.7 300155.2
vertex 373571.4 197386.1 296399.7
vertex 377986.9 199906.2 300952.5
endloop
endfacet
facet normal 0 0 0
outer loop
vertex 377986.9 199906.2 300952.5
vertex 373571.4 197386.1 296399.7
vertex 372345.9 200769.7 300952.5
endloop
endfacet
facet normal 0 0 0
outer loop
vertex 299013.8 138319.5 289670.6
vertex 299013.8 148586.2 296159.4
vertex 289174.6 148586.2 289670.6
endloop
endfacet
facet normal 0 0 0
outer loop
vertex 310295.6 134729.8 289670.6
vertex 310295.6 137304.4 293352.8
vertex 301181.4 137304.4 289670.6
endloop
endfacet
facet normal 0 0 0
outer loop
vertex 295739.6 171150 289670.6
vertex 299013.8 171150 293429.5
vertex 299013.8 174629.6 289670.6
endloop
endfacet
facet normal 0 0 0
outer loop
vertex 321577.5 133588.3 289670.6
vertex 310295.6 137304.4 293352.8
vertex 310295.6 134729.8 289670.6
endloop
endfacet
facet normal 0 0 0
outer loop
vertex 321577.5 137304.4 298029.7
vertex 310295.6 137304.4 293352.8
vertex 321577.5 133588.3 289670.6
endloop
endfacet
facet normal 0 0 0
outer loop
vertex 310295.6 174525 300952.5
vertex 299013.8 171150 293429.5
vertex 307287.9 171150 300952.5
endloop
endfacet
facet normal 0 0 0
outer loop
vertex 299013.8 174629.6 289670.6
vertex 299013.8 171150 293429.5
vertex 310295.6 174525 300952.5
endloop
endfacet
facet normal 0 0 0
outer loop
vertex 310295.6 182431.9 291951.1
vertex 299013.8 174629.6 289670.6
vertex 310295.6 174525 300952.5
endloop
endfacet
facet normal 0 0 0
outer loop
vertex 308427.9 182431.9 289670.6
vertex 299013.8 174629.6 289670.6
vertex 310295.6 182431.9 291951.1
endloop
endfacet
facet normal 0 0 0
outer loop
vertex 299013.8 148586.2 296159.4
vertex 310295.6 137304.4 293352.8
vertex 310295.6 144953.8 300952.5
endloop
endfacet
facet normal 0 0 0
outer loop
vertex 306688.4 148586.2 300952.5
vertex 299013.8 148586.2 296159.4
vertex 310295.6 144953.8 300952.5
endloop
endfacet
facet normal 0 0 0
outer loop
vertex 301181.4 137304.4 289670.6
vertex 310295.6 137304.4 293352.8
vertex 299013.8 148586.2 296159.4
endloop
endfacet
facet normal 0 0 0
outer loop
vertex 299013.8 138319.5 289670.6
vertex 301181.4 137304.4 289670.6
vertex 299013.8 148586.2 296159.4
endloop
endfacet
facet normal 0 0 0
outer loop
vertex 317902.4 182431.9 300952.5
vertex 310295.6 182431.9 291951.1
vertex 310295.6 174525 300952.5
endloop
endfacet
facet normal 0 0 0
outer loop
vertex 308427.9 182431.9 289670.6
vertex 310295.6 182431.9 291951.1
vertex 310295.6 183724.6 289670.6
endloop
endfacet
facet normal 0 0 0
outer loop
vertex 310295.6 144953.8 300952.5
vertex 321577.5 137304.4 298029.7
vertex 321577.5 139207.2 300952.5
endloop
endfacet
facet normal 0 0 0
outer loop
vertex 310295.6 137304.4 293352.8
vertex 321577.5 137304.4 298029.7
vertex 310295.6 144953.8 300952.5
endloop
endfacet
facet normal 0 0 0
outer loop
vertex 299013.8 148586.2 296159.4
vertex 299013.8 159868.1 298000.2
vertex 288957.6 159868.1 289670.6
endloop
endfacet
facet normal 0 0 0
outer loop
vertex 288957.6 159868.1 289670.6
vertex 289174.6 148586.2 289670.6
vertex 299013.8 148586.2 296159.4
endloop
endfacet
facet normal 0 0 0
outer loop
vertex 321577.5 190116.9 289670.6
vertex 310295.6 182431.9 291951.1
vertex 317902.4 182431.9 300952.5
endloop
endfacet
facet normal 0 0 0
outer loop
vertex 321577.5 185693.1 300952.5
vertex 321577.5 190116.9 289670.6
vertex 317902.4 182431.9 300952.5
endloop
endfacet
facet normal 0 0 0
outer loop
vertex 310295.6 183724.6 289670.6
vertex 310295.6 182431.9 291951.1
vertex 321577.5 190116.9 289670.6
endloop
endfacet
facet normal 0 0 0
outer loop
vertex 299013.8 159868.1 298000.2
vertex 299013.8 171150 293429.5
vertex 295739.6 171150 289670.6
endloop
endfacet
facet normal 0 0 0
outer loop
vertex 295739.6 171150 289670.6
vertex 288957.6 159868.1 289670.6
vertex 299013.8 159868.1 298000.2
endloop
endfacet
facet normal 0 0 0
outer loop
vertex 302929 159868.1 300952.5
vertex 299013.8 148586.2 296159.4
vertex 306688.4 148586.2 300952.5
endloop
endfacet
facet normal 0 0 0
outer loop
vertex 299013.8 159868.1 298000.2
vertex 299013.8 148586.2 296159.4
vertex 302929 159868.1 300952.5
endloop
endfacet
facet normal 0 0 0
outer loop
vertex 332859.4 193713.8 298505.2
vertex 321577.5 190116.9 289670.6
vertex 321577.5 185693.1 300952.5
endloop
endfacet
facet normal 0 0 0
outer loop
vertex 332859.4 193123.8 300952.5
vertex 332859.4 193713.8 298505.2
vertex 321577.5 185693.1 300952.5
endloop
endfacet
facet normal 0 0 0
outer loop
vertex 331128.6 193713.8 289670.6
vertex 321577.5 190116.9 289670.6
vertex 332859.4 193713.8 298505.2
endloop
endfacet
facet normal 0 0 0
outer loop
vertex 299013.8 171150 293429.5
vertex 299013.8 159868.1 298000.2
vertex 302929 159868.1 300952.5
endloop
endfacet
facet normal 0 0 0
outer loop
vertex 302929 159868.1 300952.5
vertex 307287.9 171150 300952.5
vertex 299013.8 171150 293429.5
endloop
endfacet
facet normal 0 0 0
outer loop
vertex 333910.9 193713.8 300952.5
vertex 332859.4 193713.8 298505.2
vertex 332859.4 193123.8 300952.5
endloop
endfacet
facet normal 0 0 0
outer loop
vertex 331128.6 193713.8 289670.6
vertex 332859.4 193713.8 298505.2
vertex 332859.4 194305.6 289670.6
endloop
endfacet
facet normal 0 0 0
outer loop
vertex 328456.9 137304.4 300952.5
vertex 332859.4 133737.9 289670.6
vertex 332859.4 136633.3 300952.5
endloop
endfacet
facet normal 0 0 0
outer loop
vertex 321577.5 137304.4 298029.7
vertex 332859.4 133737.9 289670.6
vertex 328456.9 137304.4 300952.5
endloop
endfacet
facet normal 0 0 0
outer loop
vertex 321577.5 133588.3 289670.6
vertex 332859.4 133737.9 289670.6
vertex 321577.5 137304.4 298029.7
endloop
endfacet
facet normal 0 0 0
outer loop
vertex 332859.4 136633.3 300952.5
vertex 344141.2 135317.8 289670.6
vertex 344141.2 136593 300952.5
endloop
endfacet
facet normal 0 0 0
outer loop
vertex 332859.4 133737.9 289670.6
vertex 344141.2 135317.8 289670.6
vertex 332859.4 136633.3 300952.5
endloop
endfacet
facet normal 0 0 0
outer loop
vertex 344141.2 197837.8 300952.5
vertex 332859.4 193713.8 298505.2
vertex 333910.9 193713.8 300952.5
endloop
endfacet
facet normal 0 0 0
outer loop
vertex 344141.2 196480 289670.6
vertex 332859.4 193713.8 298505.2
vertex 344141.2 197837.8 300952.5
endloop
endfacet
facet normal 0 0 0
outer loop
vertex 332859.4 194305.6 289670.6
vertex 332859.4 193713.8 298505.2
vertex 344141.2 196480 289670.6
endloop
endfacet
facet normal 0 0 0
outer loop
vertex 321577.5 139207.2 300952.5
vertex 321577.5 137304.4 298029.7
vertex 328456.9 137304.4 300952.5
endloop
endfacet
facet normal 0 0 0
outer loop
vertex 355423.1 196686.6 289670.6
vertex 344141.2 196480 289670.6
vertex 344141.2 197837.8 300952.5
endloop
endfacet
facet normal 0 0 0
outer loop
vertex 344141.2 197837.8 300952.5
vertex 355423.1 200373.8 300952.5
vertex 355423.1 196686.6 289670.6
endloop
endfacet
facet normal 0 0 0
outer loop
vertex 344141.2 135317.8 289670.6
vertex 353286.9 137304.4 289670.6
vertex 350418.9 137304.4 300952.5
endloop
endfacet
facet normal 0 0 0
outer loop
vertex 350418.9 137304.4 300952.5
vertex 344141.2 136593 300952.5
vertex 344141.2 135317.8 289670.6
endloop
endfacet
facet normal 0 0 0
outer loop
vertex 366705 201204.7 300952.5
vertex 355423.1 196686.6 289670.6
vertex 355423.1 200373.8 300952.5
endloop
endfacet
facet normal 0 0 0
outer loop
vertex 366705 195096.2 289670.6
vertex 355423.1 196686.6 289670.6
vertex 366705 201204.7 300952.5
endloop
endfacet
facet normal 0 0 0
outer loop
vertex 353286.9 137304.4 289670.6
vertex 355423.1 137823.4 289670.6
vertex 355423.1 138001.7 300952.5
endloop
endfacet
facet normal 0 0 0
outer loop
vertex 355423.1 138001.7 300952.5
vertex 350418.9 137304.4 300952.5
vertex 353286.9 137304.4 289670.6
endloop
endfacet
facet normal 0 0 0
outer loop
vertex 366705 139584.7 300952.5
vertex 362192.2 139193.9 295311.6
vertex 366705 139716.9 295311.6
endloop
endfacet
facet normal 0 0 0
outer loop
vertex 366705 139716.9 295311.6
vertex 362192.2 139193.9 295311.6
vertex 366705 140842.7 289670.6
endloop
endfacet
facet normal 0 0 0
outer loop
vertex 366705 140842.7 289670.6
vertex 362192.2 139193.9 295311.6
vertex 355423.1 137823.4 289670.6
endloop
endfacet
facet normal 0 0 0
outer loop
vertex 355423.1 137823.4 289670.6
vertex 362192.2 139193.9 295311.6
vertex 355423.1 138001.7 300952.5
endloop
endfacet
facet normal 0 0 0
outer loop
vertex 355423.1 138001.7 300952.5
vertex 362192.2 139193.9 295311.6
vertex 366705 139584.7 300952.5
endloop
endfacet
facet normal 0 0 0
outer loop
vertex 400550.6 195899.2 306593.4
vertex 394909.7 193713.8 301718.9
vertex 394909.7 199016.6 306593.4
endloop
endfacet
facet normal 0 0 0
outer loop
vertex 366705 139584.7 300952.5
vertex 372345.9 140670 300952.5
vertex 372345.9 140868.9 306593.4
endloop
endfacet
facet normal 0 0 0
outer loop
vertex 400550.6 193713.8 305101.4
vertex 394909.7 193713.8 301718.9
vertex 400550.6 195899.2 306593.4
endloop
endfacet
facet normal 0 0 0
outer loop
vertex 411832.5 176790.9 304794.6
vertex 411832.5 171150 303775.9
vertex 407695.6 171150 300952.5
endloop
endfacet
facet normal 0 0 0
outer loop
vertex 372345.9 140868.9 306593.4
vertex 366705 139808.7 306593.4
vertex 366705 139584.7 300952.5
endloop
endfacet
facet normal 0 0 0
outer loop
vertex 407695.6 171150 300952.5
vertex 406300.7 176790.9 300952.5
vertex 411832.5 176790.9 304794.6
endloop
endfacet
facet normal 0 0 0
outer loop
vertex 400550.6 149528.3 306593.4
vertex 406191.6 154227.2 305732.2
vertex 406191.6 153529 306593.4
endloop
endfacet
facet normal 0 0 0
outer loop
vertex 400790.7 154227.2 300952.5
vertex 406191.6 154227.2 305732.2
vertex 400550.6 149528.3 306593.4
endloop
endfacet
facet normal 0 0 0
outer loop
vertex 400550.6 153990.9 300952.5
vertex 400790.7 154227.2 300952.5
vertex 400550.6 149528.3 306593.4
endloop
endfacet
facet normal 0 0 0
outer loop
vertex 393488.1 199354.7 306593.4
vertex 389268.8 199354.7 304688.3
vertex 389268.8 200568 306593.4
endloop
endfacet
facet normal 0 0 0
outer loop
vertex 372345.9 140868.9 306593.4
vertex 377986.9 142044.1 300952.5
vertex 377986.9 142070 306593.4
endloop
endfacet
facet normal 0 0 0
outer loop
vertex 403822.3 182431.9 300952.5
vertex 406191.6 182431.9 302869.5
vertex 406191.6 177077.9 300952.5
endloop
endfacet
facet normal 0 0 0
outer loop
vertex 372345.9 140670 300952.5
vertex 377986.9 142044.1 300952.5
vertex 372345.9 140868.9 306593.4
endloop
endfacet
facet normal 0 0 0
outer loop
vertex 402687.6 193713.8 306593.4
vertex 400550.6 193713.8 305101.4
vertex 400550.6 195899.2 306593.4
endloop
endfacet
facet normal 0 0 0
outer loop
vertex 406191.6 153529 306593.4
vertex 406191.6 154227.2 305732.2
vertex 407103.2 154227.2 306593.4
endloop
endfacet
facet normal 0 0 0
outer loop
vertex 377986.9 142070 306593.4
vertex 381136.1 142945.3 300952.5
vertex 382697.9 142945.3 306593.4
endloop
endfacet
facet normal 0 0 0
outer loop
vertex 377986.9 142044.1 300952.5
vertex 381136.1 142945.3 300952.5
vertex 377986.9 142070 306593.4
endloop
endfacet
facet normal 0 0 0
outer loop
vertex 405592 159868.1 300952.5
vertex 406191.6 154227.2 305732.2
vertex 400790.7 154227.2 300952.5
endloop
endfacet
facet normal 0 0 0
outer loop
vertex 406191.6 159868.1 301355.1
vertex 406191.6 154227.2 305732.2
vertex 405592 159868.1 300952.5
endloop
endfacet
facet normal 0 0 0
outer loop
vertex 406191.6 177077.9 300952.5
vertex 411832.5 176790.9 304794.6
vertex 406300.7 176790.9 300952.5
endloop
endfacet
facet normal 0 0 0
outer loop
vertex 406191.6 182431.9 302869.5
vertex 411832.5 176790.9 304794.6
vertex 406191.6 177077.9 300952.5
endloop
endfacet
facet normal 0 0 0
outer loop
vertex 411832.5 182431.9 306581.9
vertex 411832.5 176790.9 304794.6
vertex 406191.6 182431.9 302869.5
endloop
endfacet
facet normal 0 0 0
outer loop
vertex 382697.9 142945.3 306593.4
vertex 383627.8 143818.7 300952.5
vertex 383627.8 143122.8 306593.4
endloop
endfacet
facet normal 0 0 0
outer loop
vertex 411832.5 171150 303775.9
vertex 411832.5 176790.9 304794.6
vertex 415137.2 176790.9 306593.4
endloop
endfacet
facet normal 0 0 0
outer loop
vertex 381136.1 142945.3 300952.5
vertex 383627.8 143818.7 300952.5
vertex 382697.9 142945.3 306593.4
endloop
endfacet
facet normal 0 0 0
outer loop
vertex 415137.2 176790.9 306593.4
vertex 416206.8 171150 306593.4
vertex 411832.5 171150 303775.9
endloop
endfacet
facet normal 0 0 0
outer loop
vertex 399522.7 188072.8 300952.5
vertex 400550.6 188072.8 301592
vertex 400550.6 186960.8 300952.5
endloop
endfacet
facet normal 0 0 0
outer loop
vertex 383627.8 143818.7 300952.5
vertex 389268.8 146298.7 300952.5
vertex 389268.8 144574.2 306593.4
endloop
endfacet
facet normal 0 0 0
outer loop
vertex 406191.6 159868.1 301355.1
vertex 411832.5 159868.1 306316.7
vertex 411832.5 159447.1 306593.4
endloop
endfacet
facet normal 0 0 0
outer loop
vertex 389268.8 144574.2 306593.4
vertex 383627.8 143122.8 306593.4
vertex 383627.8 143818.7 300952.5
endloop
endfacet
facet normal 0 0 0
outer loop
vertex 411832.5 176790.9 304794.6
vertex 411832.5 182431.9 306581.9
vertex 411853.8 182431.9 306593.4
endloop
endfacet
facet normal 0 0 0
outer loop
vertex 393289.6 193713.8 300952.5
vertex 394909.7 193713.8 301718.9
vertex 394909.7 192460 300952.5
endloop
endfacet
facet normal 0 0 0
outer loop
vertex 407103.2 154227.2 306593.4
vertex 406191.6 159868.1 301355.1
vertex 411832.5 159447.1 306593.4
endloop
endfacet
facet normal 0 0 0
outer loop
vertex 411853.8 182431.9 306593.4
vertex 415137.2 176790.9 306593.4
vertex 411832.5 176790.9 304794.6
endloop
endfacet
facet normal 0 0 0
outer loop
vertex 406191.6 154227.2 305732.2
vertex 406191.6 159868.1 301355.1
vertex 407103.2 154227.2 306593.4
endloop
endfacet
facet normal 0 0 0
outer loop
vertex 411853.8 182431.9 306593.4
vertex 411832.5 182431.9 306581.9
vertex 411832.5 182469.2 306593.4
endloop
endfacet
facet normal 0 0 0
outer loop
vertex 406191.6 161010.7 300952.5
vertex 406191.6 159868.1 301355.1
vertex 405592 159868.1 300952.5
endloop
endfacet
facet normal 0 0 0
outer loop
vertex 400550.6 193713.8 305101.4
vertex 400550.6 188072.8 301592
vertex 399522.7 188072.8 300952.5
endloop
endfacet
facet normal 0 0 0
outer loop
vertex 394909.7 192460 300952.5
vertex 400550.6 193713.8 305101.4
vertex 399522.7 188072.8 300952.5
endloop
endfacet
facet normal 0 0 0
outer loop
vertex 394909.7 193713.8 301718.9
vertex 400550.6 193713.8 305101.4
vertex 394909.7 192460 300952.5
endloop
endfacet
facet normal 0 0 0
outer loop
vertex 393452.9 148586.2 300952.5
vertex 394909.7 148586.2 302271.1
vertex 394909.7 146729.4 306593.4
endloop
endfacet
facet normal 0 0 0
outer loop
vertex 389268.8 146298.7 300952.5
vertex 393452.9 148586.2 300952.5
vertex 394909.7 146729.4 306593.4
endloop
endfacet
facet normal 0 0 0
outer loop
vertex 389268.8 144574.2 306593.4
vertex 389268.8 146298.7 300952.5
vertex 394909.7 146729.4 306593.4
endloop
endfacet
facet normal 0 0 0
outer loop
vertex 411832.5 159868.1 306316.7
vertex 406191.6 159868.1 301355.1
vertex 406191.6 161010.7 300952.5
endloop
endfacet
facet normal 0 0 0
outer loop
vertex 411832.5 165509.1 304248.8
vertex 411832.5 159868.1 306316.7
vertex 406191.6 161010.7 300952.5
endloop
endfacet
facet normal 0 0 0
outer loop
vertex 394909.7 146729.4 306593.4
vertex 394909.7 148586.2 302271.1
vertex 398801.8 148586.2 306593.4
endloop
endfacet
facet normal 0 0 0
outer loop
vertex 407516.2 165509.1 300952.5
vertex 411832.5 165509.1 304248.8
vertex 406191.6 161010.7 300952.5
endloop
endfacet
facet normal 0 0 0
outer loop
vertex 406191.6 188072.8 305454.2
vertex 406191.6 182431.9 302869.5
vertex 403822.3 182431.9 300952.5
endloop
endfacet
facet normal 0 0 0
outer loop
vertex 400550.6 186960.8 300952.5
vertex 406191.6 188072.8 305454.2
vertex 403822.3 182431.9 300952.5
endloop
endfacet
facet normal 0 0 0
outer loop
vertex 400550.6 188072.8 301592
vertex 406191.6 188072.8 305454.2
vertex 400550.6 186960.8 300952.5
endloop
endfacet
facet normal 0 0 0
outer loop
vertex 394909.7 149449.9 300952.5
vertex 394909.7 148586.2 302271.1
vertex 393452.9 148586.2 300952.5
endloop
endfacet
facet normal 0 0 0
outer loop
vertex 411832.5 171150 303775.9
vertex 411832.5 165509.1 304248.8
vertex 407516.2 165509.1 300952.5
endloop
endfacet
facet normal 0 0 0
outer loop
vertex 407516.2 165509.1 300952.5
vertex 407695.6 171150 300952.5
vertex 411832.5 171150 303775.9
endloop
endfacet
facet normal 0 0 0
outer loop
vertex 406191.6 182431.9 302869.5
vertex 406191.6 188072.8 305454.2
vertex 407821.5 188072.8 306593.4
endloop
endfacet
facet normal 0 0 0
outer loop
vertex 411832.5 182469.2 306593.4
vertex 406191.6 182431.9 302869.5
vertex 407821.5 188072.8 306593.4
endloop
endfacet
facet normal 0 0 0
outer loop
vertex 411832.5 182431.9 306581.9
vertex 406191.6 182431.9 302869.5
vertex 411832.5 182469.2 306593.4
endloop
endfacet
facet normal 0 0 0
outer loop
vertex 411832.5 159447.1 306593.4
vertex 411832.5 159868.1 306316.7
vertex 412067.5 159868.1 306593.4
endloop
endfacet
facet normal 0 0 0
outer loop
vertex 398801.8 148586.2 306593.4
vertex 400550.6 153990.9 300952.5
vertex 400550.6 149528.3 306593.4
endloop
endfacet
facet normal 0 0 0
outer loop
vertex 394909.7 148586.2 302271.1
vertex 400550.6 153990.9 300952.5
vertex 398801.8 148586.2 306593.4
endloop
endfacet
facet normal 0 0 0
outer loop
vertex 394909.7 149449.9 300952.5
vertex 400550.6 153990.9 300952.5
vertex 394909.7 148586.2 302271.1
endloop
endfacet
facet normal 0 0 0
outer loop
vertex 412067.5 159868.1 306593.4
vertex 411832.5 165509.1 304248.8
vertex 414725.2 165509.1 306593.4
endloop
endfacet
facet normal 0 0 0
outer loop
vertex 411832.5 159868.1 306316.7
vertex 411832.5 165509.1 304248.8
vertex 412067.5 159868.1 306593.4
endloop
endfacet
facet normal 0 0 0
outer loop
vertex 400550.6 188072.8 301592
vertex 400550.6 193713.8 305101.4
vertex 402687.6 193713.8 306593.4
endloop
endfacet
facet normal 0 0 0
outer loop
vertex 406191.6 190020.1 306593.4
vertex 400550.6 188072.8 301592
vertex 402687.6 193713.8 306593.4
endloop
endfacet
facet normal 0 0 0
outer loop
vertex 406191.6 188072.8 305454.2
vertex 400550.6 188072.8 301592
vertex 406191.6 190020.1 306593.4
endloop
endfacet
facet normal 0 0 0
outer loop
vertex 414725.2 165509.1 306593.4
vertex 411832.5 171150 303775.9
vertex 416206.8 171150 306593.4
endloop
endfacet
facet normal 0 0 0
outer loop
vertex 407821.5 188072.8 306593.4
vertex 406191.6 188072.8 305454.2
vertex 406191.6 190020.1 306593.4
endloop
endfacet
facet normal 0 0 0
outer loop
vertex 411832.5 165509.1 304248.8
vertex 411832.5 171150 303775.9
vertex 414725.2 165509.1 306593.4
endloop
endfacet
facet normal 0 0 0
outer loop
vertex 372345.9 202988.5 306593.4
vertex 366705 201204.7 300952.5
vertex 366705 202868.5 306593.4
endloop
endfacet
facet normal 0 0 0
outer loop
vertex 372345.9 200769.7 300952.5
vertex 366705 201204.7 300952.5
vertex 372345.9 202988.5 306593.4
endloop
endfacet
facet normal 0 0 0
outer loop
vertex 377986.9 202650 306593.4
vertex 372345.9 200769.7 300952.5
vertex 372345.9 202988.5 306593.4
endloop
endfacet
facet normal 0 0 0
outer loop
vertex 377986.9 199906.2 300952.5
vertex 372345.9 200769.7 300952.5
vertex 377986.9 202650 306593.4
endloop
endfacet
facet normal 0 0 0
outer loop
vertex 380449.3 199354.7 300952.5
vertex 383627.8 199354.7 302208.2
vertex 383627.8 198352.1 300952.5
endloop
endfacet
facet normal 0 0 0
outer loop
vertex 383627.8 199354.7 302208.2
vertex 389268.8 199354.7 304688.3
vertex 389268.8 196030.3 300952.5
endloop
endfacet
facet normal 0 0 0
outer loop
vertex 389268.8 196030.3 300952.5
vertex 383627.8 198352.1 300952.5
vertex 383627.8 199354.7 302208.2
endloop
endfacet
facet normal 0 0 0
outer loop
vertex 380449.3 199354.7 300952.5
vertex 377986.9 199906.2 300952.5
vertex 377986.9 202650 306593.4
endloop
endfacet
facet normal 0 0 0
outer loop
vertex 383627.8 201907.4 306593.4
vertex 380449.3 199354.7 300952.5
vertex 377986.9 202650 306593.4
endloop
endfacet
facet normal 0 0 0
outer loop
vertex 383627.8 199354.7 302208.2
vertex 380449.3 199354.7 300952.5
vertex 383627.8 201907.4 306593.4
endloop
endfacet
facet normal 0 0 0
outer loop
vertex 389268.8 199354.7 304688.3
vertex 383627.8 199354.7 302208.2
vertex 383627.8 201907.4 306593.4
endloop
endfacet
facet normal 0 0 0
outer loop
vertex 383627.8 201907.4 306593.4
vertex 389268.8 200568 306593.4
vertex 389268.8 199354.7 304688.3
endloop
endfacet
facet normal 0 0 0
outer loop
vertex 389268.8 196030.3 300952.5
vertex 389268.8 199354.7 304688.3
vertex 393488.1 199354.7 306593.4
endloop
endfacet
facet normal 0 0 0
outer loop
vertex 393289.6 193713.8 300952.5
vertex 389268.8 196030.3 300952.5
vertex 393488.1 199354.7 306593.4
endloop
endfacet
facet normal 0 0 0
outer loop
vertex 394909.7 193713.8 301718.9
vertex 393289.6 193713.8 300952.5
vertex 393488.1 199354.7 306593.4
endloop
endfacet
facet normal 0 0 0
outer loop
vertex 394909.7 199016.6 306593.4
vertex 394909.7 193713.8 301718.9
vertex 393488.1 199354.7 306593.4
endloop
endfacet
facet normal 0 0 0
outer loop
vertex 394909.7 199354.7 307089
vertex 400550.6 199354.7 310417.5
vertex 400550.6 195899.2 306593.4
endloop
endfacet
facet normal 0 0 0
outer loop
vertex 407821.5 188072.8 306593.4
vertex 411832.5 188072.8 309198.8
vertex 411832.5 182469.2 306593.4
endloop
endfacet
facet normal 0 0 0
outer loop
vertex 400550.6 195899.2 306593.4
vertex 394909.7 199016.6 306593.4
vertex 394909.7 199354.7 307089
endloop
endfacet
facet normal 0 0 0
outer loop
vertex 366705 140672.1 312234.4
vertex 372345.9 140868.9 306593.4
vertex 372345.9 141545.3 312234.4
endloop
endfacet
facet normal 0 0 0
outer loop
vertex 366705 139808.7 306593.4
vertex 372345.9 140868.9 306593.4
vertex 366705 140672.1 312234.4
endloop
endfacet
facet normal 0 0 0
outer loop
vertex 404005.5 148586.2 312234.4
vertex 406191.6 153529 306593.4
vertex 406191.6 149581.7 312234.4
endloop
endfacet
facet normal 0 0 0
outer loop
vertex 400550.6 148586.2 308503.7
vertex 406191.6 153529 306593.4
vertex 404005.5 148586.2 312234.4
endloop
endfacet
facet normal 0 0 0
outer loop
vertex 402687.6 193713.8 306593.4
vertex 406191.6 193713.8 309165.3
vertex 406191.6 190020.1 306593.4
endloop
endfacet
facet normal 0 0 0
outer loop
vertex 400550.6 149528.3 306593.4
vertex 406191.6 153529 306593.4
vertex 400550.6 148586.2 308503.7
endloop
endfacet
facet normal 0 0 0
outer loop
vertex 372345.9 141545.3 312234.4
vertex 377986.9 142070 306593.4
vertex 377986.9 142683.8 312234.4
endloop
endfacet
facet normal 0 0 0
outer loop
vertex 372345.9 140868.9 306593.4
vertex 377986.9 142070 306593.4
vertex 372345.9 141545.3 312234.4
endloop
endfacet
facet normal 0 0 0
outer loop
vertex 394909.7 202405.2 312234.4
vertex 389268.8 200568 306593.4
vertex 389268.8 203522.7 312234.4
endloop
endfacet
facet normal 0 0 0
outer loop
vertex 393488.1 199354.7 306593.4
vertex 389268.8 200568 306593.4
vertex 394909.7 202405.2 312234.4
endloop
endfacet
facet normal 0 0 0
outer loop
vertex 394909.7 199354.7 307089
vertex 393488.1 199354.7 306593.4
vertex 394909.7 202405.2 312234.4
endloop
endfacet
facet normal 0 0 0
outer loop
vertex 377986.9 142070 306593.4
vertex 382697.9 142945.3 306593.4
vertex 379434.1 142945.3 312234.4
endloop
endfacet
facet normal 0 0 0
outer loop
vertex 406191.6 149581.7 312234.4
vertex 411832.5 154227.2 311265.3
vertex 411832.5 153328.6 312234.4
endloop
endfacet
facet normal 0 0 0
outer loop
vertex 379434.1 142945.3 312234.4
vertex 377986.9 142683.8 312234.4
vertex 377986.9 142070 306593.4
endloop
endfacet
facet normal 0 0 0
outer loop
vertex 407103.2 154227.2 306593.4
vertex 411832.5 154227.2 311265.3
vertex 406191.6 149581.7 312234.4
endloop
endfacet
facet normal 0 0 0
outer loop
vertex 406191.6 153529 306593.4
vertex 407103.2 154227.2 306593.4
vertex 406191.6 149581.7 312234.4
endloop
endfacet
facet normal 0 0 0
outer loop
vertex 411832.5 188072.8 309198.8
vertex 406191.6 193713.8 309165.3
vertex 411129.7 193713.8 312234.4
endloop
endfacet
facet normal 0 0 0
outer loop
vertex 411832.5 193135.8 312234.4
vertex 411832.5 188072.8 309198.8
vertex 411129.7 193713.8 312234.4
endloop
endfacet
facet normal 0 0 0
outer loop
vertex 406191.6 190020.1 306593.4
vertex 406191.6 193713.8 309165.3
vertex 411832.5 188072.8 309198.8
endloop
endfacet
facet normal 0 0 0
outer loop
vertex 407821.5 188072.8 306593.4
vertex 406191.6 190020.1 306593.4
vertex 411832.5 188072.8 309198.8
endloop
endfacet
facet normal 0 0 0
outer loop
vertex 400550.6 199354.7 310417.5
vertex 394909.7 199354.7 307089
vertex 394909.7 202405.2 312234.4
endloop
endfacet
facet normal 0 0 0
outer loop
vertex 394909.7 202405.2 312234.4
vertex 400550.6 200588.7 312234.4
vertex 400550.6 199354.7 310417.5
endloop
endfacet
facet normal 0 0 0
outer loop
vertex 411832.5 159447.1 306593.4
vertex 411832.5 154227.2 311265.3
vertex 407103.2 154227.2 306593.4
endloop
endfacet
facet normal 0 0 0
outer loop
vertex 382697.9 142945.3 306593.4
vertex 383627.8 143122.8 306593.4
vertex 383627.8 143364.2 312234.4
endloop
endfacet
facet normal 0 0 0
outer loop
vertex 383627.8 143364.2 312234.4
vertex 379434.1 142945.3 312234.4
vertex 382697.9 142945.3 306593.4
endloop
endfacet
facet normal 0 0 0
outer loop
vertex 372345.9 202988.5 306593.4
vertex 366705 202868.5 306593.4
vertex 366705 203816.3 312234.4
endloop
endfacet
facet normal 0 0 0
outer loop
vertex 366705 203816.3 312234.4
vertex 372345.9 204484 312234.4
vertex 372345.9 202988.5 306593.4
endloop
endfacet
facet normal 0 0 0
outer loop
vertex 383627.8 143122.8 306593.4
vertex 389268.8 144574.2 306593.4
vertex 389268.8 144050.5 312234.4
endloop
endfacet
facet normal 0 0 0
outer loop
vertex 389268.8 144050.5 312234.4
vertex 383627.8 143364.2 312234.4
vertex 383627.8 143122.8 306593.4
endloop
endfacet
facet normal 0 0 0
outer loop
vertex 411832.5 153328.6 312234.4
vertex 411832.5 154227.2 311265.3
vertex 412879.3 154227.2 312234.4
endloop
endfacet
facet normal 0 0 0
outer loop
vertex 400550.6 195899.2 306593.4
vertex 400550.6 199354.7 310417.5
vertex 403155.7 199354.7 312234.4
endloop
endfacet
facet normal 0 0 0
outer loop
vertex 406191.6 193713.8 309165.3
vertex 400550.6 195899.2 306593.4
vertex 403155.7 199354.7 312234.4
endloop
endfacet
facet normal 0 0 0
outer loop
vertex 406191.6 197504.6 312234.4
vertex 406191.6 193713.8 309165.3
vertex 403155.7 199354.7 312234.4
endloop
endfacet
facet normal 0 0 0
outer loop
vertex 377986.9 204662.1 312234.4
vertex 372345.9 202988.5 306593.4
vertex 372345.9 204484 312234.4
endloop
endfacet
facet normal 0 0 0
outer loop
vertex 402687.6 193713.8 306593.4
vertex 400550.6 195899.2 306593.4
vertex 406191.6 193713.8 309165.3
endloop
endfacet
facet normal 0 0 0
outer loop
vertex 377986.9 202650 306593.4
vertex 372345.9 202988.5 306593.4
vertex 377986.9 204662.1 312234.4
endloop
endfacet
facet normal 0 0 0
outer loop
vertex 389268.8 144574.2 306593.4
vertex 394909.7 146729.4 306593.4
vertex 394909.7 145351.7 312234.4
endloop
endfacet
facet normal 0 0 0
outer loop
vertex 394909.7 145351.7 312234.4
vertex 389268.8 144050.5 312234.4
vertex 389268.8 144574.2 306593.4
endloop
endfacet
facet normal 0 0 0
outer loop
vertex 411129.7 193713.8 312234.4
vertex 406191.6 193713.8 309165.3
vertex 406191.6 197504.6 312234.4
endloop
endfacet
facet normal 0 0 0
outer loop
vertex 383627.8 204283.3 312234.4
vertex 377986.9 202650 306593.4
vertex 377986.9 204662.1 312234.4
endloop
endfacet
facet normal 0 0 0
outer loop
vertex 383627.8 201907.4 306593.4
vertex 377986.9 202650 306593.4
vertex 383627.8 204283.3 312234.4
endloop
endfacet
facet normal 0 0 0
outer loop
vertex 403155.7 199354.7 312234.4
vertex 400550.6 199354.7 310417.5
vertex 400550.6 200588.7 312234.4
endloop
endfacet
facet normal 0 0 0
outer loop
vertex 411832.5 159447.1 306593.4
vertex 417473.4 159868.1 311737.3
vertex 417473.4 159083.9 312234.4
endloop
endfacet
facet normal 0 0 0
outer loop
vertex 411832.5 154227.2 311265.3
vertex 411832.5 159447.1 306593.4
vertex 417473.4 159083.9 312234.4
endloop
endfacet
facet normal 0 0 0
outer loop
vertex 412879.3 154227.2 312234.4
vertex 411832.5 154227.2 311265.3
vertex 417473.4 159083.9 312234.4
endloop
endfacet
facet normal 0 0 0
outer loop
vertex 412067.5 159868.1 306593.4
vertex 417473.4 159868.1 311737.3
vertex 411832.5 159447.1 306593.4
endloop
endfacet
facet normal 0 0 0
outer loop
vertex 394909.7 145351.7 312234.4
vertex 400550.6 148586.2 308503.7
vertex 400550.6 147245 312234.4
endloop
endfacet
facet normal 0 0 0
outer loop
vertex 398801.8 148586.2 306593.4
vertex 400550.6 148586.2 308503.7
vertex 394909.7 145351.7 312234.4
endloop
endfacet
facet normal 0 0 0
outer loop
vertex 389268.8 203522.7 312234.4
vertex 383627.8 201907.4 306593.4
vertex 383627.8 204283.3 312234.4
endloop
endfacet
facet normal 0 0 0
outer loop
vertex 394909.7 146729.4 306593.4
vertex 398801.8 148586.2 306593.4
vertex 394909.7 145351.7 312234.4
endloop
endfacet
facet normal 0 0 0
outer loop
vertex 389268.8 200568 306593.4
vertex 383627.8 201907.4 306593.4
vertex 389268.8 203522.7 312234.4
endloop
endfacet
facet normal 0 0 0
outer loop
vertex 417473.4 159083.9 312234.4
vertex 417473.4 159868.1 311737.3
vertex 418083.4 159868.1 312234.4
endloop
endfacet
facet normal 0 0 0
outer loop
vertex 417473.4 176790.9 308009.7
vertex 417473.4 171150 307484.6
vertex 416206.8 171150 306593.4
endloop
endfacet
facet normal 0 0 0
outer loop
vertex 416206.8 171150 306593.4
vertex 415137.2 176790.9 306593.4
vertex 417473.4 176790.9 308009.7
endloop
endfacet
facet normal 0 0 0
outer loop
vertex 400550.6 147245 312234.4
vertex 400550.6 148586.2 308503.7
vertex 404005.5 148586.2 312234.4
endloop
endfacet
facet normal 0 0 0
outer loop
vertex 393488.1 199354.7 306593.4
vertex 394909.7 199354.7 307089
vertex 394909.7 199016.6 306593.4
endloop
endfacet
facet normal 0 0 0
outer loop
vertex 414725.2 165509.1 306593.4
vertex 417473.4 159868.1 311737.3
vertex 412067.5 159868.1 306593.4
endloop
endfacet
facet normal 0 0 0
outer loop
vertex 417473.4 165509.1 308810.9
vertex 417473.4 159868.1 311737.3
vertex 414725.2 165509.1 306593.4
endloop
endfacet
facet normal 0 0 0
outer loop
vertex 423114.4 171150 311760.5
vertex 417473.4 171150 307484.6
vertex 417473.4 176790.9 308009.7
endloop
endfacet
facet normal 0 0 0
outer loop
vertex 417473.4 176790.9 308009.7
vertex 423114.4 176790.9 311666.4
vertex 423114.4 171150 311760.5
endloop
endfacet
facet normal 0 0 0
outer loop
vertex 400550.6 149528.3 306593.4
vertex 400550.6 148586.2 308503.7
vertex 398801.8 148586.2 306593.4
endloop
endfacet
facet normal 0 0 0
outer loop
vertex 418083.4 159868.1 312234.4
vertex 417473.4 165509.1 308810.9
vertex 421541.7 165509.1 312234.4
endloop
endfacet
facet normal 0 0 0
outer loop
vertex 417473.4 159868.1 311737.3
vertex 417473.4 165509.1 308810.9
vertex 418083.4 159868.1 312234.4
endloop
endfacet
facet normal 0 0 0
outer loop
vertex 417473.4 182431.9 309949.5
vertex 417473.4 176790.9 308009.7
vertex 415137.2 176790.9 306593.4
endloop
endfacet
facet normal 0 0 0
outer loop
vertex 415137.2 176790.9 306593.4
vertex 411853.8 182431.9 306593.4
vertex 417473.4 182431.9 309949.5
endloop
endfacet
facet normal 0 0 0
outer loop
vertex 416206.8 171150 306593.4
vertex 417473.4 165509.1 308810.9
vertex 414725.2 165509.1 306593.4
endloop
endfacet
facet normal 0 0 0
outer loop
vertex 417473.4 171150 307484.6
vertex 417473.4 165509.1 308810.9
vertex 416206.8 171150 306593.4
endloop
endfacet
facet normal 0 0 0
outer loop
vertex 423114.4 179448.3 312234.4
vertex 417473.4 182431.9 309949.5
vertex 421540.6 182431.9 312234.4
endloop
endfacet
facet normal 0 0 0
outer loop
vertex 417473.4 176790.9 308009.7
vertex 417473.4 182431.9 309949.5
vertex 423114.4 179448.3 312234.4
endloop
endfacet
facet normal 0 0 0
outer loop
vertex 423114.4 176790.9 311666.4
vertex 417473.4 176790.9 308009.7
vertex 423114.4 179448.3 312234.4
endloop
endfacet
facet normal 0 0 0
outer loop
vertex 417473.4 171150 307484.6
vertex 423114.4 171150 311760.5
vertex 423114.4 169285.2 312234.4
endloop
endfacet
facet normal 0 0 0
outer loop
vertex 417473.4 165509.1 308810.9
vertex 417473.4 171150 307484.6
vertex 423114.4 169285.2 312234.4
endloop
endfacet
facet normal 0 0 0
outer loop
vertex 421541.7 165509.1 312234.4
vertex 417473.4 165509.1 308810.9
vertex 423114.4 169285.2 312234.4
endloop
endfacet
facet normal 0 0 0
outer loop
vertex 423711 171150 312234.4
vertex 423114.4 176790.9 311666.4
vertex 423944.8 176790.9 312234.4
endloop
endfacet
facet normal 0 0 0
outer loop
vertex 423114.4 171150 311760.5
vertex 423114.4 176790.9 311666.4
vertex 423711 171150 312234.4
endloop
endfacet
facet normal 0 0 0
outer loop
vertex 423114.4 169285.2 312234.4
vertex 423114.4 171150 311760.5
vertex 423711 171150 312234.4
endloop
endfacet
facet normal 0 0 0
outer loop
vertex 423944.8 176790.9 312234.4
vertex 423114.4 176790.9 311666.4
vertex 423114.4 179448.3 312234.4
endloop
endfacet
facet normal 0 0 0
outer loop
vertex 417473.4 187592.2 312234.4
vertex 411832.5 188072.8 309198.8
vertex 417003.9 188072.8 312234.4
endloop
endfacet
facet normal 0 0 0
outer loop
vertex 417473.4 182431.9 309949.5
vertex 411832.5 188072.8 309198.8
vertex 417473.4 187592.2 312234.4
endloop
endfacet
facet normal 0 0 0
outer loop
vertex 411832.5 182469.2 306593.4
vertex 411832.5 188072.8 309198.8
vertex 417473.4 182431.9 309949.5
endloop
endfacet
facet normal 0 0 0
outer loop
vertex 411853.8 182431.9 306593.4
vertex 411832.5 182469.2 306593.4
vertex 417473.4 182431.9 309949.5
endloop
endfacet
facet normal 0 0 0
outer loop
vertex 421540.6 182431.9 312234.4
vertex 417473.4 182431.9 309949.5
vertex 417473.4 187592.2 312234.4
endloop
endfacet
facet normal 0 0 0
outer loop
vertex 417003.9 188072.8 312234.4
vertex 411832.5 188072.8 309198.8
vertex 411832.5 193135.8 312234.4
endloop
endfacet
facet normal 0 0 0
outer loop
vertex 310295.6 144953.8 300952.5
vertex 310295.6 148586.2 303113.3
vertex 306688.4 148586.2 300952.5
endloop
endfacet
facet normal 0 0 0
outer loop
vertex 321577.5 148586.2 309858.6
vertex 310295.6 148586.2 303113.3
vertex 310295.6 144953.8 300952.5
endloop
endfacet
facet normal 0 0 0
outer loop
vertex 310295.6 144953.8 300952.5
vertex 321577.5 139207.2 300952.5
vertex 321577.5 148586.2 309858.6
endloop
endfacet
facet normal 0 0 0
outer loop
vertex 306688.4 148586.2 300952.5
vertex 310295.6 159868.1 306328.5
vertex 302929 159868.1 300952.5
endloop
endfacet
facet normal 0 0 0
outer loop
vertex 310295.6 148586.2 303113.3
vertex 310295.6 159868.1 306328.5
vertex 306688.4 148586.2 300952.5
endloop
endfacet
facet normal 0 0 0
outer loop
vertex 307287.9 171150 300952.5
vertex 310295.6 171150 303360.6
vertex 310295.6 174525 300952.5
endloop
endfacet
facet normal 0 0 0
outer loop
vertex 310295.6 148586.2 303113.3
vertex 321577.5 148586.2 309858.6
vertex 321577.5 152707.9 312234.4
endloop
endfacet
facet normal 0 0 0
outer loop
vertex 310295.6 159868.1 306328.5
vertex 310295.6 148586.2 303113.3
vertex 321577.5 152707.9 312234.4
endloop
endfacet
facet normal 0 0 0
outer loop
vertex 318645.1 159868.1 312234.4
vertex 310295.6 159868.1 306328.5
vertex 321577.5 152707.9 312234.4
endloop
endfacet
facet normal 0 0 0
outer loop
vertex 310295.6 159868.1 306328.5
vertex 310295.6 171150 303360.6
vertex 307287.9 171150 300952.5
endloop
endfacet
facet normal 0 0 0
outer loop
vertex 307287.9 171150 300952.5
vertex 302929 159868.1 300952.5
vertex 310295.6 159868.1 306328.5
endloop
endfacet
facet normal 0 0 0
outer loop
vertex 321577.5 173921.2 312234.4
vertex 310295.6 171150 303360.6
vertex 320346.7 171150 312234.4
endloop
endfacet
facet normal 0 0 0
outer loop
vertex 310295.6 174525 300952.5
vertex 310295.6 171150 303360.6
vertex 321577.5 173921.2 312234.4
endloop
endfacet
facet normal 0 0 0
outer loop
vertex 321577.5 182431.9 305598.2
vertex 310295.6 174525 300952.5
vertex 321577.5 173921.2 312234.4
endloop
endfacet
facet normal 0 0 0
outer loop
vertex 317902.4 182431.9 300952.5
vertex 310295.6 174525 300952.5
vertex 321577.5 182431.9 305598.2
endloop
endfacet
facet normal 0 0 0
outer loop
vertex 320346.7 171150 312234.4
vertex 310295.6 159868.1 306328.5
vertex 318645.1 159868.1 312234.4
endloop
endfacet
facet normal 0 0 0
outer loop
vertex 310295.6 171150 303360.6
vertex 310295.6 159868.1 306328.5
vertex 320346.7 171150 312234.4
endloop
endfacet
facet normal 0 0 0
outer loop
vertex 317902.4 182431.9 300952.5
vertex 321577.5 182431.9 305598.2
vertex 321577.5 185693.1 300952.5
endloop
endfacet
facet normal 0 0 0
outer loop
vertex 332859.4 136633.3 300952.5
vertex 332859.4 137304.4 302469.2
vertex 328456.9 137304.4 300952.5
endloop
endfacet
facet normal 0 0 0
outer loop
vertex 327330.6 182431.9 312234.4
vertex 321577.5 182431.9 305598.2
vertex 321577.5 173921.2 312234.4
endloop
endfacet
facet normal 0 0 0
outer loop
vertex 344141.2 136593 300952.5
vertex 332859.4 137304.4 302469.2
vertex 332859.4 136633.3 300952.5
endloop
endfacet
facet normal 0 0 0
outer loop
vertex 344141.2 137304.4 303765
vertex 332859.4 137304.4 302469.2
vertex 344141.2 136593 300952.5
endloop
endfacet
facet normal 0 0 0
outer loop
vertex 332859.4 187941.8 312234.4
vertex 321577.5 182431.9 305598.2
vertex 327330.6 182431.9 312234.4
endloop
endfacet
facet normal 0 0 0
outer loop
vertex 321577.5 185693.1 300952.5
vertex 321577.5 182431.9 305598.2
vertex 332859.4 187941.8 312234.4
endloop
endfacet
facet normal 0 0 0
outer loop
vertex 332859.4 193123.8 300952.5
vertex 321577.5 185693.1 300952.5
vertex 332859.4 187941.8 312234.4
endloop
endfacet
facet normal 0 0 0
outer loop
vertex 328456.9 137304.4 300952.5
vertex 332859.4 137304.4 302469.2
vertex 332859.4 144162.2 312234.4
endloop
endfacet
facet normal 0 0 0
outer loop
vertex 325765.5 148586.2 312234.4
vertex 328456.9 137304.4 300952.5
vertex 332859.4 144162.2 312234.4
endloop
endfacet
facet normal 0 0 0
outer loop
vertex 321577.5 139207.2 300952.5
vertex 328456.9 137304.4 300952.5
vertex 325765.5 148586.2 312234.4
endloop
endfacet
facet normal 0 0 0
outer loop
vertex 321577.5 148586.2 309858.6
vertex 321577.5 139207.2 300952.5
vertex 325765.5 148586.2 312234.4
endloop
endfacet
facet normal 0 0 0
outer loop
vertex 333910.9 193713.8 300952.5
vertex 332859.4 193123.8 300952.5
vertex 332859.4 187941.8 312234.4
endloop
endfacet
facet normal 0 0 0
outer loop
vertex 332859.4 187941.8 312234.4
vertex 340376.7 193713.8 312234.4
vertex 333910.9 193713.8 300952.5
endloop
endfacet
facet normal 0 0 0
outer loop
vertex 332859.4 137304.4 302469.2
vertex 344141.2 137304.4 303765
vertex 344141.2 140739.1 312234.4
endloop
endfacet
facet normal 0 0 0
outer loop
vertex 344141.2 140739.1 312234.4
vertex 332859.4 144162.2 312234.4
vertex 332859.4 137304.4 302469.2
endloop
endfacet
facet normal 0 0 0
outer loop
vertex 350418.9 137304.4 300952.5
vertex 344141.2 137304.4 303765
vertex 344141.2 136593 300952.5
endloop
endfacet
facet normal 0 0 0
outer loop
vertex 344141.2 197837.8 300952.5
vertex 333910.9 193713.8 300952.5
vertex 340376.7 193713.8 312234.4
endloop
endfacet
facet normal 0 0 0
outer loop
vertex 340376.7 193713.8 312234.4
vertex 344141.2 195986.5 312234.4
vertex 344141.2 197837.8 300952.5
endloop
endfacet
facet normal 0 0 0
outer loop
vertex 355423.1 200951.2 312234.4
vertex 344141.2 197837.8 300952.5
vertex 344141.2 195986.5 312234.4
endloop
endfacet
facet normal 0 0 0
outer loop
vertex 355423.1 200373.8 300952.5
vertex 344141.2 197837.8 300952.5
vertex 355423.1 200951.2 312234.4
endloop
endfacet
facet normal 0 0 0
outer loop
vertex 350418.9 137304.4 300952.5
vertex 355423.1 138001.7 300952.5
vertex 355423.1 140154.9 312234.4
endloop
endfacet
facet normal 0 0 0
outer loop
vertex 344141.2 137304.4 303765
vertex 350418.9 137304.4 300952.5
vertex 355423.1 140154.9 312234.4
endloop
endfacet
facet normal 0 0 0
outer loop
vertex 344141.2 140739.1 312234.4
vertex 344141.2 137304.4 303765
vertex 355423.1 140154.9 312234.4
endloop
endfacet
facet normal 0 0 0
outer loop
vertex 355423.1 200951.2 312234.4
vertex 362192.2 201843 306593.4
vertex 355423.1 200373.8 300952.5
endloop
endfacet
facet normal 0 0 0
outer loop
vertex 355423.1 200373.8 300952.5
vertex 362192.2 201843 306593.4
vertex 366705 201204.7 300952.5
endloop
endfacet
facet normal 0 0 0
outer loop
vertex 366705 201204.7 300952.5
vertex 362192.2 201843 306593.4
vertex 366705 202868.5 306593.4
endloop
endfacet
facet normal 0 0 0
outer loop
vertex 366705 202868.5 306593.4
vertex 362192.2 201843 306593.4
vertex 366705 203816.3 312234.4
endloop
endfacet
facet normal 0 0 0
outer loop
vertex 366705 203816.3 312234.4
vertex 362192.2 201843 306593.4
vertex 355423.1 200951.2 312234.4
endloop
endfacet
facet normal 0 0 0
outer loop
vertex 366705 140672.1 312234.4
vertex 362192.2 139644.4 306593.4
vertex 366705 139808.7 306593.4
endloop
endfacet
facet normal 0 0 0
outer loop
vertex 366705 139808.7 306593.4
vertex 362192.2 139644.4 306593.4
vertex 366705 139584.7 300952.5
endloop
endfacet
facet normal 0 0 0
outer loop
vertex 366705 139584.7 300952.5
vertex 362192.2 139644.4 306593.4
vertex 355423.1 138001.7 300952.5
endloop
endfacet
facet normal 0 0 0
outer loop
vertex 355423.1 138001.7 300952.5
vertex 362192.2 139644.4 306593.4
vertex 355423.1 140154.9 312234.4
endloop
endfacet
facet normal 0 0 0
outer loop
vertex 355423.1 140154.9 312234.4
vertex 362192.2 139644.4 306593.4
vertex 366705 140672.1 312234.4
endloop
endfacet
facet normal 0 0 0
outer loop
vertex 321577.5 152707.9 312234.4
vertex 321577.5 148586.2 309858.6
vertex 325765.5 148586.2 312234.4
endloop
endfacet
facet normal 0 0 0
outer loop
vertex 366705 142077.7 317875.3
vertex 372345.9 141545.3 312234.4
vertex 372345.9 142445.1 317875.3
endloop
endfacet
facet normal 0 0 0
outer loop
vertex 366705 140672.1 312234.4
vertex 372345.9 141545.3 312234.4
vertex 366705 142077.7 317875.3
endloop
endfacet
facet normal 0 0 0
outer loop
vertex 370234.9 204995.6 317875.3
vertex 366705 203816.3 312234.4
vertex 366705 204122.4 317875.3
endloop
endfacet
facet normal 0 0 0
outer loop
vertex 411832.5 149926.8 317875.3
vertex 417473.4 154227.2 316504.7
vertex 417473.4 153203.5 317875.3
endloop
endfacet
facet normal 0 0 0
outer loop
vertex 372345.9 204995.6 314934.2
vertex 366705 203816.3 312234.4
vertex 370234.9 204995.6 317875.3
endloop
endfacet
facet normal 0 0 0
outer loop
vertex 412879.3 154227.2 312234.4
vertex 417473.4 154227.2 316504.7
vertex 411832.5 149926.8 317875.3
endloop
endfacet
facet normal 0 0 0
outer loop
vertex 372345.9 204484 312234.4
vertex 366705 203816.3 312234.4
vertex 372345.9 204995.6 314934.2
endloop
endfacet
facet normal 0 0 0
outer loop
vertex 411832.5 153328.6 312234.4
vertex 412879.3 154227.2 312234.4
vertex 411832.5 149926.8 317875.3
endloop
endfacet
facet normal 0 0 0
outer loop
vertex 417473.4 193713.8 315693.8
vertex 411832.5 199354.7 316763.3
vertex 414522.7 199354.7 317875.3
endloop
endfacet
facet normal 0 0 0
outer loop
vertex 417473.4 197215.1 317875.3
vertex 417473.4 193713.8 315693.8
vertex 414522.7 199354.7 317875.3
endloop
endfacet
facet normal 0 0 0
outer loop
vertex 411832.5 193713.8 312584.6
vertex 411832.5 199354.7 316763.3
vertex 417473.4 193713.8 315693.8
endloop
endfacet
facet normal 0 0 0
outer loop
vertex 417473.4 153203.5 317875.3
vertex 417473.4 154227.2 316504.7
vertex 418961.4 154227.2 317875.3
endloop
endfacet
facet normal 0 0 0
outer loop
vertex 372345.9 141545.3 312234.4
vertex 377986.9 142945.3 314508.2
vertex 375955.9 142945.3 317875.3
endloop
endfacet
facet normal 0 0 0
outer loop
vertex 372345.9 204484 312234.4
vertex 377986.9 204995.6 313316.5
vertex 377986.9 204662.1 312234.4
endloop
endfacet
facet normal 0 0 0
outer loop
vertex 372345.9 142445.1 317875.3
vertex 372345.9 141545.3 312234.4
vertex 375955.9 142945.3 317875.3
endloop
endfacet
facet normal 0 0 0
outer loop
vertex 372345.9 204995.6 314934.2
vertex 377986.9 204995.6 313316.5
vertex 372345.9 204484 312234.4
endloop
endfacet
facet normal 0 0 0
outer loop
vertex 377986.9 142683.8 312234.4
vertex 377986.9 142945.3 314508.2
vertex 372345.9 141545.3 312234.4
endloop
endfacet
facet normal 0 0 0
outer loop
vertex 421039.8 193713.8 317875.3
vertex 417473.4 193713.8 315693.8
vertex 417473.4 197215.1 317875.3
endloop
endfacet
facet normal 0 0 0
outer loop
vertex 417473.4 159083.9 312234.4
vertex 417473.4 154227.2 316504.7
vertex 412879.3 154227.2 312234.4
endloop
endfacet
facet normal 0 0 0
outer loop
vertex 414522.7 199354.7 317875.3
vertex 411832.5 199354.7 316763.3
vertex 411832.5 200600.6 317875.3
endloop
endfacet
facet normal 0 0 0
outer loop
vertex 375955.9 142945.3 317875.3
vertex 377986.9 142945.3 314508.2
vertex 377986.9 143369.9 317875.3
endloop
endfacet
facet normal 0 0 0
outer loop
vertex 377986.9 204995.6 313316.5
vertex 383627.8 204995.6 314523.3
vertex 383627.8 204283.3 312234.4
endloop
endfacet
facet normal 0 0 0
outer loop
vertex 383627.8 204283.3 312234.4
vertex 377986.9 204662.1 312234.4
vertex 377986.9 204995.6 313316.5
endloop
endfacet
facet normal 0 0 0
outer loop
vertex 379434.1 142945.3 312234.4
vertex 377986.9 142945.3 314508.2
vertex 377986.9 142683.8 312234.4
endloop
endfacet
facet normal 0 0 0
outer loop
vertex 383627.8 204995.6 314523.3
vertex 389268.8 204995.6 315887.5
vertex 389268.8 203522.7 312234.4
endloop
endfacet
facet normal 0 0 0
outer loop
vertex 389268.8 203522.7 312234.4
vertex 383627.8 204283.3 312234.4
vertex 383627.8 204995.6 314523.3
endloop
endfacet
facet normal 0 0 0
outer loop
vertex 417473.4 159083.9 312234.4
vertex 423114.4 159868.1 316666.6
vertex 423114.4 157894.5 317875.3
endloop
endfacet
facet normal 0 0 0
outer loop
vertex 417473.4 154227.2 316504.7
vertex 417473.4 159083.9 312234.4
vertex 423114.4 157894.5 317875.3
endloop
endfacet
facet normal 0 0 0
outer loop
vertex 418961.4 154227.2 317875.3
vertex 417473.4 154227.2 316504.7
vertex 423114.4 157894.5 317875.3
endloop
endfacet
facet normal 0 0 0
outer loop
vertex 418083.4 159868.1 312234.4
vertex 423114.4 159868.1 316666.6
vertex 417473.4 159083.9 312234.4
endloop
endfacet
facet normal 0 0 0
outer loop
vertex 372345.9 205450.3 317875.3
vertex 372345.9 204995.6 314934.2
vertex 370234.9 204995.6 317875.3
endloop
endfacet
facet normal 0 0 0
outer loop
vertex 423114.4 157894.5 317875.3
vertex 423114.4 159868.1 316666.6
vertex 424680.8 159868.1 317875.3
endloop
endfacet
facet normal 0 0 0
outer loop
vertex 379434.1 142945.3 312234.4
vertex 383627.8 143364.2 312234.4
vertex 383627.8 144016.8 317875.3
endloop
endfacet
facet normal 0 0 0
outer loop
vertex 377986.9 142945.3 314508.2
vertex 379434.1 142945.3 312234.4
vertex 383627.8 144016.8 317875.3
endloop
endfacet
facet normal 0 0 0
outer loop
vertex 377986.9 143369.9 317875.3
vertex 377986.9 142945.3 314508.2
vertex 383627.8 144016.8 317875.3
endloop
endfacet
facet normal 0 0 0
outer loop
vertex 377986.9 205780.9 317875.3
vertex 372345.9 204995.6 314934.2
vertex 372345.9 205450.3 317875.3
endloop
endfacet
facet normal 0 0 0
outer loop
vertex 377986.9 204995.6 313316.5
vertex 372345.9 204995.6 314934.2
vertex 377986.9 205780.9 317875.3
endloop
endfacet
facet normal 0 0 0
outer loop
vertex 421541.7 165509.1 312234.4
vertex 423114.4 159868.1 316666.6
vertex 418083.4 159868.1 312234.4
endloop
endfacet
facet normal 0 0 0
outer loop
vertex 423114.4 165509.1 313647.8
vertex 423114.4 159868.1 316666.6
vertex 421541.7 165509.1 312234.4
endloop
endfacet
facet normal 0 0 0
outer loop
vertex 383627.8 144016.8 317875.3
vertex 389268.8 144050.5 312234.4
vertex 389268.8 144444.8 317875.3
endloop
endfacet
facet normal 0 0 0
outer loop
vertex 383627.8 143364.2 312234.4
vertex 389268.8 144050.5 312234.4
vertex 383627.8 144016.8 317875.3
endloop
endfacet
facet normal 0 0 0
outer loop
vertex 383627.8 204995.6 314523.3
vertex 377986.9 204995.6 313316.5
vertex 377986.9 205780.9 317875.3
endloop
endfacet
facet normal 0 0 0
outer loop
vertex 377986.9 205780.9 317875.3
vertex 383627.8 205567.8 317875.3
vertex 383627.8 204995.6 314523.3
endloop
endfacet
facet normal 0 0 0
outer loop
vertex 423114.4 169285.2 312234.4
vertex 423114.4 165509.1 313647.8
vertex 421541.7 165509.1 312234.4
endloop
endfacet
facet normal 0 0 0
outer loop
vertex 389268.8 144050.5 312234.4
vertex 394909.7 145351.7 312234.4
vertex 394909.7 144765.8 317875.3
endloop
endfacet
facet normal 0 0 0
outer loop
vertex 394909.7 144765.8 317875.3
vertex 389268.8 144444.8 317875.3
vertex 389268.8 144050.5 312234.4
endloop
endfacet
facet normal 0 0 0
outer loop
vertex 389268.8 204995.6 315887.5
vertex 383627.8 204995.6 314523.3
vertex 383627.8 205567.8 317875.3
endloop
endfacet
facet normal 0 0 0
outer loop
vertex 383627.8 205567.8 317875.3
vertex 389268.8 205640.5 317875.3
vertex 389268.8 204995.6 315887.5
endloop
endfacet
facet normal 0 0 0
outer loop
vertex 424680.8 159868.1 317875.3
vertex 423114.4 165509.1 313647.8
vertex 428093 165509.1 317875.3
endloop
endfacet
facet normal 0 0 0
outer loop
vertex 423114.4 159868.1 316666.6
vertex 423114.4 165509.1 313647.8
vertex 424680.8 159868.1 317875.3
endloop
endfacet
facet normal 0 0 0
outer loop
vertex 394909.7 145351.7 312234.4
vertex 400550.6 147245 312234.4
vertex 400550.6 145665.1 317875.3
endloop
endfacet
facet normal 0 0 0
outer loop
vertex 400550.6 145665.1 317875.3
vertex 394909.7 144765.8 317875.3
vertex 394909.7 145351.7 312234.4
endloop
endfacet
facet normal 0 0 0
outer loop
vertex 389268.8 204995.6 315887.5
vertex 394909.7 204995.6 316744
vertex 394909.7 202405.2 312234.4
endloop
endfacet
facet normal 0 0 0
outer loop
vertex 394909.7 202405.2 312234.4
vertex 389268.8 203522.7 312234.4
vertex 389268.8 204995.6 315887.5
endloop
endfacet
facet normal 0 0 0
outer loop
vertex 423711 171150 312234.4
vertex 428755.3 171150 316689.6
vertex 428755.3 166974.8 317875.3
endloop
endfacet
facet normal 0 0 0
outer loop
vertex 423114.4 169285.2 312234.4
vertex 423711 171150 312234.4
vertex 428755.3 166974.8 317875.3
endloop
endfacet
facet normal 0 0 0
outer loop
vertex 423114.4 165509.1 313647.8
vertex 423114.4 169285.2 312234.4
vertex 428755.3 166974.8 317875.3
endloop
endfacet
facet normal 0 0 0
outer loop
vertex 400550.6 145665.1 317875.3
vertex 406191.6 148586.2 314654.5
vertex 406191.6 147686 317875.3
endloop
endfacet
facet normal 0 0 0
outer loop
vertex 428093 165509.1 317875.3
vertex 423114.4 165509.1 313647.8
vertex 428755.3 166974.8 317875.3
endloop
endfacet
facet normal 0 0 0
outer loop
vertex 404005.5 148586.2 312234.4
vertex 406191.6 148586.2 314654.5
vertex 400550.6 145665.1 317875.3
endloop
endfacet
facet normal 0 0 0
outer loop
vertex 400550.6 147245 312234.4
vertex 404005.5 148586.2 312234.4
vertex 400550.6 145665.1 317875.3
endloop
endfacet
facet normal 0 0 0
outer loop
vertex 394909.7 202405.2 312234.4
vertex 394909.7 204995.6 316744
vertex 399499.4 204995.6 317875.3
endloop
endfacet
facet normal 0 0 0
outer loop
vertex 400550.6 200588.7 312234.4
vertex 394909.7 202405.2 312234.4
vertex 399499.4 204995.6 317875.3
endloop
endfacet
facet normal 0 0 0
outer loop
vertex 428755.3 166974.8 317875.3
vertex 428755.3 171150 316689.6
vertex 430127.6 171150 317875.3
endloop
endfacet
facet normal 0 0 0
outer loop
vertex 406191.6 147686 317875.3
vertex 406191.6 148586.2 314654.5
vertex 408631 148586.2 317875.3
endloop
endfacet
facet normal 0 0 0
outer loop
vertex 400550.6 204798.2 317875.3
vertex 400550.6 200588.7 312234.4
vertex 399499.4 204995.6 317875.3
endloop
endfacet
facet normal 0 0 0
outer loop
vertex 403155.7 199354.7 312234.4
vertex 406191.6 199354.7 313966.3
vertex 406191.6 197504.6 312234.4
endloop
endfacet
facet normal 0 0 0
outer loop
vertex 406191.6 149581.7 312234.4
vertex 406191.6 148586.2 314654.5
vertex 404005.5 148586.2 312234.4
endloop
endfacet
facet normal 0 0 0
outer loop
vertex 411129.7 193713.8 312234.4
vertex 411832.5 193713.8 312584.6
vertex 411832.5 193135.8 312234.4
endloop
endfacet
facet normal 0 0 0
outer loop
vertex 411832.5 199354.7 316763.3
vertex 411832.5 193713.8 312584.6
vertex 411129.7 193713.8 312234.4
endloop
endfacet
facet normal 0 0 0
outer loop
vertex 406191.6 197504.6 312234.4
vertex 411832.5 199354.7 316763.3
vertex 411129.7 193713.8 312234.4
endloop
endfacet
facet normal 0 0 0
outer loop
vertex 406191.6 199354.7 313966.3
vertex 411832.5 199354.7 316763.3
vertex 406191.6 197504.6 312234.4
endloop
endfacet
facet normal 0 0 0
outer loop
vertex 406191.6 148586.2 314654.5
vertex 411832.5 153328.6 312234.4
vertex 411832.5 149926.8 317875.3
endloop
endfacet
facet normal 0 0 0
outer loop
vertex 408631 148586.2 317875.3
vertex 406191.6 148586.2 314654.5
vertex 411832.5 149926.8 317875.3
endloop
endfacet
facet normal 0 0 0
outer loop
vertex 406191.6 149581.7 312234.4
vertex 411832.5 153328.6 312234.4
vertex 406191.6 148586.2 314654.5
endloop
endfacet
facet normal 0 0 0
outer loop
vertex 406191.6 203050.4 317875.3
vertex 400550.6 200588.7 312234.4
vertex 400550.6 204798.2 317875.3
endloop
endfacet
facet normal 0 0 0
outer loop
vertex 403155.7 199354.7 312234.4
vertex 400550.6 200588.7 312234.4
vertex 406191.6 203050.4 317875.3
endloop
endfacet
facet normal 0 0 0
outer loop
vertex 406191.6 199354.7 313966.3
vertex 403155.7 199354.7 312234.4
vertex 406191.6 203050.4 317875.3
endloop
endfacet
facet normal 0 0 0
outer loop
vertex 411832.5 199354.7 316763.3
vertex 406191.6 199354.7 313966.3
vertex 406191.6 203050.4 317875.3
endloop
endfacet
facet normal 0 0 0
outer loop
vertex 406191.6 203050.4 317875.3
vertex 411832.5 200600.6 317875.3
vertex 411832.5 199354.7 316763.3
endloop
endfacet
facet normal 0 0 0
outer loop
vertex 394909.7 204995.6 316744
vertex 389268.8 204995.6 315887.5
vertex 389268.8 205640.5 317875.3
endloop
endfacet
facet normal 0 0 0
outer loop
vertex 389268.8 205640.5 317875.3
vertex 394909.7 205579.4 317875.3
vertex 394909.7 204995.6 316744
endloop
endfacet
facet normal 0 0 0
outer loop
vertex 399499.4 204995.6 317875.3
vertex 394909.7 204995.6 316744
vertex 394909.7 205579.4 317875.3
endloop
endfacet
facet normal 0 0 0
outer loop
vertex 421540.6 182431.9 312234.4
vertex 423114.4 182431.9 313180.6
vertex 423114.4 179448.3 312234.4
endloop
endfacet
facet normal 0 0 0
outer loop
vertex 428755.3 176790.9 316231
vertex 428755.3 171150 316689.6
vertex 423711 171150 312234.4
endloop
endfacet
facet normal 0 0 0
outer loop
vertex 423711 171150 312234.4
vertex 423944.8 176790.9 312234.4
vertex 428755.3 176790.9 316231
endloop
endfacet
facet normal 0 0 0
outer loop
vertex 430127.6 171150 317875.3
vertex 428755.3 176790.9 316231
vertex 431057.7 176790.9 317875.3
endloop
endfacet
facet normal 0 0 0
outer loop
vertex 428755.3 171150 316689.6
vertex 428755.3 176790.9 316231
vertex 430127.6 171150 317875.3
endloop
endfacet
facet normal 0 0 0
outer loop
vertex 423114.4 179448.3 312234.4
vertex 428755.3 176790.9 316231
vertex 423944.8 176790.9 312234.4
endloop
endfacet
facet normal 0 0 0
outer loop
vertex 428755.3 182431.9 317000.3
vertex 428755.3 176790.9 316231
vertex 423114.4 179448.3 312234.4
endloop
endfacet
facet normal 0 0 0
outer loop
vertex 423114.4 182431.9 313180.6
vertex 428755.3 182431.9 317000.3
vertex 423114.4 179448.3 312234.4
endloop
endfacet
facet normal 0 0 0
outer loop
vertex 428755.3 176790.9 316231
vertex 428755.3 182431.9 317000.3
vertex 430128.8 182431.9 317875.3
endloop
endfacet
facet normal 0 0 0
outer loop
vertex 430128.8 182431.9 317875.3
vertex 431057.7 176790.9 317875.3
vertex 428755.3 176790.9 316231
endloop
endfacet
facet normal 0 0 0
outer loop
vertex 417003.9 188072.8 312234.4
vertex 417473.4 188072.8 312490
vertex 417473.4 187592.2 312234.4
endloop
endfacet
facet normal 0 0 0
outer loop
vertex 423114.4 188072.8 315835.8
vertex 423114.4 182431.9 313180.6
vertex 421540.6 182431.9 312234.4
endloop
endfacet
facet normal 0 0 0
outer loop
vertex 417473.4 187592.2 312234.4
vertex 423114.4 188072.8 315835.8
vertex 421540.6 182431.9 312234.4
endloop
endfacet
facet normal 0 0 0
outer loop
vertex 417473.4 188072.8 312490
vertex 423114.4 188072.8 315835.8
vertex 417473.4 187592.2 312234.4
endloop
endfacet
facet normal 0 0 0
outer loop
vertex 417473.4 193713.8 315693.8
vertex 417473.4 188072.8 312490
vertex 417003.9 188072.8 312234.4
endloop
endfacet
facet normal 0 0 0
outer loop
vertex 411832.5 193135.8 312234.4
vertex 417473.4 193713.8 315693.8
vertex 417003.9 188072.8 312234.4
endloop
endfacet
facet normal 0 0 0
outer loop
vertex 411832.5 193713.8 312584.6
vertex 417473.4 193713.8 315693.8
vertex 411832.5 193135.8 312234.4
endloop
endfacet
facet normal 0 0 0
outer loop
vertex 423114.4 188072.8 315835.8
vertex 417473.4 193713.8 315693.8
vertex 421039.8 193713.8 317875.3
endloop
endfacet
facet normal 0 0 0
outer loop
vertex 423114.4 191602.5 317875.3
vertex 423114.4 188072.8 315835.8
vertex 421039.8 193713.8 317875.3
endloop
endfacet
facet normal 0 0 0
outer loop
vertex 417473.4 188072.8 312490
vertex 417473.4 193713.8 315693.8
vertex 423114.4 188072.8 315835.8
endloop
endfacet
facet normal 0 0 0
outer loop
vertex 428755.3 185225.2 317875.3
vertex 423114.4 188072.8 315835.8
vertex 426585.2 188072.8 317875.3
endloop
endfacet
facet normal 0 0 0
outer loop
vertex 423114.4 182431.9 313180.6
vertex 423114.4 188072.8 315835.8
vertex 428755.3 185225.2 317875.3
endloop
endfacet
facet normal 0 0 0
outer loop
vertex 428755.3 182431.9 317000.3
vertex 423114.4 182431.9 313180.6
vertex 428755.3 185225.2 317875.3
endloop
endfacet
facet normal 0 0 0
outer loop
vertex 430128.8 182431.9 317875.3
vertex 428755.3 182431.9 317000.3
vertex 428755.3 185225.2 317875.3
endloop
endfacet
facet normal 0 0 0
outer loop
vertex 426585.2 188072.8 317875.3
vertex 423114.4 188072.8 315835.8
vertex 423114.4 191602.5 317875.3
endloop
endfacet
facet normal 0 0 0
outer loop
vertex 370234.9 204995.6 317875.3
vertex 366705 204122.4 317875.3
vertex 366705 203680.6 323516.2
endloop
endfacet
facet normal 0 0 0
outer loop
vertex 366705 203680.6 323516.2
vertex 370453.2 204995.6 323516.2
vertex 370234.9 204995.6 317875.3
endloop
endfacet
facet normal 0 0 0
outer loop
vertex 372345.9 142945.3 320207.2
vertex 366705 142945.3 320769.5
vertex 366705 142077.7 317875.3
endloop
endfacet
facet normal 0 0 0
outer loop
vertex 366705 142077.7 317875.3
vertex 372345.9 142445.1 317875.3
vertex 372345.9 142945.3 320207.2
endloop
endfacet
facet normal 0 0 0
outer loop
vertex 434396.2 176790.9 319580.9
vertex 440037.2 176790.9 322675.3
vertex 440037.2 173432.1 323516.2
endloop
endfacet
facet normal 0 0 0
outer loop
vertex 411832.5 149926.8 317875.3
vertex 417473.4 153203.5 317875.3
vertex 417473.4 150137.9 323516.2
endloop
endfacet
facet normal 0 0 0
outer loop
vertex 434396.2 171150 320646.5
vertex 434396.2 176790.9 319580.9
vertex 440037.2 173432.1 323516.2
endloop
endfacet
facet normal 0 0 0
outer loop
vertex 411832.5 148586.2 322012.7
vertex 411832.5 149926.8 317875.3
vertex 417473.4 150137.9 323516.2
endloop
endfacet
facet normal 0 0 0
outer loop
vertex 438939.8 171150 323516.2
vertex 434396.2 171150 320646.5
vertex 440037.2 173432.1 323516.2
endloop
endfacet
facet normal 0 0 0
outer loop
vertex 413179.7 148586.2 323516.2
vertex 411832.5 148586.2 322012.7
vertex 417473.4 150137.9 323516.2
endloop
endfacet
facet normal 0 0 0
outer loop
vertex 375955.9 142945.3 317875.3
vertex 372345.9 142945.3 320207.2
vertex 372345.9 142445.1 317875.3
endloop
endfacet
facet normal 0 0 0
outer loop
vertex 372345.9 205450.3 317875.3
vertex 370234.9 204995.6 317875.3
vertex 370453.2 204995.6 323516.2
endloop
endfacet
facet normal 0 0 0
outer loop
vertex 370453.2 204995.6 323516.2
vertex 372345.9 205578.3 323516.2
vertex 372345.9 205450.3 317875.3
endloop
endfacet
facet normal 0 0 0
outer loop
vertex 440037.2 173432.1 323516.2
vertex 440037.2 176790.9 322675.3
vertex 440855.9 176790.9 323516.2
endloop
endfacet
facet normal 0 0 0
outer loop
vertex 366705 142945.3 320769.5
vertex 372345.9 142945.3 320207.2
vertex 372345.9 143785.4 323516.2
endloop
endfacet
facet normal 0 0 0
outer loop
vertex 372345.9 143785.4 323516.2
vertex 366705 143910.9 323516.2
vertex 366705 142945.3 320769.5
endloop
endfacet
facet normal 0 0 0
outer loop
vertex 377986.9 205780.9 317875.3
vertex 372345.9 205450.3 317875.3
vertex 372345.9 205578.3 323516.2
endloop
endfacet
facet normal 0 0 0
outer loop
vertex 372345.9 205578.3 323516.2
vertex 377986.9 206206.2 323516.2
vertex 377986.9 205780.9 317875.3
endloop
endfacet
facet normal 0 0 0
outer loop
vertex 417473.4 150137.9 323516.2
vertex 423114.4 154227.2 321507.7
vertex 423114.4 152923.2 323516.2
endloop
endfacet
facet normal 0 0 0
outer loop
vertex 418961.4 154227.2 317875.3
vertex 423114.4 154227.2 321507.7
vertex 417473.4 150137.9 323516.2
endloop
endfacet
facet normal 0 0 0
outer loop
vertex 417473.4 153203.5 317875.3
vertex 418961.4 154227.2 317875.3
vertex 417473.4 150137.9 323516.2
endloop
endfacet
facet normal 0 0 0
outer loop
vertex 440037.2 182119.9 323516.2
vertex 434396.2 182431.9 320214.7
vertex 439885.2 182431.9 323516.2
endloop
endfacet
facet normal 0 0 0
outer loop
vertex 383627.8 206414.6 323516.2
vertex 377986.9 205780.9 317875.3
vertex 377986.9 206206.2 323516.2
endloop
endfacet
facet normal 0 0 0
outer loop
vertex 440037.2 176790.9 322675.3
vertex 434396.2 182431.9 320214.7
vertex 440037.2 182119.9 323516.2
endloop
endfacet
facet normal 0 0 0
outer loop
vertex 423114.4 157894.5 317875.3
vertex 423114.4 154227.2 321507.7
vertex 418961.4 154227.2 317875.3
endloop
endfacet
facet normal 0 0 0
outer loop
vertex 383627.8 205567.8 317875.3
vertex 377986.9 205780.9 317875.3
vertex 383627.8 206414.6 323516.2
endloop
endfacet
facet normal 0 0 0
outer loop
vertex 434396.2 176790.9 319580.9
vertex 434396.2 182431.9 320214.7
vertex 440037.2 176790.9 322675.3
endloop
endfacet
facet normal 0 0 0
outer loop
vertex 375955.9 142945.3 317875.3
vertex 377986.9 143369.9 317875.3
vertex 377986.9 144190.7 323516.2
endloop
endfacet
facet normal 0 0 0
outer loop
vertex 372345.9 142945.3 320207.2
vertex 375955.9 142945.3 317875.3
vertex 377986.9 144190.7 323516.2
endloop
endfacet
facet normal 0 0 0
outer loop
vertex 372345.9 143785.4 323516.2
vertex 372345.9 142945.3 320207.2
vertex 377986.9 144190.7 323516.2
endloop
endfacet
facet normal 0 0 0
outer loop
vertex 423114.4 152923.2 323516.2
vertex 423114.4 154227.2 321507.7
vertex 425337.8 154227.2 323516.2
endloop
endfacet
facet normal 0 0 0
outer loop
vertex 389268.8 205640.5 317875.3
vertex 383627.8 205567.8 317875.3
vertex 383627.8 206414.6 323516.2
endloop
endfacet
facet normal 0 0 0
outer loop
vertex 440855.9 176790.9 323516.2
vertex 440037.2 176790.9 322675.3
vertex 440037.2 182119.9 323516.2
endloop
endfacet
facet normal 0 0 0
outer loop
vertex 383627.8 206414.6 323516.2
vertex 389268.8 207274.8 323516.2
vertex 389268.8 205640.5 317875.3
endloop
endfacet
facet normal 0 0 0
outer loop
vertex 377986.9 144190.7 323516.2
vertex 383627.8 144016.8 317875.3
vertex 383627.8 144717.7 323516.2
endloop
endfacet
facet normal 0 0 0
outer loop
vertex 377986.9 143369.9 317875.3
vertex 383627.8 144016.8 317875.3
vertex 377986.9 144190.7 323516.2
endloop
endfacet
facet normal 0 0 0
outer loop
vertex 399499.4 204995.6 317875.3
vertex 400550.6 204995.6 318157.4
vertex 400550.6 204798.2 317875.3
endloop
endfacet
facet normal 0 0 0
outer loop
vertex 434396.2 182431.9 320214.7
vertex 434396.2 188072.8 322374.2
vertex 436220.1 188072.8 323516.2
endloop
endfacet
facet normal 0 0 0
outer loop
vertex 436220.1 188072.8 323516.2
vertex 439885.2 182431.9 323516.2
vertex 434396.2 182431.9 320214.7
endloop
endfacet
facet normal 0 0 0
outer loop
vertex 383627.8 144717.7 323516.2
vertex 389268.8 144444.8 317875.3
vertex 389268.8 145095 323516.2
endloop
endfacet
facet normal 0 0 0
outer loop
vertex 383627.8 144016.8 317875.3
vertex 389268.8 144444.8 317875.3
vertex 383627.8 144717.7 323516.2
endloop
endfacet
facet normal 0 0 0
outer loop
vertex 423114.4 157894.5 317875.3
vertex 428755.3 159868.1 321459.3
vertex 428755.3 156939.5 323516.2
endloop
endfacet
facet normal 0 0 0
outer loop
vertex 425337.8 154227.2 323516.2
vertex 423114.4 157894.5 317875.3
vertex 428755.3 156939.5 323516.2
endloop
endfacet
facet normal 0 0 0
outer loop
vertex 423114.4 154227.2 321507.7
vertex 423114.4 157894.5 317875.3
vertex 425337.8 154227.2 323516.2
endloop
endfacet
facet normal 0 0 0
outer loop
vertex 424680.8 159868.1 317875.3
vertex 428755.3 159868.1 321459.3
vertex 423114.4 157894.5 317875.3
endloop
endfacet
facet normal 0 0 0
outer loop
vertex 436220.1 188072.8 323516.2
vertex 434396.2 188072.8 322374.2
vertex 434396.2 190492.5 323516.2
endloop
endfacet
facet normal 0 0 0
outer loop
vertex 400550.6 204995.6 318157.4
vertex 406191.6 204995.6 319920.5
vertex 406191.6 203050.4 317875.3
endloop
endfacet
facet normal 0 0 0
outer loop
vertex 406191.6 203050.4 317875.3
vertex 400550.6 204798.2 317875.3
vertex 400550.6 204995.6 318157.4
endloop
endfacet
facet normal 0 0 0
outer loop
vertex 428755.3 156939.5 323516.2
vertex 428755.3 159868.1 321459.3
vertex 431366.8 159868.1 323516.2
endloop
endfacet
facet normal 0 0 0
outer loop
vertex 389268.8 145095 323516.2
vertex 394909.7 144765.8 317875.3
vertex 394909.7 144936.3 323516.2
endloop
endfacet
facet normal 0 0 0
outer loop
vertex 389268.8 144444.8 317875.3
vertex 394909.7 144765.8 317875.3
vertex 389268.8 145095 323516.2
endloop
endfacet
facet normal 0 0 0
outer loop
vertex 414522.7 199354.7 317875.3
vertex 417473.4 199354.7 319427.4
vertex 417473.4 197215.1 317875.3
endloop
endfacet
facet normal 0 0 0
outer loop
vertex 406191.6 203050.4 317875.3
vertex 411832.5 204995.6 322118.6
vertex 411832.5 200600.6 317875.3
endloop
endfacet
facet normal 0 0 0
outer loop
vertex 406191.6 204995.6 319920.5
vertex 411832.5 204995.6 322118.6
vertex 406191.6 203050.4 317875.3
endloop
endfacet
facet normal 0 0 0
outer loop
vertex 394909.7 144765.8 317875.3
vertex 400550.6 145665.1 317875.3
vertex 400550.6 145273.5 323516.2
endloop
endfacet
facet normal 0 0 0
outer loop
vertex 428093 165509.1 317875.3
vertex 428755.3 159868.1 321459.3
vertex 424680.8 159868.1 317875.3
endloop
endfacet
facet normal 0 0 0
outer loop
vertex 400550.6 145273.5 323516.2
vertex 394909.7 144936.3 323516.2
vertex 394909.7 144765.8 317875.3
endloop
endfacet
facet normal 0 0 0
outer loop
vertex 428755.3 165509.1 318483.9
vertex 428755.3 159868.1 321459.3
vertex 428093 165509.1 317875.3
endloop
endfacet
facet normal 0 0 0
outer loop
vertex 394909.7 205579.4 317875.3
vertex 389268.8 205640.5 317875.3
vertex 389268.8 207274.8 323516.2
endloop
endfacet
facet normal 0 0 0
outer loop
vertex 389268.8 207274.8 323516.2
vertex 394909.7 208251.8 323516.2
vertex 394909.7 205579.4 317875.3
endloop
endfacet
facet normal 0 0 0
outer loop
vertex 423114.4 199354.7 322937.4
vertex 423114.4 193713.8 319192.3
vertex 421039.8 193713.8 317875.3
endloop
endfacet
facet normal 0 0 0
outer loop
vertex 417473.4 197215.1 317875.3
vertex 423114.4 199354.7 322937.4
vertex 421039.8 193713.8 317875.3
endloop
endfacet
facet normal 0 0 0
outer loop
vertex 417473.4 199354.7 319427.4
vertex 423114.4 199354.7 322937.4
vertex 417473.4 197215.1 317875.3
endloop
endfacet
facet normal 0 0 0
outer loop
vertex 400550.6 145665.1 317875.3
vertex 406191.6 147686 317875.3
vertex 406191.6 146615.1 323516.2
endloop
endfacet
facet normal 0 0 0
outer loop
vertex 406191.6 146615.1 323516.2
vertex 400550.6 145273.5 323516.2
vertex 400550.6 145665.1 317875.3
endloop
endfacet
facet normal 0 0 0
outer loop
vertex 428755.3 165509.1 318483.9
vertex 434396.2 165509.1 322689.7
vertex 434396.2 163584.5 323516.2
endloop
endfacet
facet normal 0 0 0
outer loop
vertex 428755.3 159868.1 321459.3
vertex 428755.3 165509.1 318483.9
vertex 434396.2 163584.5 323516.2
endloop
endfacet
facet normal 0 0 0
outer loop
vertex 431366.8 159868.1 323516.2
vertex 428755.3 159868.1 321459.3
vertex 434396.2 163584.5 323516.2
endloop
endfacet
facet normal 0 0 0
outer loop
vertex 399499.4 204995.6 317875.3
vertex 394909.7 205579.4 317875.3
vertex 394909.7 208251.8 323516.2
endloop
endfacet
facet normal 0 0 0
outer loop
vertex 400550.6 208533.1 323516.2
vertex 399499.4 204995.6 317875.3
vertex 394909.7 208251.8 323516.2
endloop
endfacet
facet normal 0 0 0
outer loop
vertex 400550.6 204995.6 318157.4
vertex 399499.4 204995.6 317875.3
vertex 400550.6 208533.1 323516.2
endloop
endfacet
facet normal 0 0 0
outer loop
vertex 406191.6 146615.1 323516.2
vertex 411832.5 148586.2 322012.7
vertex 411832.5 148176.3 323516.2
endloop
endfacet
facet normal 0 0 0
outer loop
vertex 408631 148586.2 317875.3
vertex 411832.5 148586.2 322012.7
vertex 406191.6 146615.1 323516.2
endloop
endfacet
facet normal 0 0 0
outer loop
vertex 428755.3 166974.8 317875.3
vertex 428755.3 165509.1 318483.9
vertex 428093 165509.1 317875.3
endloop
endfacet
facet normal 0 0 0
outer loop
vertex 406191.6 147686 317875.3
vertex 408631 148586.2 317875.3
vertex 406191.6 146615.1 323516.2
endloop
endfacet
facet normal 0 0 0
outer loop
vertex 411832.5 200600.6 317875.3
vertex 411832.5 204995.6 322118.6
vertex 415025.3 204995.6 323516.2
endloop
endfacet
facet normal 0 0 0
outer loop
vertex 414522.7 199354.7 317875.3
vertex 411832.5 200600.6 317875.3
vertex 415025.3 204995.6 323516.2
endloop
endfacet
facet normal 0 0 0
outer loop
vertex 417473.4 199354.7 319427.4
vertex 414522.7 199354.7 317875.3
vertex 415025.3 204995.6 323516.2
endloop
endfacet
facet normal 0 0 0
outer loop
vertex 417473.4 203847.9 323516.2
vertex 417473.4 199354.7 319427.4
vertex 415025.3 204995.6 323516.2
endloop
endfacet
facet normal 0 0 0
outer loop
vertex 406191.6 204995.6 319920.5
vertex 400550.6 204995.6 318157.4
vertex 400550.6 208533.1 323516.2
endloop
endfacet
facet normal 0 0 0
outer loop
vertex 400550.6 208533.1 323516.2
vertex 406191.6 207952.7 323516.2
vertex 406191.6 204995.6 319920.5
endloop
endfacet
facet normal 0 0 0
outer loop
vertex 423114.4 200111.4 323516.2
vertex 417473.4 199354.7 319427.4
vertex 417473.4 203847.9 323516.2
endloop
endfacet
facet normal 0 0 0
outer loop
vertex 434396.2 165509.1 322689.7
vertex 428755.3 165509.1 318483.9
vertex 428755.3 166974.8 317875.3
endloop
endfacet
facet normal 0 0 0
outer loop
vertex 423114.4 199354.7 322937.4
vertex 417473.4 199354.7 319427.4
vertex 423114.4 200111.4 323516.2
endloop
endfacet
facet normal 0 0 0
outer loop
vertex 411832.5 149926.8 317875.3
vertex 411832.5 148586.2 322012.7
vertex 408631 148586.2 317875.3
endloop
endfacet
facet normal 0 0 0
outer loop
vertex 411832.5 204995.6 322118.6
vertex 406191.6 204995.6 319920.5
vertex 406191.6 207952.7 323516.2
endloop
endfacet
facet normal 0 0 0
outer loop
vertex 434396.2 171150 320646.5
vertex 434396.2 165509.1 322689.7
vertex 428755.3 166974.8 317875.3
endloop
endfacet
facet normal 0 0 0
outer loop
vertex 406191.6 207952.7 323516.2
vertex 411832.5 206303.2 323516.2
vertex 411832.5 204995.6 322118.6
endloop
endfacet
facet normal 0 0 0
outer loop
vertex 430127.6 171150 317875.3
vertex 434396.2 171150 320646.5
vertex 428755.3 166974.8 317875.3
endloop
endfacet
facet normal 0 0 0
outer loop
vertex 411832.5 148176.3 323516.2
vertex 411832.5 148586.2 322012.7
vertex 413179.7 148586.2 323516.2
endloop
endfacet
facet normal 0 0 0
outer loop
vertex 423114.4 193713.8 319192.3
vertex 423114.4 199354.7 322937.4
vertex 424110.6 199354.7 323516.2
endloop
endfacet
facet normal 0 0 0
outer loop
vertex 434396.2 163584.5 323516.2
vertex 434396.2 165509.1 322689.7
vertex 435726.1 165509.1 323516.2
endloop
endfacet
facet normal 0 0 0
outer loop
vertex 428755.3 195354.8 323516.2
vertex 423114.4 193713.8 319192.3
vertex 424110.6 199354.7 323516.2
endloop
endfacet
facet normal 0 0 0
outer loop
vertex 431057.7 176790.9 317875.3
vertex 434396.2 171150 320646.5
vertex 430127.6 171150 317875.3
endloop
endfacet
facet normal 0 0 0
outer loop
vertex 428755.3 193713.8 322296.1
vertex 423114.4 193713.8 319192.3
vertex 428755.3 195354.8 323516.2
endloop
endfacet
facet normal 0 0 0
outer loop
vertex 434396.2 176790.9 319580.9
vertex 434396.2 171150 320646.5
vertex 431057.7 176790.9 317875.3
endloop
endfacet
facet normal 0 0 0
outer loop
vertex 435726.1 165509.1 323516.2
vertex 434396.2 171150 320646.5
vertex 438939.8 171150 323516.2
endloop
endfacet
facet normal 0 0 0
outer loop
vertex 434396.2 165509.1 322689.7
vertex 434396.2 171150 320646.5
vertex 435726.1 165509.1 323516.2
endloop
endfacet
facet normal 0 0 0
outer loop
vertex 430913.8 193713.8 323516.2
vertex 428755.3 193713.8 322296.1
vertex 428755.3 195354.8 323516.2
endloop
endfacet
facet normal 0 0 0
outer loop
vertex 434396.2 182431.9 320214.7
vertex 434396.2 176790.9 319580.9
vertex 431057.7 176790.9 317875.3
endloop
endfacet
facet normal 0 0 0
outer loop
vertex 431057.7 176790.9 317875.3
vertex 430128.8 182431.9 317875.3
vertex 434396.2 182431.9 320214.7
endloop
endfacet
facet normal 0 0 0
outer loop
vertex 424110.6 199354.7 323516.2
vertex 423114.4 199354.7 322937.4
vertex 423114.4 200111.4 323516.2
endloop
endfacet
facet normal 0 0 0
outer loop
vertex 421039.8 193713.8 317875.3
vertex 423114.4 193713.8 319192.3
vertex 423114.4 191602.5 317875.3
endloop
endfacet
facet normal 0 0 0
outer loop
vertex 415025.3 204995.6 323516.2
vertex 411832.5 204995.6 322118.6
vertex 411832.5 206303.2 323516.2
endloop
endfacet
facet normal 0 0 0
outer loop
vertex 426585.2 188072.8 317875.3
vertex 428755.3 188072.8 319190.1
vertex 428755.3 185225.2 317875.3
endloop
endfacet
facet normal 0 0 0
outer loop
vertex 428755.3 185225.2 317875.3
vertex 434396.2 182431.9 320214.7
vertex 430128.8 182431.9 317875.3
endloop
endfacet
facet normal 0 0 0
outer loop
vertex 434396.2 188072.8 322374.2
vertex 434396.2 182431.9 320214.7
vertex 428755.3 185225.2 317875.3
endloop
endfacet
facet normal 0 0 0
outer loop
vertex 428755.3 188072.8 319190.1
vertex 434396.2 188072.8 322374.2
vertex 428755.3 185225.2 317875.3
endloop
endfacet
facet normal 0 0 0
outer loop
vertex 428755.3 193713.8 322296.1
vertex 428755.3 188072.8 319190.1
vertex 426585.2 188072.8 317875.3
endloop
endfacet
facet normal 0 0 0
outer loop
vertex 423114.4 191602.5 317875.3
vertex 428755.3 193713.8 322296.1
vertex 426585.2 188072.8 317875.3
endloop
endfacet
facet normal 0 0 0
outer loop
vertex 423114.4 193713.8 319192.3
vertex 428755.3 193713.8 322296.1
vertex 423114.4 191602.5 317875.3
endloop
endfacet
facet normal 0 0 0
outer loop
vertex 428755.3 188072.8 319190.1
vertex 428755.3 193713.8 322296.1
vertex 430913.8 193713.8 323516.2
endloop
endfacet
facet normal 0 0 0
outer loop
vertex 434396.2 190492.5 323516.2
vertex 428755.3 188072.8 319190.1
vertex 430913.8 193713.8 323516.2
endloop
endfacet
facet normal 0 0 0
outer loop
vertex 434396.2 188072.8 322374.2
vertex 428755.3 188072.8 319190.1
vertex 434396.2 190492.5 323516.2
endloop
endfacet
facet normal 0 0 0
outer loop
vertex 321577.5 152707.9 312234.4
vertex 321577.5 159868.1 314248.3
vertex 318645.1 159868.1 312234.4
endloop
endfacet
facet normal 0 0 0
outer loop
vertex 321577.5 159868.1 314248.3
vertex 321577.5 171150 313325.5
vertex 320346.7 171150 312234.4
endloop
endfacet
facet normal 0 0 0
outer loop
vertex 320346.7 171150 312234.4
vertex 318645.1 159868.1 312234.4
vertex 321577.5 159868.1 314248.3
endloop
endfacet
facet normal 0 0 0
outer loop
vertex 332859.4 144162.2 312234.4
vertex 332859.4 148586.2 316524.6
vertex 325765.5 148586.2 312234.4
endloop
endfacet
facet normal 0 0 0
outer loop
vertex 320346.7 171150 312234.4
vertex 321577.5 171150 313325.5
vertex 321577.5 173921.2 312234.4
endloop
endfacet
facet normal 0 0 0
outer loop
vertex 344141.2 140739.1 312234.4
vertex 332859.4 148586.2 316524.6
vertex 332859.4 144162.2 312234.4
endloop
endfacet
facet normal 0 0 0
outer loop
vertex 344141.2 148586.2 322696.8
vertex 332859.4 148586.2 316524.6
vertex 344141.2 140739.1 312234.4
endloop
endfacet
facet normal 0 0 0
outer loop
vertex 344141.2 140739.1 312234.4
vertex 355423.1 140154.9 312234.4
vertex 355423.1 145590.3 323516.2
endloop
endfacet
facet normal 0 0 0
outer loop
vertex 345957.2 148586.2 323516.2
vertex 344141.2 140739.1 312234.4
vertex 355423.1 145590.3 323516.2
endloop
endfacet
facet normal 0 0 0
outer loop
vertex 344141.2 148586.2 322696.8
vertex 344141.2 140739.1 312234.4
vertex 345957.2 148586.2 323516.2
endloop
endfacet
facet normal 0 0 0
outer loop
vertex 321577.5 173921.2 312234.4
vertex 332859.4 182431.9 318071.1
vertex 327330.6 182431.9 312234.4
endloop
endfacet
facet normal 0 0 0
outer loop
vertex 332859.4 171150 323003.7
vertex 332859.4 182431.9 318071.1
vertex 321577.5 173921.2 312234.4
endloop
endfacet
facet normal 0 0 0
outer loop
vertex 321577.5 171150 313325.5
vertex 332859.4 171150 323003.7
vertex 321577.5 173921.2 312234.4
endloop
endfacet
facet normal 0 0 0
outer loop
vertex 332859.4 182431.9 318071.1
vertex 332859.4 171150 323003.7
vertex 333480 171150 323516.2
endloop
endfacet
facet normal 0 0 0
outer loop
vertex 333480 171150 323516.2
vertex 338403.8 182431.9 323516.2
vertex 332859.4 182431.9 318071.1
endloop
endfacet
facet normal 0 0 0
outer loop
vertex 366705 143910.9 323516.2
vertex 362944.4 142558.5 318357.7
vertex 366705 142945.3 320769.5
endloop
endfacet
facet normal 0 0 0
outer loop
vertex 366705 142945.3 320769.5
vertex 362944.4 142558.5 318357.7
vertex 366705 142077.7 317875.3
endloop
endfacet
facet normal 0 0 0
outer loop
vertex 366705 142077.7 317875.3
vertex 362944.4 142558.5 318357.7
vertex 366705 140672.1 312234.4
endloop
endfacet
facet normal 0 0 0
outer loop
vertex 366705 140672.1 312234.4
vertex 362944.4 142558.5 318357.7
vertex 355423.1 140154.9 312234.4
endloop
endfacet
facet normal 0 0 0
outer loop
vertex 355423.1 140154.9 312234.4
vertex 362944.4 142558.5 318357.7
vertex 355423.1 145590.3 323516.2
endloop
endfacet
facet normal 0 0 0
outer loop
vertex 355423.1 145590.3 323516.2
vertex 362944.4 142558.5 318357.7
vertex 366705 143910.9 323516.2
endloop
endfacet
facet normal 0 0 0
outer loop
vertex 327330.6 182431.9 312234.4
vertex 332859.4 182431.9 318071.1
vertex 332859.4 187941.8 312234.4
endloop
endfacet
facet normal 0 0 0
outer loop
vertex 332859.4 148586.2 316524.6
vertex 321577.5 159868.1 314248.3
vertex 321577.5 152707.9 312234.4
endloop
endfacet
facet normal 0 0 0
outer loop
vertex 325765.5 148586.2 312234.4
vertex 332859.4 148586.2 316524.6
vertex 321577.5 152707.9 312234.4
endloop
endfacet
facet normal 0 0 0
outer loop
vertex 332859.4 159868.1 322523.7
vertex 321577.5 159868.1 314248.3
vertex 332859.4 148586.2 316524.6
endloop
endfacet
facet normal 0 0 0
outer loop
vertex 332859.4 187941.8 312234.4
vertex 332859.4 182431.9 318071.1
vertex 338403.8 182431.9 323516.2
endloop
endfacet
facet normal 0 0 0
outer loop
vertex 344141.2 193713.8 317193.2
vertex 332859.4 187941.8 312234.4
vertex 338403.8 182431.9 323516.2
endloop
endfacet
facet normal 0 0 0
outer loop
vertex 344141.2 189072.6 323516.2
vertex 344141.2 193713.8 317193.2
vertex 338403.8 182431.9 323516.2
endloop
endfacet
facet normal 0 0 0
outer loop
vertex 340376.7 193713.8 312234.4
vertex 332859.4 187941.8 312234.4
vertex 344141.2 193713.8 317193.2
endloop
endfacet
facet normal 0 0 0
outer loop
vertex 349388.6 193713.8 323516.2
vertex 344141.2 193713.8 317193.2
vertex 344141.2 189072.6 323516.2
endloop
endfacet
facet normal 0 0 0
outer loop
vertex 332859.4 148586.2 316524.6
vertex 344141.2 148586.2 322696.8
vertex 344141.2 149418.2 323516.2
endloop
endfacet
facet normal 0 0 0
outer loop
vertex 334305.2 159868.1 323516.2
vertex 332859.4 148586.2 316524.6
vertex 344141.2 149418.2 323516.2
endloop
endfacet
facet normal 0 0 0
outer loop
vertex 332859.4 159868.1 322523.7
vertex 332859.4 148586.2 316524.6
vertex 334305.2 159868.1 323516.2
endloop
endfacet
facet normal 0 0 0
outer loop
vertex 340376.7 193713.8 312234.4
vertex 344141.2 193713.8 317193.2
vertex 344141.2 195986.5 312234.4
endloop
endfacet
facet normal 0 0 0
outer loop
vertex 321577.5 159868.1 314248.3
vertex 332859.4 159868.1 322523.7
vertex 332859.4 171150 323003.7
endloop
endfacet
facet normal 0 0 0
outer loop
vertex 332859.4 171150 323003.7
vertex 321577.5 171150 313325.5
vertex 321577.5 159868.1 314248.3
endloop
endfacet
facet normal 0 0 0
outer loop
vertex 333480 171150 323516.2
vertex 332859.4 159868.1 322523.7
vertex 334305.2 159868.1 323516.2
endloop
endfacet
facet normal 0 0 0
outer loop
vertex 332859.4 171150 323003.7
vertex 332859.4 159868.1 322523.7
vertex 333480 171150 323516.2
endloop
endfacet
facet normal 0 0 0
outer loop
vertex 355423.1 200951.2 312234.4
vertex 344141.2 193713.8 317193.2
vertex 349388.6 193713.8 323516.2
endloop
endfacet
facet normal 0 0 0
outer loop
vertex 355423.1 197853.9 323516.2
vertex 355423.1 200951.2 312234.4
vertex 349388.6 193713.8 323516.2
endloop
endfacet
facet normal 0 0 0
outer loop
vertex 344141.2 195986.5 312234.4
vertex 344141.2 193713.8 317193.2
vertex 355423.1 200951.2 312234.4
endloop
endfacet
facet normal 0 0 0
outer loop
vertex 344141.2 149418.2 323516.2
vertex 344141.2 148586.2 322696.8
vertex 345957.2 148586.2 323516.2
endloop
endfacet
facet normal 0 0 0
outer loop
vertex 355423.1 197853.9 323516.2
vertex 362192.2 202084.9 317875.3
vertex 355423.1 200951.2 312234.4
endloop
endfacet
facet normal 0 0 0
outer loop
vertex 355423.1 200951.2 312234.4
vertex 362192.2 202084.9 317875.3
vertex 366705 203816.3 312234.4
endloop
endfacet
facet normal 0 0 0
outer loop
vertex 366705 203816.3 312234.4
vertex 362192.2 202084.9 317875.3
vertex 366705 204122.4 317875.3
endloop
endfacet
facet normal 0 0 0
outer loop
vertex 366705 204122.4 317875.3
vertex 362192.2 202084.9 317875.3
vertex 366705 203680.6 323516.2
endloop
endfacet
facet normal 0 0 0
outer loop
vertex 366705 203680.6 323516.2
vertex 362192.2 202084.9 317875.3
vertex 355423.1 197853.9 323516.2
endloop
endfacet
facet normal 0 0 0
outer loop
vertex 424110.6 199354.7 323516.2
vertex 428755.3 199354.7 326858.1
vertex 428755.3 195354.8 323516.2
endloop
endfacet
facet normal 0 0 0
outer loop
vertex 417261.2 148586.2 329157.2
vertex 417473.4 150137.9 323516.2
vertex 417473.4 148638.6 329157.2
endloop
endfacet
facet normal 0 0 0
outer loop
vertex 413179.7 148586.2 323516.2
vertex 417473.4 150137.9 323516.2
vertex 417261.2 148586.2 329157.2
endloop
endfacet
facet normal 0 0 0
outer loop
vertex 394909.7 208251.8 323516.2
vertex 389268.8 207274.8 323516.2
vertex 389268.8 208505.2 329157.2
endloop
endfacet
facet normal 0 0 0
outer loop
vertex 366705 143910.9 323516.2
vertex 372345.9 143785.4 323516.2
vertex 372345.9 145721.2 329157.2
endloop
endfacet
facet normal 0 0 0
outer loop
vertex 389268.8 208505.2 329157.2
vertex 394909.7 210056.2 329157.2
vertex 394909.7 208251.8 323516.2
endloop
endfacet
facet normal 0 0 0
outer loop
vertex 372345.9 145721.2 329157.2
vertex 366705 146421.7 329157.2
vertex 366705 143910.9 323516.2
endloop
endfacet
facet normal 0 0 0
outer loop
vertex 417473.4 150137.9 323516.2
vertex 423114.4 152923.2 323516.2
vertex 423114.4 150378.8 329157.2
endloop
endfacet
facet normal 0 0 0
outer loop
vertex 423114.4 150378.8 329157.2
vertex 417473.4 148638.6 329157.2
vertex 417473.4 150137.9 323516.2
endloop
endfacet
facet normal 0 0 0
outer loop
vertex 372345.9 145721.2 329157.2
vertex 377986.9 144190.7 323516.2
vertex 377986.9 145407.8 329157.2
endloop
endfacet
facet normal 0 0 0
outer loop
vertex 372345.9 143785.4 323516.2
vertex 377986.9 144190.7 323516.2
vertex 372345.9 145721.2 329157.2
endloop
endfacet
facet normal 0 0 0
outer loop
vertex 434396.2 193713.8 326006.5
vertex 428755.3 199354.7 326858.1
vertex 431948.2 199354.7 329157.2
endloop
endfacet
facet normal 0 0 0
outer loop
vertex 434396.2 197700.6 329157.2
vertex 434396.2 193713.8 326006.5
vertex 431948.2 199354.7 329157.2
endloop
endfacet
facet normal 0 0 0
outer loop
vertex 430913.8 193713.8 323516.2
vertex 428755.3 199354.7 326858.1
vertex 434396.2 193713.8 326006.5
endloop
endfacet
facet normal 0 0 0
outer loop
vertex 428755.3 195354.8 323516.2
vertex 428755.3 199354.7 326858.1
vertex 430913.8 193713.8 323516.2
endloop
endfacet
facet normal 0 0 0
outer loop
vertex 377986.9 145407.8 329157.2
vertex 383627.8 144717.7 323516.2
vertex 383627.8 145320.5 329157.2
endloop
endfacet
facet normal 0 0 0
outer loop
vertex 377986.9 144190.7 323516.2
vertex 383627.8 144717.7 323516.2
vertex 377986.9 145407.8 329157.2
endloop
endfacet
facet normal 0 0 0
outer loop
vertex 397819.1 210636.6 329157.2
vertex 394909.7 208251.8 323516.2
vertex 394909.7 210056.2 329157.2
endloop
endfacet
facet normal 0 0 0
outer loop
vertex 400550.6 208533.1 323516.2
vertex 394909.7 208251.8 323516.2
vertex 397819.1 210636.6 329157.2
endloop
endfacet
facet normal 0 0 0
outer loop
vertex 400550.6 210636.6 327860.5
vertex 400550.6 208533.1 323516.2
vertex 397819.1 210636.6 329157.2
endloop
endfacet
facet normal 0 0 0
outer loop
vertex 423114.4 150378.8 329157.2
vertex 428755.3 154227.2 326848.1
vertex 428755.3 153179 329157.2
endloop
endfacet
facet normal 0 0 0
outer loop
vertex 383627.8 145320.5 329157.2
vertex 389268.8 145095 323516.2
vertex 389268.8 145397.5 329157.2
endloop
endfacet
facet normal 0 0 0
outer loop
vertex 425337.8 154227.2 323516.2
vertex 428755.3 154227.2 326848.1
vertex 423114.4 150378.8 329157.2
endloop
endfacet
facet normal 0 0 0
outer loop
vertex 383627.8 144717.7 323516.2
vertex 389268.8 145095 323516.2
vertex 383627.8 145320.5 329157.2
endloop
endfacet
facet normal 0 0 0
outer loop
vertex 423114.4 152923.2 323516.2
vertex 425337.8 154227.2 323516.2
vertex 423114.4 150378.8 329157.2
endloop
endfacet
facet normal 0 0 0
outer loop
vertex 400550.6 210869.8 329157.2
vertex 400550.6 210636.6 327860.5
vertex 397819.1 210636.6 329157.2
endloop
endfacet
facet normal 0 0 0
outer loop
vertex 423114.4 200111.4 323516.2
vertex 423114.4 204995.6 328128.4
vertex 425126.2 204995.6 329157.2
endloop
endfacet
facet normal 0 0 0
outer loop
vertex 424110.6 199354.7 323516.2
vertex 423114.4 200111.4 323516.2
vertex 425126.2 204995.6 329157.2
endloop
endfacet
facet normal 0 0 0
outer loop
vertex 428755.3 199354.7 326858.1
vertex 424110.6 199354.7 323516.2
vertex 425126.2 204995.6 329157.2
endloop
endfacet
facet normal 0 0 0
outer loop
vertex 428755.3 202363.8 329157.2
vertex 428755.3 199354.7 326858.1
vertex 425126.2 204995.6 329157.2
endloop
endfacet
facet normal 0 0 0
outer loop
vertex 389268.8 145095 323516.2
vertex 394909.7 144936.3 323516.2
vertex 394909.7 145522.3 329157.2
endloop
endfacet
facet normal 0 0 0
outer loop
vertex 428755.3 153179 329157.2
vertex 428755.3 154227.2 326848.1
vertex 430808.4 154227.2 329157.2
endloop
endfacet
facet normal 0 0 0
outer loop
vertex 394909.7 145522.3 329157.2
vertex 389268.8 145397.5 329157.2
vertex 389268.8 145095 323516.2
endloop
endfacet
facet normal 0 0 0
outer loop
vertex 431948.2 199354.7 329157.2
vertex 428755.3 199354.7 326858.1
vertex 428755.3 202363.8 329157.2
endloop
endfacet
facet normal 0 0 0
outer loop
vertex 400550.6 208533.1 323516.2
vertex 400550.6 210636.6 327860.5
vertex 403685.9 210636.6 329157.2
endloop
endfacet
facet normal 0 0 0
outer loop
vertex 406191.6 207952.7 323516.2
vertex 400550.6 208533.1 323516.2
vertex 403685.9 210636.6 329157.2
endloop
endfacet
facet normal 0 0 0
outer loop
vertex 406191.6 210012.8 329157.2
vertex 406191.6 207952.7 323516.2
vertex 403685.9 210636.6 329157.2
endloop
endfacet
facet normal 0 0 0
outer loop
vertex 428755.3 156939.5 323516.2
vertex 428755.3 154227.2 326848.1
vertex 425337.8 154227.2 323516.2
endloop
endfacet
facet normal 0 0 0
outer loop
vertex 394909.7 144936.3 323516.2
vertex 400550.6 145273.5 323516.2
vertex 400550.6 145830.9 329157.2
endloop
endfacet
facet normal 0 0 0
outer loop
vertex 400550.6 145830.9 329157.2
vertex 394909.7 145522.3 329157.2
vertex 394909.7 144936.3 323516.2
endloop
endfacet
facet normal 0 0 0
outer loop
vertex 411832.5 208612.4 329157.2
vertex 406191.6 207952.7 323516.2
vertex 406191.6 210012.8 329157.2
endloop
endfacet
facet normal 0 0 0
outer loop
vertex 411832.5 206303.2 323516.2
vertex 406191.6 207952.7 323516.2
vertex 411832.5 208612.4 329157.2
endloop
endfacet
facet normal 0 0 0
outer loop
vertex 415025.3 204995.6 323516.2
vertex 411832.5 206303.2 323516.2
vertex 411832.5 208612.4 329157.2
endloop
endfacet
facet normal 0 0 0
outer loop
vertex 417473.4 207517.9 329157.2
vertex 415025.3 204995.6 323516.2
vertex 411832.5 208612.4 329157.2
endloop
endfacet
facet normal 0 0 0
outer loop
vertex 417473.4 204995.6 324796.2
vertex 415025.3 204995.6 323516.2
vertex 417473.4 207517.9 329157.2
endloop
endfacet
facet normal 0 0 0
outer loop
vertex 400550.6 145830.9 329157.2
vertex 406191.6 146615.1 323516.2
vertex 406191.6 146321.2 329157.2
endloop
endfacet
facet normal 0 0 0
outer loop
vertex 400550.6 145273.5 323516.2
vertex 406191.6 146615.1 323516.2
vertex 400550.6 145830.9 329157.2
endloop
endfacet
facet normal 0 0 0
outer loop
vertex 403685.9 210636.6 329157.2
vertex 400550.6 210636.6 327860.5
vertex 400550.6 210869.8 329157.2
endloop
endfacet
facet normal 0 0 0
outer loop
vertex 428755.3 156939.5 323516.2
vertex 434396.2 159868.1 325705.2
vertex 434396.2 156185.8 329157.2
endloop
endfacet
facet normal 0 0 0
outer loop
vertex 428755.3 154227.2 326848.1
vertex 428755.3 156939.5 323516.2
vertex 434396.2 156185.8 329157.2
endloop
endfacet
facet normal 0 0 0
outer loop
vertex 423114.4 204995.6 328128.4
vertex 417473.4 204995.6 324796.2
vertex 417473.4 207517.9 329157.2
endloop
endfacet
facet normal 0 0 0
outer loop
vertex 406191.6 146615.1 323516.2
vertex 411832.5 148176.3 323516.2
vertex 411832.5 147277.8 329157.2
endloop
endfacet
facet normal 0 0 0
outer loop
vertex 430913.8 193713.8 323516.2
vertex 434396.2 193713.8 326006.5
vertex 434396.2 190492.5 323516.2
endloop
endfacet
facet normal 0 0 0
outer loop
vertex 430808.4 154227.2 329157.2
vertex 428755.3 154227.2 326848.1
vertex 434396.2 156185.8 329157.2
endloop
endfacet
facet normal 0 0 0
outer loop
vertex 417473.4 207517.9 329157.2
vertex 423114.4 205894.2 329157.2
vertex 423114.4 204995.6 328128.4
endloop
endfacet
facet normal 0 0 0
outer loop
vertex 411832.5 147277.8 329157.2
vertex 406191.6 146321.2 329157.2
vertex 406191.6 146615.1 323516.2
endloop
endfacet
facet normal 0 0 0
outer loop
vertex 431366.8 159868.1 323516.2
vertex 434396.2 159868.1 325705.2
vertex 428755.3 156939.5 323516.2
endloop
endfacet
facet normal 0 0 0
outer loop
vertex 440037.2 173432.1 323516.2
vertex 440037.2 171150 324620
vertex 438939.8 171150 323516.2
endloop
endfacet
facet normal 0 0 0
outer loop
vertex 425126.2 204995.6 329157.2
vertex 423114.4 204995.6 328128.4
vertex 423114.4 205894.2 329157.2
endloop
endfacet
facet normal 0 0 0
outer loop
vertex 434396.2 163584.5 323516.2
vertex 434396.2 159868.1 325705.2
vertex 431366.8 159868.1 323516.2
endloop
endfacet
facet normal 0 0 0
outer loop
vertex 411832.5 147277.8 329157.2
vertex 413179.7 148586.2 323516.2
vertex 417261.2 148586.2 329157.2
endloop
endfacet
facet normal 0 0 0
outer loop
vertex 411832.5 148176.3 323516.2
vertex 413179.7 148586.2 323516.2
vertex 411832.5 147277.8 329157.2
endloop
endfacet
facet normal 0 0 0
outer loop
vertex 438063.1 193713.8 329157.2
vertex 434396.2 193713.8 326006.5
vertex 434396.2 197700.6 329157.2
endloop
endfacet
facet normal 0 0 0
outer loop
vertex 440037.2 173432.1 323516.2
vertex 440855.9 176790.9 323516.2
vertex 441573.1 176790.9 329157.2
endloop
endfacet
facet normal 0 0 0
outer loop
vertex 434396.2 156185.8 329157.2
vertex 434396.2 159868.1 325705.2
vertex 437808.5 159868.1 329157.2
endloop
endfacet
facet normal 0 0 0
outer loop
vertex 441263.1 171150 329157.2
vertex 440037.2 173432.1 323516.2
vertex 441573.1 176790.9 329157.2
endloop
endfacet
facet normal 0 0 0
outer loop
vertex 440037.2 171150 324620
vertex 440037.2 173432.1 323516.2
vertex 441263.1 171150 329157.2
endloop
endfacet
facet normal 0 0 0
outer loop
vertex 439885.2 182431.9 323516.2
vertex 440037.2 182431.9 323637.4
vertex 440037.2 182119.9 323516.2
endloop
endfacet
facet normal 0 0 0
outer loop
vertex 435726.1 165509.1 323516.2
vertex 440037.2 165509.1 328339.3
vertex 440037.2 164151.3 329157.2
endloop
endfacet
facet normal 0 0 0
outer loop
vertex 434396.2 163584.5 323516.2
vertex 435726.1 165509.1 323516.2
vertex 440037.2 164151.3 329157.2
endloop
endfacet
facet normal 0 0 0
outer loop
vertex 437808.5 159868.1 329157.2
vertex 434396.2 163584.5 323516.2
vertex 440037.2 164151.3 329157.2
endloop
endfacet
facet normal 0 0 0
outer loop
vertex 440037.2 182119.9 323516.2
vertex 440037.2 182431.9 323637.4
vertex 441600.6 182431.9 329157.2
endloop
endfacet
facet normal 0 0 0
outer loop
vertex 434396.2 159868.1 325705.2
vertex 434396.2 163584.5 323516.2
vertex 437808.5 159868.1 329157.2
endloop
endfacet
facet normal 0 0 0
outer loop
vertex 441573.1 176790.9 329157.2
vertex 440037.2 182119.9 323516.2
vertex 441600.6 182431.9 329157.2
endloop
endfacet
facet normal 0 0 0
outer loop
vertex 440855.9 176790.9 323516.2
vertex 440037.2 182119.9 323516.2
vertex 441573.1 176790.9 329157.2
endloop
endfacet
facet normal 0 0 0
outer loop
vertex 440037.2 164151.3 329157.2
vertex 440037.2 165509.1 328339.3
vertex 440371.8 165509.1 329157.2
endloop
endfacet
facet normal 0 0 0
outer loop
vertex 440037.2 188072.8 326523.2
vertex 440037.2 182431.9 323637.4
vertex 439885.2 182431.9 323516.2
endloop
endfacet
facet normal 0 0 0
outer loop
vertex 439885.2 182431.9 323516.2
vertex 436220.1 188072.8 323516.2
vertex 440037.2 188072.8 326523.2
endloop
endfacet
facet normal 0 0 0
outer loop
vertex 440037.2 171150 324620
vertex 440037.2 165509.1 328339.3
vertex 435726.1 165509.1 323516.2
endloop
endfacet
facet normal 0 0 0
outer loop
vertex 435726.1 165509.1 323516.2
vertex 438939.8 171150 323516.2
vertex 440037.2 171150 324620
endloop
endfacet
facet normal 0 0 0
outer loop
vertex 441600.6 182431.9 329157.2
vertex 440037.2 188072.8 326523.2
vertex 440964.5 188072.8 329157.2
endloop
endfacet
facet normal 0 0 0
outer loop
vertex 440037.2 182431.9 323637.4
vertex 440037.2 188072.8 326523.2
vertex 441600.6 182431.9 329157.2
endloop
endfacet
facet normal 0 0 0
outer loop
vertex 440037.2 165509.1 328339.3
vertex 440037.2 171150 324620
vertex 441263.1 171150 329157.2
endloop
endfacet
facet normal 0 0 0
outer loop
vertex 441263.1 171150 329157.2
vertex 440371.8 165509.1 329157.2
vertex 440037.2 165509.1 328339.3
endloop
endfacet
facet normal 0 0 0
outer loop
vertex 440037.2 188072.8 326523.2
vertex 434396.2 193713.8 326006.5
vertex 438063.1 193713.8 329157.2
endloop
endfacet
facet normal 0 0 0
outer loop
vertex 440037.2 190254 329157.2
vertex 440037.2 188072.8 326523.2
vertex 438063.1 193713.8 329157.2
endloop
endfacet
facet normal 0 0 0
outer loop
vertex 370453.2 204995.6 323516.2
vertex 366705 203680.6 323516.2
vertex 366705 202293.7 329157.2
endloop
endfacet
facet normal 0 0 0
outer loop
vertex 434396.2 190492.5 323516.2
vertex 434396.2 193713.8 326006.5
vertex 440037.2 188072.8 326523.2
endloop
endfacet
facet normal 0 0 0
outer loop
vertex 372345.9 204995.6 327145.9
vertex 370453.2 204995.6 323516.2
vertex 366705 202293.7 329157.2
endloop
endfacet
facet normal 0 0 0
outer loop
vertex 436220.1 188072.8 323516.2
vertex 434396.2 190492.5 323516.2
vertex 440037.2 188072.8 326523.2
endloop
endfacet
facet normal 0 0 0
outer loop
vertex 372345.9 204487 329157.2
vertex 372345.9 204995.6 327145.9
vertex 366705 202293.7 329157.2
endloop
endfacet
facet normal 0 0 0
outer loop
vertex 440964.5 188072.8 329157.2
vertex 440037.2 188072.8 326523.2
vertex 440037.2 190254 329157.2
endloop
endfacet
facet normal 0 0 0
outer loop
vertex 374107.3 204995.6 329157.2
vertex 372345.9 204995.6 327145.9
vertex 372345.9 204487 329157.2
endloop
endfacet
facet normal 0 0 0
outer loop
vertex 415025.3 204995.6 323516.2
vertex 417473.4 204995.6 324796.2
vertex 417473.4 203847.9 323516.2
endloop
endfacet
facet normal 0 0 0
outer loop
vertex 370453.2 204995.6 323516.2
vertex 372345.9 204995.6 327145.9
vertex 372345.9 205578.3 323516.2
endloop
endfacet
facet normal 0 0 0
outer loop
vertex 417473.4 203847.9 323516.2
vertex 423114.4 204995.6 328128.4
vertex 423114.4 200111.4 323516.2
endloop
endfacet
facet normal 0 0 0
outer loop
vertex 417473.4 204995.6 324796.2
vertex 423114.4 204995.6 328128.4
vertex 417473.4 203847.9 323516.2
endloop
endfacet
facet normal 0 0 0
outer loop
vertex 377986.9 206206.2 323516.2
vertex 372345.9 204995.6 327145.9
vertex 374107.3 204995.6 329157.2
endloop
endfacet
facet normal 0 0 0
outer loop
vertex 377986.9 205925.7 329157.2
vertex 377986.9 206206.2 323516.2
vertex 374107.3 204995.6 329157.2
endloop
endfacet
facet normal 0 0 0
outer loop
vertex 372345.9 205578.3 323516.2
vertex 372345.9 204995.6 327145.9
vertex 377986.9 206206.2 323516.2
endloop
endfacet
facet normal 0 0 0
outer loop
vertex 383627.8 206414.6 323516.2
vertex 377986.9 206206.2 323516.2
vertex 377986.9 205925.7 329157.2
endloop
endfacet
facet normal 0 0 0
outer loop
vertex 377986.9 205925.7 329157.2
vertex 383627.8 207056.8 329157.2
vertex 383627.8 206414.6 323516.2
endloop
endfacet
facet normal 0 0 0
outer loop
vertex 389268.8 207274.8 323516.2
vertex 383627.8 206414.6 323516.2
vertex 383627.8 207056.8 329157.2
endloop
endfacet
facet normal 0 0 0
outer loop
vertex 383627.8 207056.8 329157.2
vertex 389268.8 208505.2 329157.2
vertex 389268.8 207274.8 323516.2
endloop
endfacet
facet normal 0 0 0
outer loop
vertex 417473.4 148638.6 329157.2
vertex 417473.4 148586.2 329501.2
vertex 417261.2 148586.2 329157.2
endloop
endfacet
facet normal 0 0 0
outer loop
vertex 431948.2 199354.7 329157.2
vertex 434396.2 199354.7 330243.2
vertex 434396.2 197700.6 329157.2
endloop
endfacet
facet normal 0 0 0
outer loop
vertex 425126.2 204995.6 329157.2
vertex 428755.3 204995.6 331212.8
vertex 428755.3 202363.8 329157.2
endloop
endfacet
facet normal 0 0 0
outer loop
vertex 394909.7 210636.6 333378.8
vertex 389268.8 208505.2 329157.2
vertex 389268.8 209171.7 334798.1
endloop
endfacet
facet normal 0 0 0
outer loop
vertex 371493.1 148586.2 334798.1
vertex 372345.9 145721.2 329157.2
vertex 372345.9 148417.5 334798.1
endloop
endfacet
facet normal 0 0 0
outer loop
vertex 394371.5 210636.6 334798.1
vertex 394909.7 210636.6 333378.8
vertex 389268.8 209171.7 334798.1
endloop
endfacet
facet normal 0 0 0
outer loop
vertex 366705 148586.2 332926.8
vertex 372345.9 145721.2 329157.2
vertex 371493.1 148586.2 334798.1
endloop
endfacet
facet normal 0 0 0
outer loop
vertex 394909.7 210056.2 329157.2
vertex 389268.8 208505.2 329157.2
vertex 394909.7 210636.6 333378.8
endloop
endfacet
facet normal 0 0 0
outer loop
vertex 366705 146421.7 329157.2
vertex 372345.9 145721.2 329157.2
vertex 366705 148586.2 332926.8
endloop
endfacet
facet normal 0 0 0
outer loop
vertex 420632.3 148586.2 334798.1
vertex 423114.4 150378.8 329157.2
vertex 423114.4 149081 334798.1
endloop
endfacet
facet normal 0 0 0
outer loop
vertex 417473.4 148586.2 329501.2
vertex 423114.4 150378.8 329157.2
vertex 420632.3 148586.2 334798.1
endloop
endfacet
facet normal 0 0 0
outer loop
vertex 417473.4 148638.6 329157.2
vertex 423114.4 150378.8 329157.2
vertex 417473.4 148586.2 329501.2
endloop
endfacet
facet normal 0 0 0
outer loop
vertex 394909.7 210056.2 329157.2
vertex 394909.7 210636.6 333378.8
vertex 397819.1 210636.6 329157.2
endloop
endfacet
facet normal 0 0 0
outer loop
vertex 434396.2 204320.3 334798.1
vertex 428755.3 204995.6 331212.8
vertex 433749.5 204995.6 334798.1
endloop
endfacet
facet normal 0 0 0
outer loop
vertex 431948.2 199354.7 329157.2
vertex 428755.3 204995.6 331212.8
vertex 434396.2 204320.3 334798.1
endloop
endfacet
facet normal 0 0 0
outer loop
vertex 434396.2 199354.7 330243.2
vertex 431948.2 199354.7 329157.2
vertex 434396.2 204320.3 334798.1
endloop
endfacet
facet normal 0 0 0
outer loop
vertex 428755.3 202363.8 329157.2
vertex 428755.3 204995.6 331212.8
vertex 431948.2 199354.7 329157.2
endloop
endfacet
facet normal 0 0 0
outer loop
vertex 372345.9 145721.2 329157.2
vertex 377986.9 145407.8 329157.2
vertex 377986.9 147196.9 334798.1
endloop
endfacet
facet normal 0 0 0
outer loop
vertex 377986.9 147196.9 334798.1
vertex 372345.9 148417.5 334798.1
vertex 372345.9 145721.2 329157.2
endloop
endfacet
facet normal 0 0 0
outer loop
vertex 423114.4 150378.8 329157.2
vertex 428755.3 153179 329157.2
vertex 428755.3 150853.1 334798.1
endloop
endfacet
facet normal 0 0 0
outer loop
vertex 428755.3 150853.1 334798.1
vertex 423114.4 149081 334798.1
vertex 423114.4 150378.8 329157.2
endloop
endfacet
facet normal 0 0 0
outer loop
vertex 394909.7 210712.2 334798.1
vertex 394909.7 210636.6 333378.8
vertex 394371.5 210636.6 334798.1
endloop
endfacet
facet normal 0 0 0
outer loop
vertex 417473.4 210361.9 334798.1
vertex 411832.5 208612.4 329157.2
vertex 411832.5 210174.3 334798.1
endloop
endfacet
facet normal 0 0 0
outer loop
vertex 417473.4 207517.9 329157.2
vertex 411832.5 208612.4 329157.2
vertex 417473.4 210361.9 334798.1
endloop
endfacet
facet normal 0 0 0
outer loop
vertex 377986.9 145407.8 329157.2
vertex 383627.8 145320.5 329157.2
vertex 383627.8 146200.9 334798.1
endloop
endfacet
facet normal 0 0 0
outer loop
vertex 383627.8 146200.9 334798.1
vertex 377986.9 147196.9 334798.1
vertex 377986.9 145407.8 329157.2
endloop
endfacet
facet normal 0 0 0
outer loop
vertex 423114.4 210149 334798.1
vertex 417473.4 207517.9 329157.2
vertex 417473.4 210361.9 334798.1
endloop
endfacet
facet normal 0 0 0
outer loop
vertex 423114.4 205894.2 329157.2
vertex 417473.4 207517.9 329157.2
vertex 423114.4 210149 334798.1
endloop
endfacet
facet normal 0 0 0
outer loop
vertex 383627.8 145320.5 329157.2
vertex 389268.8 145397.5 329157.2
vertex 389268.8 146102.1 334798.1
endloop
endfacet
facet normal 0 0 0
outer loop
vertex 428755.3 150853.1 334798.1
vertex 434396.2 154227.2 332285.6
vertex 434396.2 152760.7 334798.1
endloop
endfacet
facet normal 0 0 0
outer loop
vertex 400550.6 211081.1 334798.1
vertex 394909.7 210636.6 333378.8
vertex 394909.7 210712.2 334798.1
endloop
endfacet
facet normal 0 0 0
outer loop
vertex 389268.8 146102.1 334798.1
vertex 383627.8 146200.9 334798.1
vertex 383627.8 145320.5 329157.2
endloop
endfacet
facet normal 0 0 0
outer loop
vertex 430808.4 154227.2 329157.2
vertex 434396.2 154227.2 332285.6
vertex 428755.3 150853.1 334798.1
endloop
endfacet
facet normal 0 0 0
outer loop
vertex 397819.1 210636.6 329157.2
vertex 394909.7 210636.6 333378.8
vertex 400550.6 211081.1 334798.1
endloop
endfacet
facet normal 0 0 0
outer loop
vertex 428755.3 153179 329157.2
vertex 430808.4 154227.2 329157.2
vertex 428755.3 150853.1 334798.1
endloop
endfacet
facet normal 0 0 0
outer loop
vertex 400550.6 210869.8 329157.2
vertex 397819.1 210636.6 329157.2
vertex 400550.6 211081.1 334798.1
endloop
endfacet
facet normal 0 0 0
outer loop
vertex 389268.8 146102.1 334798.1
vertex 394909.7 145522.3 329157.2
vertex 394909.7 146342.2 334798.1
endloop
endfacet
facet normal 0 0 0
outer loop
vertex 389268.8 145397.5 329157.2
vertex 394909.7 145522.3 329157.2
vertex 389268.8 146102.1 334798.1
endloop
endfacet
facet normal 0 0 0
outer loop
vertex 425126.2 204995.6 329157.2
vertex 423114.4 205894.2 329157.2
vertex 423114.4 210149 334798.1
endloop
endfacet
facet normal 0 0 0
outer loop
vertex 434396.2 156185.8 329157.2
vertex 434396.2 154227.2 332285.6
vertex 430808.4 154227.2 329157.2
endloop
endfacet
facet normal 0 0 0
outer loop
vertex 428755.3 208852.4 334798.1
vertex 425126.2 204995.6 329157.2
vertex 423114.4 210149 334798.1
endloop
endfacet
facet normal 0 0 0
outer loop
vertex 428755.3 204995.6 331212.8
vertex 425126.2 204995.6 329157.2
vertex 428755.3 208852.4 334798.1
endloop
endfacet
facet normal 0 0 0
outer loop
vertex 406191.6 210012.8 329157.2
vertex 403685.9 210636.6 329157.2
vertex 406030.3 210636.6 334798.1
endloop
endfacet
facet normal 0 0 0
outer loop
vertex 406030.3 210636.6 334798.1
vertex 406191.6 210610.4 334798.1
vertex 406191.6 210012.8 329157.2
endloop
endfacet
facet normal 0 0 0
outer loop
vertex 394909.7 146342.2 334798.1
vertex 400550.6 145830.9 329157.2
vertex 400550.6 146456.4 334798.1
endloop
endfacet
facet normal 0 0 0
outer loop
vertex 394909.7 145522.3 329157.2
vertex 400550.6 145830.9 329157.2
vertex 394909.7 146342.2 334798.1
endloop
endfacet
facet normal 0 0 0
outer loop
vertex 433749.5 204995.6 334798.1
vertex 428755.3 204995.6 331212.8
vertex 428755.3 208852.4 334798.1
endloop
endfacet
facet normal 0 0 0
outer loop
vertex 411832.5 210174.3 334798.1
vertex 406191.6 210012.8 329157.2
vertex 406191.6 210610.4 334798.1
endloop
endfacet
facet normal 0 0 0
outer loop
vertex 411832.5 208612.4 329157.2
vertex 406191.6 210012.8 329157.2
vertex 411832.5 210174.3 334798.1
endloop
endfacet
facet normal 0 0 0
outer loop
vertex 437304.7 154227.2 334798.1
vertex 435828.5 153846.2 334170
vertex 434396.2 154227.2 332285.6
endloop
endfacet
facet normal 0 0 0
outer loop
vertex 400550.6 146456.4 334798.1
vertex 406191.6 146321.2 329157.2
vertex 406191.6 146744.8 334798.1
endloop
endfacet
facet normal 0 0 0
outer loop
vertex 434396.2 154227.2 332285.6
vertex 435828.5 153846.2 334170
vertex 434396.2 152760.7 334798.1
endloop
endfacet
facet normal 0 0 0
outer loop
vertex 400550.6 145830.9 329157.2
vertex 406191.6 146321.2 329157.2
vertex 400550.6 146456.4 334798.1
endloop
endfacet
facet normal 0 0 0
outer loop
vertex 434396.2 152760.7 334798.1
vertex 435828.5 153846.2 334170
vertex 437216.7 154169.7 334798.1
endloop
endfacet
facet normal 0 0 0
outer loop
vertex 437216.7 154169.7 334798.1
vertex 435828.5 153846.2 334170
vertex 437304.7 154227.2 334798.1
endloop
endfacet
facet normal 0 0 0
outer loop
vertex 403685.9 210636.6 329157.2
vertex 400550.6 210869.8 329157.2
vertex 400550.6 211081.1 334798.1
endloop
endfacet
facet normal 0 0 0
outer loop
vertex 400550.6 211081.1 334798.1
vertex 406030.3 210636.6 334798.1
vertex 403685.9 210636.6 329157.2
endloop
endfacet
facet normal 0 0 0
outer loop
vertex 434396.2 197700.6 329157.2
vertex 434396.2 199354.7 330243.2
vertex 438493.7 199354.7 334798.1
endloop
endfacet
facet normal 0 0 0
outer loop
vertex 438063.1 193713.8 329157.2
vertex 434396.2 197700.6 329157.2
vertex 438493.7 199354.7 334798.1
endloop
endfacet
facet normal 0 0 0
outer loop
vertex 440037.2 193713.8 333901.8
vertex 438063.1 193713.8 329157.2
vertex 438493.7 199354.7 334798.1
endloop
endfacet
facet normal 0 0 0
outer loop
vertex 406191.6 146744.8 334798.1
vertex 411832.5 147277.8 329157.2
vertex 411832.5 147286.3 334798.1
endloop
endfacet
facet normal 0 0 0
outer loop
vertex 440037.2 194432.5 334798.1
vertex 440037.2 193713.8 333901.8
vertex 438493.7 199354.7 334798.1
endloop
endfacet
facet normal 0 0 0
outer loop
vertex 406191.6 146321.2 329157.2
vertex 411832.5 147277.8 329157.2
vertex 406191.6 146744.8 334798.1
endloop
endfacet
facet normal 0 0 0
outer loop
vertex 440037.2 159335.5 334798.1
vertex 437628.6 157251.4 332562.3
vertex 440037.2 159868.1 332941.8
endloop
endfacet
facet normal 0 0 0
outer loop
vertex 440037.2 159868.1 332941.8
vertex 437628.6 157251.4 332562.3
vertex 437808.5 159868.1 329157.2
endloop
endfacet
facet normal 0 0 0
outer loop
vertex 437808.5 159868.1 329157.2
vertex 437628.6 157251.4 332562.3
vertex 434396.2 156185.8 329157.2
endloop
endfacet
facet normal 0 0 0
outer loop
vertex 434396.2 156185.8 329157.2
vertex 437628.6 157251.4 332562.3
vertex 434396.2 154227.2 332285.6
endloop
endfacet
facet normal 0 0 0
outer loop
vertex 440144.3 193713.8 334798.1
vertex 440037.2 193713.8 333901.8
vertex 440037.2 194432.5 334798.1
endloop
endfacet
facet normal 0 0 0
outer loop
vertex 434396.2 154227.2 332285.6
vertex 437628.6 157251.4 332562.3
vertex 437304.7 154227.2 334798.1
endloop
endfacet
facet normal 0 0 0
outer loop
vertex 366705 149893.9 334798.1
vertex 366705 148586.2 332926.8
vertex 371493.1 148586.2 334798.1
endloop
endfacet
facet normal 0 0 0
outer loop
vertex 441263.1 171150 329157.2
vertex 441573.1 176790.9 329157.2
vertex 440556.2 176790.9 334798.1
endloop
endfacet
facet normal 0 0 0
outer loop
vertex 437304.7 154227.2 334798.1
vertex 437628.6 157251.4 332562.3
vertex 439420.2 157047.7 334798.1
endloop
endfacet
facet normal 0 0 0
outer loop
vertex 440556.2 176790.9 334798.1
vertex 440788.8 171150 334798.1
vertex 441263.1 171150 329157.2
endloop
endfacet
facet normal 0 0 0
outer loop
vertex 439420.2 157047.7 334798.1
vertex 437628.6 157251.4 332562.3
vertex 440037.2 159335.5 334798.1
endloop
endfacet
facet normal 0 0 0
outer loop
vertex 438493.7 199354.7 334798.1
vertex 434396.2 199354.7 330243.2
vertex 434396.2 204320.3 334798.1
endloop
endfacet
facet normal 0 0 0
outer loop
vertex 440037.2 159335.5 334798.1
vertex 440037.2 159868.1 332941.8
vertex 440165.7 159868.1 334798.1
endloop
endfacet
facet normal 0 0 0
outer loop
vertex 441573.1 176790.9 329157.2
vertex 441600.6 182431.9 329157.2
vertex 440910.3 182431.9 334798.1
endloop
endfacet
facet normal 0 0 0
outer loop
vertex 440910.3 182431.9 334798.1
vertex 440556.2 176790.9 334798.1
vertex 441573.1 176790.9 329157.2
endloop
endfacet
facet normal 0 0 0
outer loop
vertex 440037.2 164151.3 329157.2
vertex 440037.2 159868.1 332941.8
vertex 437808.5 159868.1 329157.2
endloop
endfacet
facet normal 0 0 0
outer loop
vertex 411832.5 147286.3 334798.1
vertex 417473.4 148586.2 329501.2
vertex 417473.4 148071 334798.1
endloop
endfacet
facet normal 0 0 0
outer loop
vertex 411832.5 147277.8 329157.2
vertex 417473.4 148586.2 329501.2
vertex 411832.5 147286.3 334798.1
endloop
endfacet
facet normal 0 0 0
outer loop
vertex 417261.2 148586.2 329157.2
vertex 417473.4 148586.2 329501.2
vertex 411832.5 147277.8 329157.2
endloop
endfacet
facet normal 0 0 0
outer loop
vertex 440910.3 182431.9 334798.1
vertex 440964.5 188072.8 329157.2
vertex 440938.7 188072.8 334798.1
endloop
endfacet
facet normal 0 0 0
outer loop
vertex 441600.6 182431.9 329157.2
vertex 440964.5 188072.8 329157.2
vertex 440910.3 182431.9 334798.1
endloop
endfacet
facet normal 0 0 0
outer loop
vertex 417473.4 148071 334798.1
vertex 417473.4 148586.2 329501.2
vertex 420632.3 148586.2 334798.1
endloop
endfacet
facet normal 0 0 0
outer loop
vertex 438063.1 193713.8 329157.2
vertex 440037.2 193713.8 333901.8
vertex 440037.2 190254 329157.2
endloop
endfacet
facet normal 0 0 0
outer loop
vertex 440037.2 164151.3 329157.2
vertex 440371.8 165509.1 329157.2
vertex 440818.1 165509.1 334798.1
endloop
endfacet
facet normal 0 0 0
outer loop
vertex 440037.2 159868.1 332941.8
vertex 440037.2 164151.3 329157.2
vertex 440818.1 165509.1 334798.1
endloop
endfacet
facet normal 0 0 0
outer loop
vertex 440165.7 159868.1 334798.1
vertex 440037.2 159868.1 332941.8
vertex 440818.1 165509.1 334798.1
endloop
endfacet
facet normal 0 0 0
outer loop
vertex 440371.8 165509.1 329157.2
vertex 441263.1 171150 329157.2
vertex 440788.8 171150 334798.1
endloop
endfacet
facet normal 0 0 0
outer loop
vertex 440788.8 171150 334798.1
vertex 440818.1 165509.1 334798.1
vertex 440371.8 165509.1 329157.2
endloop
endfacet
facet normal 0 0 0
outer loop
vertex 440938.7 188072.8 334798.1
vertex 440037.2 193713.8 333901.8
vertex 440144.3 193713.8 334798.1
endloop
endfacet
facet normal 0 0 0
outer loop
vertex 440037.2 190254 329157.2
vertex 440037.2 193713.8 333901.8
vertex 440938.7 188072.8 334798.1
endloop
endfacet
facet normal 0 0 0
outer loop
vertex 440964.5 188072.8 329157.2
vertex 440037.2 190254 329157.2
vertex 440938.7 188072.8 334798.1
endloop
endfacet
facet normal 0 0 0
outer loop
vertex 372345.9 202666.7 334798.1
vertex 366705 202293.7 329157.2
vertex 366705 199797.7 334798.1
endloop
endfacet
facet normal 0 0 0
outer loop
vertex 372345.9 204487 329157.2
vertex 366705 202293.7 329157.2
vertex 372345.9 202666.7 334798.1
endloop
endfacet
facet normal 0 0 0
outer loop
vertex 374107.3 204995.6 329157.2
vertex 372345.9 204487 329157.2
vertex 372345.9 202666.7 334798.1
endloop
endfacet
facet normal 0 0 0
outer loop
vertex 377986.9 204995.6 333742.8
vertex 374107.3 204995.6 329157.2
vertex 372345.9 202666.7 334798.1
endloop
endfacet
facet normal 0 0 0
outer loop
vertex 377986.9 204732.3 334798.1
vertex 377986.9 204995.6 333742.8
vertex 372345.9 202666.7 334798.1
endloop
endfacet
facet normal 0 0 0
outer loop
vertex 378748.2 204995.6 334798.1
vertex 377986.9 204995.6 333742.8
vertex 377986.9 204732.3 334798.1
endloop
endfacet
facet normal 0 0 0
outer loop
vertex 374107.3 204995.6 329157.2
vertex 377986.9 204995.6 333742.8
vertex 377986.9 205925.7 329157.2
endloop
endfacet
facet normal 0 0 0
outer loop
vertex 383627.8 206862.1 334798.1
vertex 377986.9 204995.6 333742.8
vertex 378748.2 204995.6 334798.1
endloop
endfacet
facet normal 0 0 0
outer loop
vertex 383627.8 207056.8 329157.2
vertex 377986.9 204995.6 333742.8
vertex 383627.8 206862.1 334798.1
endloop
endfacet
facet normal 0 0 0
outer loop
vertex 377986.9 205925.7 329157.2
vertex 377986.9 204995.6 333742.8
vertex 383627.8 207056.8 329157.2
endloop
endfacet
facet normal 0 0 0
outer loop
vertex 389268.8 208505.2 329157.2
vertex 383627.8 207056.8 329157.2
vertex 383627.8 206862.1 334798.1
endloop
endfacet
facet normal 0 0 0
outer loop
vertex 383627.8 206862.1 334798.1
vertex 389268.8 209171.7 334798.1
vertex 389268.8 208505.2 329157.2
endloop
endfacet
facet normal 0 0 0
outer loop
vertex 355423.1 145590.3 323516.2
vertex 355423.1 148586.2 327956.7
vertex 345957.2 148586.2 323516.2
endloop
endfacet
facet normal 0 0 0
outer loop
vertex 355423.1 145590.3 323516.2
vertex 362192.2 146619.1 327414.6
vertex 355423.1 148586.2 327956.7
endloop
endfacet
facet normal 0 0 0
outer loop
vertex 355423.1 148586.2 327956.7
vertex 362192.2 146619.1 327414.6
vertex 366705 148586.2 332926.8
endloop
endfacet
facet normal 0 0 0
outer loop
vertex 366705 148586.2 332926.8
vertex 362192.2 146619.1 327414.6
vertex 366705 146421.7 329157.2
endloop
endfacet
facet normal 0 0 0
outer loop
vertex 366705 146421.7 329157.2
vertex 362192.2 146619.1 327414.6
vertex 366705 143910.9 323516.2
endloop
endfacet
facet normal 0 0 0
outer loop
vertex 366705 143910.9 323516.2
vertex 362192.2 146619.1 327414.6
vertex 355423.1 145590.3 323516.2
endloop
endfacet
facet normal 0 0 0
outer loop
vertex 344141.2 149418.2 323516.2
vertex 344141.2 159868.1 330233.7
vertex 334305.2 159868.1 323516.2
endloop
endfacet
facet normal 0 0 0
outer loop
vertex 344141.2 159868.1 330233.7
vertex 344141.2 171150 332361.5
vertex 333480 171150 323516.2
endloop
endfacet
facet normal 0 0 0
outer loop
vertex 333480 171150 323516.2
vertex 334305.2 159868.1 323516.2
vertex 344141.2 159868.1 330233.7
endloop
endfacet
facet normal 0 0 0
outer loop
vertex 350868.6 159868.1 334798.1
vertex 355423.1 148586.2 327956.7
vertex 355423.1 155502.8 334798.1
endloop
endfacet
facet normal 0 0 0
outer loop
vertex 344141.2 159868.1 330233.7
vertex 355423.1 148586.2 327956.7
vertex 350868.6 159868.1 334798.1
endloop
endfacet
facet normal 0 0 0
outer loop
vertex 345957.2 148586.2 323516.2
vertex 355423.1 148586.2 327956.7
vertex 344141.2 159868.1 330233.7
endloop
endfacet
facet normal 0 0 0
outer loop
vertex 344141.2 149418.2 323516.2
vertex 345957.2 148586.2 323516.2
vertex 344141.2 159868.1 330233.7
endloop
endfacet
facet normal 0 0 0
outer loop
vertex 355423.1 155502.8 334798.1
vertex 366705 148586.2 332926.8
vertex 366705 149893.9 334798.1
endloop
endfacet
facet normal 0 0 0
outer loop
vertex 355423.1 148586.2 327956.7
vertex 366705 148586.2 332926.8
vertex 355423.1 155502.8 334798.1
endloop
endfacet
facet normal 0 0 0
outer loop
vertex 347216.2 171150 334798.1
vertex 344141.2 159868.1 330233.7
vertex 350868.6 159868.1 334798.1
endloop
endfacet
facet normal 0 0 0
outer loop
vertex 344141.2 171150 332361.5
vertex 344141.2 159868.1 330233.7
vertex 347216.2 171150 334798.1
endloop
endfacet
facet normal 0 0 0
outer loop
vertex 344141.2 171150 332361.5
vertex 344141.2 182431.9 328962.6
vertex 338403.8 182431.9 323516.2
endloop
endfacet
facet normal 0 0 0
outer loop
vertex 338403.8 182431.9 323516.2
vertex 333480 171150 323516.2
vertex 344141.2 171150 332361.5
endloop
endfacet
facet normal 0 0 0
outer loop
vertex 338403.8 182431.9 323516.2
vertex 344141.2 182431.9 328962.6
vertex 344141.2 189072.6 323516.2
endloop
endfacet
facet normal 0 0 0
outer loop
vertex 344141.2 182431.9 328962.6
vertex 344141.2 171150 332361.5
vertex 347216.2 171150 334798.1
endloop
endfacet
facet normal 0 0 0
outer loop
vertex 347216.2 171150 334798.1
vertex 350578.7 182431.9 334798.1
vertex 344141.2 182431.9 328962.6
endloop
endfacet
facet normal 0 0 0
outer loop
vertex 349388.6 193713.8 323516.2
vertex 344141.2 182431.9 328962.6
vertex 350578.7 182431.9 334798.1
endloop
endfacet
facet normal 0 0 0
outer loop
vertex 355423.1 193713.8 330880.6
vertex 349388.6 193713.8 323516.2
vertex 350578.7 182431.9 334798.1
endloop
endfacet
facet normal 0 0 0
outer loop
vertex 355423.1 190001.1 334798.1
vertex 355423.1 193713.8 330880.6
vertex 350578.7 182431.9 334798.1
endloop
endfacet
facet normal 0 0 0
outer loop
vertex 344141.2 189072.6 323516.2
vertex 344141.2 182431.9 328962.6
vertex 349388.6 193713.8 323516.2
endloop
endfacet
facet normal 0 0 0
outer loop
vertex 358867.1 193713.8 334798.1
vertex 355423.1 193713.8 330880.6
vertex 355423.1 190001.1 334798.1
endloop
endfacet
facet normal 0 0 0
outer loop
vertex 349388.6 193713.8 323516.2
vertex 355423.1 193713.8 330880.6
vertex 355423.1 197853.9 323516.2
endloop
endfacet
facet normal 0 0 0
outer loop
vertex 358867.1 193713.8 334798.1
vertex 361638.1 198508.9 329444.4
vertex 355423.1 193713.8 330880.6
endloop
endfacet
facet normal 0 0 0
outer loop
vertex 355423.1 193713.8 330880.6
vertex 361638.1 198508.9 329444.4
vertex 355423.1 197853.9 323516.2
endloop
endfacet
facet normal 0 0 0
outer loop
vertex 355423.1 197853.9 323516.2
vertex 361638.1 198508.9 329444.4
vertex 366705 203680.6 323516.2
endloop
endfacet
facet normal 0 0 0
outer loop
vertex 366705 203680.6 323516.2
vertex 361638.1 198508.9 329444.4
vertex 366705 202293.7 329157.2
endloop
endfacet
facet normal 0 0 0
outer loop
vertex 366705 202293.7 329157.2
vertex 361638.1 198508.9 329444.4
vertex 366705 199797.7 334798.1
endloop
endfacet
facet normal 0 0 0
outer loop
vertex 366705 199797.7 334798.1
vertex 361638.1 198508.9 329444.4
vertex 358867.1 193713.8 334798.1
endloop
endfacet
facet normal 0 0 0
outer loop
vertex 434396.2 151318.3 337618.6
vertex 434396.2 151406.7 337403.2
vertex 434637.2 151406.7 337618.6
endloop
endfacet
facet normal 0 0 0
outer loop
vertex 440037.2 156287.6 337618.6
vertex 440037.2 157047.7 337380.6
vertex 440092.8 157047.7 337618.6
endloop
endfacet
facet normal 0 0 0
outer loop
vertex 439420.2 157047.7 334798.1
vertex 440037.2 157047.7 337380.6
vertex 440037.2 156287.6 337618.6
endloop
endfacet
facet normal 0 0 0
outer loop
vertex 439352.9 154227.2 337618.6
vertex 439420.2 157047.7 334798.1
vertex 440037.2 156287.6 337618.6
endloop
endfacet
facet normal 0 0 0
outer loop
vertex 437304.7 154227.2 334798.1
vertex 439420.2 157047.7 334798.1
vertex 439352.9 154227.2 337618.6
endloop
endfacet
facet normal 0 0 0
outer loop
vertex 440037.2 159335.5 334798.1
vertex 440165.7 159868.1 334798.1
vertex 440224.1 159868.1 337618.6
endloop
endfacet
facet normal 0 0 0
outer loop
vertex 440037.2 157047.7 337380.6
vertex 440037.2 159335.5 334798.1
vertex 440224.1 159868.1 337618.6
endloop
endfacet
facet normal 0 0 0
outer loop
vertex 440092.8 157047.7 337618.6
vertex 440037.2 157047.7 337380.6
vertex 440224.1 159868.1 337618.6
endloop
endfacet
facet normal 0 0 0
outer loop
vertex 440037.2 159335.5 334798.1
vertex 440037.2 157047.7 337380.6
vertex 439420.2 157047.7 334798.1
endloop
endfacet
facet normal 0 0 0
outer loop
vertex 434396.2 152760.7 334798.1
vertex 437216.7 154169.7 334798.1
vertex 437216.7 152492.6 337618.6
endloop
endfacet
facet normal 0 0 0
outer loop
vertex 434637.2 151406.7 337618.6
vertex 434396.2 152760.7 334798.1
vertex 437216.7 152492.6 337618.6
endloop
endfacet
facet normal 0 0 0
outer loop
vertex 434396.2 151406.7 337403.2
vertex 434396.2 152760.7 334798.1
vertex 434637.2 151406.7 337618.6
endloop
endfacet
facet normal 0 0 0
outer loop
vertex 437216.7 152492.6 337618.6
vertex 437304.7 154227.2 334798.1
vertex 439352.9 154227.2 337618.6
endloop
endfacet
facet normal 0 0 0
outer loop
vertex 437216.7 154169.7 334798.1
vertex 437304.7 154227.2 334798.1
vertex 437216.7 152492.6 337618.6
endloop
endfacet
facet normal 0 0 0
outer loop
vertex 440037.2 156287.6 337618.6
vertex 440037.2 154227.2 339355.9
vertex 439352.9 154227.2 337618.6
endloop
endfacet
facet normal 0 0 0
outer loop
vertex 440037.2 153621.9 340439.1
vertex 440037.2 154227.2 339355.9
vertex 440125.3 154227.2 340439.1
endloop
endfacet
facet normal 0 0 0
outer loop
vertex 440037.2 156287.6 337618.6
vertex 440092.8 157047.7 337618.6
vertex 440401.8 157047.7 340439.1
endloop
endfacet
facet normal 0 0 0
outer loop
vertex 440037.2 154227.2 339355.9
vertex 440037.2 156287.6 337618.6
vertex 440401.8 157047.7 340439.1
endloop
endfacet
facet normal 0 0 0
outer loop
vertex 440125.3 154227.2 340439.1
vertex 440037.2 154227.2 339355.9
vertex 440401.8 157047.7 340439.1
endloop
endfacet
facet normal 0 0 0
outer loop
vertex 434396.2 150441.5 340439.1
vertex 437216.7 151406.7 339996.7
vertex 437216.7 151235.4 340439.1
endloop
endfacet
facet normal 0 0 0
outer loop
vertex 434637.2 151406.7 337618.6
vertex 437216.7 151406.7 339996.7
vertex 434396.2 150441.5 340439.1
endloop
endfacet
facet normal 0 0 0
outer loop
vertex 434396.2 151318.3 337618.6
vertex 434637.2 151406.7 337618.6
vertex 434396.2 150441.5 340439.1
endloop
endfacet
facet normal 0 0 0
outer loop
vertex 437216.7 151235.4 340439.1
vertex 437216.7 151406.7 339996.7
vertex 437881.9 151406.7 340439.1
endloop
endfacet
facet normal 0 0 0
outer loop
vertex 440092.8 157047.7 337618.6
vertex 440224.1 159868.1 337618.6
vertex 440534.6 159868.1 340439.1
endloop
endfacet
facet normal 0 0 0
outer loop
vertex 440534.6 159868.1 340439.1
vertex 440401.8 157047.7 340439.1
vertex 440092.8 157047.7 337618.6
endloop
endfacet
facet normal 0 0 0
outer loop
vertex 437216.7 152492.6 337618.6
vertex 437216.7 151406.7 339996.7
vertex 434637.2 151406.7 337618.6
endloop
endfacet
facet normal 0 0 0
outer loop
vertex 437881.9 151406.7 340439.1
vertex 440037.2 154227.2 339355.9
vertex 440037.2 153621.9 340439.1
endloop
endfacet
facet normal 0 0 0
outer loop
vertex 437216.7 152492.6 337618.6
vertex 440037.2 154227.2 339355.9
vertex 437881.9 151406.7 340439.1
endloop
endfacet
facet normal 0 0 0
outer loop
vertex 437216.7 151406.7 339996.7
vertex 437216.7 152492.6 337618.6
vertex 437881.9 151406.7 340439.1
endloop
endfacet
facet normal 0 0 0
outer loop
vertex 439352.9 154227.2 337618.6
vertex 440037.2 154227.2 339355.9
vertex 437216.7 152492.6 337618.6
endloop
endfacet
facet normal 0 0 0
outer loop
vertex 433749.5 204995.6 334798.1
vertex 434396.2 204995.6 335500.8
vertex 434396.2 204320.3 334798.1
endloop
endfacet
facet normal 0 0 0
outer loop
vertex 423114.4 148492.4 340439.1
vertex 423114.4 148586.2 339005.8
vertex 423978.2 148586.2 340439.1
endloop
endfacet
facet normal 0 0 0
outer loop
vertex 372345.9 148417.5 334798.1
vertex 372345.9 148586.2 335114.2
vertex 371493.1 148586.2 334798.1
endloop
endfacet
facet normal 0 0 0
outer loop
vertex 392937.9 210636.6 340439.1
vertex 389268.8 209171.7 334798.1
vertex 389268.8 209171.2 340439.1
endloop
endfacet
facet normal 0 0 0
outer loop
vertex 394371.5 210636.6 334798.1
vertex 389268.8 209171.7 334798.1
vertex 392937.9 210636.6 340439.1
endloop
endfacet
facet normal 0 0 0
outer loop
vertex 411832.5 210174.3 334798.1
vertex 417473.4 210636.6 335218
vertex 417473.4 210361.9 334798.1
endloop
endfacet
facet normal 0 0 0
outer loop
vertex 411832.5 210636.6 335873.2
vertex 417473.4 210636.6 335218
vertex 411832.5 210174.3 334798.1
endloop
endfacet
facet normal 0 0 0
outer loop
vertex 377986.9 147196.9 334798.1
vertex 372345.9 148586.2 335114.2
vertex 372345.9 148417.5 334798.1
endloop
endfacet
facet normal 0 0 0
outer loop
vertex 377986.9 148586.2 338109.1
vertex 372345.9 148586.2 335114.2
vertex 377986.9 147196.9 334798.1
endloop
endfacet
facet normal 0 0 0
outer loop
vertex 423114.4 149081 334798.1
vertex 423114.4 148586.2 339005.8
vertex 420632.3 148586.2 334798.1
endloop
endfacet
facet normal 0 0 0
outer loop
vertex 417473.4 210636.6 335218
vertex 423114.4 210636.6 335518.8
vertex 423114.4 210149 334798.1
endloop
endfacet
facet normal 0 0 0
outer loop
vertex 394909.7 210935 340439.1
vertex 394371.5 210636.6 334798.1
vertex 392937.9 210636.6 340439.1
endloop
endfacet
facet normal 0 0 0
outer loop
vertex 423114.4 210149 334798.1
vertex 417473.4 210361.9 334798.1
vertex 417473.4 210636.6 335218
endloop
endfacet
facet normal 0 0 0
outer loop
vertex 394909.7 210712.2 334798.1
vertex 394371.5 210636.6 334798.1
vertex 394909.7 210935 340439.1
endloop
endfacet
facet normal 0 0 0
outer loop
vertex 417473.4 213575.5 340439.1
vertex 411832.5 210636.6 335873.2
vertex 411832.5 212324.1 340439.1
endloop
endfacet
facet normal 0 0 0
outer loop
vertex 417473.4 210636.6 335218
vertex 411832.5 210636.6 335873.2
vertex 417473.4 213575.5 340439.1
endloop
endfacet
facet normal 0 0 0
outer loop
vertex 400550.6 211081.1 334798.1
vertex 394909.7 210712.2 334798.1
vertex 394909.7 210935 340439.1
endloop
endfacet
facet normal 0 0 0
outer loop
vertex 394909.7 210935 340439.1
vertex 400550.6 211332.3 340439.1
vertex 400550.6 211081.1 334798.1
endloop
endfacet
facet normal 0 0 0
outer loop
vertex 382167.6 148586.2 340439.1
vertex 383627.8 146200.9 334798.1
vertex 383627.8 148168.7 340439.1
endloop
endfacet
facet normal 0 0 0
outer loop
vertex 423114.4 148586.2 339005.8
vertex 428755.3 150853.1 334798.1
vertex 428755.3 149371.3 340439.1
endloop
endfacet
facet normal 0 0 0
outer loop
vertex 377986.9 148586.2 338109.1
vertex 383627.8 146200.9 334798.1
vertex 382167.6 148586.2 340439.1
endloop
endfacet
facet normal 0 0 0
outer loop
vertex 423978.2 148586.2 340439.1
vertex 423114.4 148586.2 339005.8
vertex 428755.3 149371.3 340439.1
endloop
endfacet
facet normal 0 0 0
outer loop
vertex 377986.9 147196.9 334798.1
vertex 383627.8 146200.9 334798.1
vertex 377986.9 148586.2 338109.1
endloop
endfacet
facet normal 0 0 0
outer loop
vertex 423114.4 149081 334798.1
vertex 428755.3 150853.1 334798.1
vertex 423114.4 148586.2 339005.8
endloop
endfacet
facet normal 0 0 0
outer loop
vertex 423114.4 210636.6 335518.8
vertex 417473.4 210636.6 335218
vertex 417473.4 213575.5 340439.1
endloop
endfacet
facet normal 0 0 0
outer loop
vertex 406030.3 210636.6 334798.1
vertex 406191.6 210636.6 335077.6
vertex 406191.6 210610.4 334798.1
endloop
endfacet
facet normal 0 0 0
outer loop
vertex 417473.4 213575.5 340439.1
vertex 423114.4 213559.4 340439.1
vertex 423114.4 210636.6 335518.8
endloop
endfacet
facet normal 0 0 0
outer loop
vertex 383627.8 146200.9 334798.1
vertex 389268.8 146102.1 334798.1
vertex 389268.8 147450.8 340439.1
endloop
endfacet
facet normal 0 0 0
outer loop
vertex 389268.8 147450.8 340439.1
vertex 383627.8 148168.7 340439.1
vertex 383627.8 146200.9 334798.1
endloop
endfacet
facet normal 0 0 0
outer loop
vertex 406191.6 210636.6 335077.6
vertex 411832.5 210636.6 335873.2
vertex 411832.5 210174.3 334798.1
endloop
endfacet
facet normal 0 0 0
outer loop
vertex 411832.5 210174.3 334798.1
vertex 406191.6 210610.4 334798.1
vertex 406191.6 210636.6 335077.6
endloop
endfacet
facet normal 0 0 0
outer loop
vertex 434396.2 150441.5 340439.1
vertex 432515.9 151025.3 337582.7
vertex 434396.2 151318.3 337618.6
endloop
endfacet
facet normal 0 0 0
outer loop
vertex 423114.4 210636.6 335518.8
vertex 428755.3 210636.6 337011.5
vertex 428755.3 208852.4 334798.1
endloop
endfacet
facet normal 0 0 0
outer loop
vertex 389268.8 147450.8 340439.1
vertex 394909.7 146342.2 334798.1
vertex 394909.7 147456.4 340439.1
endloop
endfacet
facet normal 0 0 0
outer loop
vertex 406191.6 210636.6 335077.6
vertex 400550.6 211081.1 334798.1
vertex 400550.6 211332.3 340439.1
endloop
endfacet
facet normal 0 0 0
outer loop
vertex 434396.2 151318.3 337618.6
vertex 432515.9 151025.3 337582.7
vertex 434396.2 151406.7 337403.2
endloop
endfacet
facet normal 0 0 0
outer loop
vertex 428755.3 208852.4 334798.1
vertex 423114.4 210149 334798.1
vertex 423114.4 210636.6 335518.8
endloop
endfacet
facet normal 0 0 0
outer loop
vertex 389268.8 146102.1 334798.1
vertex 394909.7 146342.2 334798.1
vertex 389268.8 147450.8 340439.1
endloop
endfacet
facet normal 0 0 0
outer loop
vertex 406191.6 211420.3 340439.1
vertex 406191.6 210636.6 335077.6
vertex 400550.6 211332.3 340439.1
endloop
endfacet
facet normal 0 0 0
outer loop
vertex 434396.2 151406.7 337403.2
vertex 432515.9 151025.3 337582.7
vertex 434396.2 152760.7 334798.1
endloop
endfacet
facet normal 0 0 0
outer loop
vertex 406030.3 210636.6 334798.1
vertex 400550.6 211081.1 334798.1
vertex 406191.6 210636.6 335077.6
endloop
endfacet
facet normal 0 0 0
outer loop
vertex 434396.2 152760.7 334798.1
vertex 432515.9 151025.3 337582.7
vertex 428755.3 150853.1 334798.1
endloop
endfacet
facet normal 0 0 0
outer loop
vertex 428755.3 150853.1 334798.1
vertex 432515.9 151025.3 337582.7
vertex 428755.3 149371.3 340439.1
endloop
endfacet
facet normal 0 0 0
outer loop
vertex 428755.3 149371.3 340439.1
vertex 432515.9 151025.3 337582.7
vertex 434396.2 150441.5 340439.1
endloop
endfacet
facet normal 0 0 0
outer loop
vertex 394909.7 147456.4 340439.1
vertex 400550.6 146456.4 334798.1
vertex 400550.6 147520.4 340439.1
endloop
endfacet
facet normal 0 0 0
outer loop
vertex 394909.7 146342.2 334798.1
vertex 400550.6 146456.4 334798.1
vertex 394909.7 147456.4 340439.1
endloop
endfacet
facet normal 0 0 0
outer loop
vertex 411832.5 210636.6 335873.2
vertex 406191.6 210636.6 335077.6
vertex 406191.6 211420.3 340439.1
endloop
endfacet
facet normal 0 0 0
outer loop
vertex 406191.6 211420.3 340439.1
vertex 411832.5 212324.1 340439.1
vertex 411832.5 210636.6 335873.2
endloop
endfacet
facet normal 0 0 0
outer loop
vertex 400550.6 147520.4 340439.1
vertex 406191.6 146744.8 334798.1
vertex 406191.6 147489.5 340439.1
endloop
endfacet
facet normal 0 0 0
outer loop
vertex 434396.2 208878.5 340439.1
vertex 428755.3 210636.6 337011.5
vertex 433160.2 210636.6 340439.1
endloop
endfacet
facet normal 0 0 0
outer loop
vertex 400550.6 146456.4 334798.1
vertex 406191.6 146744.8 334798.1
vertex 400550.6 147520.4 340439.1
endloop
endfacet
facet normal 0 0 0
outer loop
vertex 428755.3 208852.4 334798.1
vertex 428755.3 210636.6 337011.5
vertex 434396.2 208878.5 340439.1
endloop
endfacet
facet normal 0 0 0
outer loop
vertex 434396.2 204995.6 335500.8
vertex 428755.3 208852.4 334798.1
vertex 434396.2 208878.5 340439.1
endloop
endfacet
facet normal 0 0 0
outer loop
vertex 433749.5 204995.6 334798.1
vertex 428755.3 208852.4 334798.1
vertex 434396.2 204995.6 335500.8
endloop
endfacet
facet normal 0 0 0
outer loop
vertex 440509.7 171150 340439.1
vertex 440556.2 176790.9 334798.1
vertex 440411.2 176790.9 340439.1
endloop
endfacet
facet normal 0 0 0
outer loop
vertex 440788.8 171150 334798.1
vertex 440556.2 176790.9 334798.1
vertex 440509.7 171150 340439.1
endloop
endfacet
facet normal 0 0 0
outer loop
vertex 440543.8 165509.1 340439.1
vertex 440457.3 162124.5 337618.6
vertex 440818.1 165509.1 334798.1
endloop
endfacet
facet normal 0 0 0
outer loop
vertex 440818.1 165509.1 334798.1
vertex 440457.3 162124.5 337618.6
vertex 440165.7 159868.1 334798.1
endloop
endfacet
facet normal 0 0 0
outer loop
vertex 406191.6 147489.5 340439.1
vertex 411832.5 147286.3 334798.1
vertex 411832.5 147709.6 340439.1
endloop
endfacet
facet normal 0 0 0
outer loop
vertex 440165.7 159868.1 334798.1
vertex 440457.3 162124.5 337618.6
vertex 440224.1 159868.1 337618.6
endloop
endfacet
facet normal 0 0 0
outer loop
vertex 406191.6 146744.8 334798.1
vertex 411832.5 147286.3 334798.1
vertex 406191.6 147489.5 340439.1
endloop
endfacet
facet normal 0 0 0
outer loop
vertex 440224.1 159868.1 337618.6
vertex 440457.3 162124.5 337618.6
vertex 440534.6 159868.1 340439.1
endloop
endfacet
facet normal 0 0 0
outer loop
vertex 440534.6 159868.1 340439.1
vertex 440457.3 162124.5 337618.6
vertex 440543.8 165509.1 340439.1
endloop
endfacet
facet normal 0 0 0
outer loop
vertex 428755.3 210636.6 337011.5
vertex 423114.4 210636.6 335518.8
vertex 423114.4 213559.4 340439.1
endloop
endfacet
facet normal 0 0 0
outer loop
vertex 423114.4 213559.4 340439.1
vertex 428755.3 213126.8 340439.1
vertex 428755.3 210636.6 337011.5
endloop
endfacet
facet normal 0 0 0
outer loop
vertex 440556.2 176790.9 334798.1
vertex 440910.3 182431.9 334798.1
vertex 440667.2 182431.9 340439.1
endloop
endfacet
facet normal 0 0 0
outer loop
vertex 440667.2 182431.9 340439.1
vertex 440411.2 176790.9 340439.1
vertex 440556.2 176790.9 334798.1
endloop
endfacet
facet normal 0 0 0
outer loop
vertex 440818.1 165509.1 334798.1
vertex 440788.8 171150 334798.1
vertex 440509.7 171150 340439.1
endloop
endfacet
facet normal 0 0 0
outer loop
vertex 433160.2 210636.6 340439.1
vertex 428755.3 210636.6 337011.5
vertex 428755.3 213126.8 340439.1
endloop
endfacet
facet normal 0 0 0
outer loop
vertex 440509.7 171150 340439.1
vertex 440543.8 165509.1 340439.1
vertex 440818.1 165509.1 334798.1
endloop
endfacet
facet normal 0 0 0
outer loop
vertex 440910.3 182431.9 334798.1
vertex 440938.7 188072.8 334798.1
vertex 440854.8 188072.8 340439.1
endloop
endfacet
facet normal 0 0 0
outer loop
vertex 440854.8 188072.8 340439.1
vertex 440667.2 182431.9 340439.1
vertex 440910.3 182431.9 334798.1
endloop
endfacet
facet normal 0 0 0
outer loop
vertex 371493.1 148586.2 334798.1
vertex 372345.9 148586.2 335114.2
vertex 372345.9 152327.3 340439.1
endloop
endfacet
facet normal 0 0 0
outer loop
vertex 366705 149893.9 334798.1
vertex 371493.1 148586.2 334798.1
vertex 372345.9 152327.3 340439.1
endloop
endfacet
facet normal 0 0 0
outer loop
vertex 368475.3 154227.2 340439.1
vertex 366705 149893.9 334798.1
vertex 372345.9 152327.3 340439.1
endloop
endfacet
facet normal 0 0 0
outer loop
vertex 440037.2 196244.4 340439.1
vertex 438493.7 199354.7 334798.1
vertex 439041.3 199354.7 340439.1
endloop
endfacet
facet normal 0 0 0
outer loop
vertex 366705 154227.2 339562.4
vertex 366705 149893.9 334798.1
vertex 368475.3 154227.2 340439.1
endloop
endfacet
facet normal 0 0 0
outer loop
vertex 440037.2 194432.5 334798.1
vertex 438493.7 199354.7 334798.1
vertex 440037.2 196244.4 340439.1
endloop
endfacet
facet normal 0 0 0
outer loop
vertex 378748.2 204995.6 334798.1
vertex 377986.9 204732.3 334798.1
vertex 377986.9 203020.5 340439.1
endloop
endfacet
facet normal 0 0 0
outer loop
vertex 377986.9 203020.5 340439.1
vertex 381662 204995.6 340439.1
vertex 378748.2 204995.6 334798.1
endloop
endfacet
facet normal 0 0 0
outer loop
vertex 440938.7 188072.8 334798.1
vertex 440144.3 193713.8 334798.1
vertex 440495.7 193713.8 340439.1
endloop
endfacet
facet normal 0 0 0
outer loop
vertex 440495.7 193713.8 340439.1
vertex 440854.8 188072.8 340439.1
vertex 440938.7 188072.8 334798.1
endloop
endfacet
facet normal 0 0 0
outer loop
vertex 372345.9 152327.3 340439.1
vertex 377986.9 148586.2 338109.1
vertex 377986.9 149970.7 340439.1
endloop
endfacet
facet normal 0 0 0
outer loop
vertex 372345.9 148586.2 335114.2
vertex 377986.9 148586.2 338109.1
vertex 372345.9 152327.3 340439.1
endloop
endfacet
facet normal 0 0 0
outer loop
vertex 440495.7 193713.8 340439.1
vertex 440037.2 194432.5 334798.1
vertex 440037.2 196244.4 340439.1
endloop
endfacet
facet normal 0 0 0
outer loop
vertex 440144.3 193713.8 334798.1
vertex 440037.2 194432.5 334798.1
vertex 440495.7 193713.8 340439.1
endloop
endfacet
facet normal 0 0 0
outer loop
vertex 383627.8 206862.1 334798.1
vertex 378748.2 204995.6 334798.1
vertex 381662 204995.6 340439.1
endloop
endfacet
facet normal 0 0 0
outer loop
vertex 381662 204995.6 340439.1
vertex 383627.8 206088.5 340439.1
vertex 383627.8 206862.1 334798.1
endloop
endfacet
facet normal 0 0 0
outer loop
vertex 366705 155180 340439.1
vertex 366705 154227.2 339562.4
vertex 368475.3 154227.2 340439.1
endloop
endfacet
facet normal 0 0 0
outer loop
vertex 389268.8 209171.2 340439.1
vertex 383627.8 206862.1 334798.1
vertex 383627.8 206088.5 340439.1
endloop
endfacet
facet normal 0 0 0
outer loop
vertex 389268.8 209171.7 334798.1
vertex 383627.8 206862.1 334798.1
vertex 389268.8 209171.2 340439.1
endloop
endfacet
facet normal 0 0 0
outer loop
vertex 377986.9 149970.7 340439.1
vertex 377986.9 148586.2 338109.1
vertex 382167.6 148586.2 340439.1
endloop
endfacet
facet normal 0 0 0
outer loop
vertex 434396.2 204320.3 334798.1
vertex 434396.2 204995.6 335500.8
vertex 436633.4 204995.6 340439.1
endloop
endfacet
facet normal 0 0 0
outer loop
vertex 438493.7 199354.7 334798.1
vertex 434396.2 204320.3 334798.1
vertex 436633.4 204995.6 340439.1
endloop
endfacet
facet normal 0 0 0
outer loop
vertex 439041.3 199354.7 340439.1
vertex 438493.7 199354.7 334798.1
vertex 436633.4 204995.6 340439.1
endloop
endfacet
facet normal 0 0 0
outer loop
vertex 436633.4 204995.6 340439.1
vertex 434396.2 204995.6 335500.8
vertex 434396.2 208878.5 340439.1
endloop
endfacet
facet normal 0 0 0
outer loop
vertex 411832.5 147709.6 340439.1
vertex 417473.4 148071 334798.1
vertex 417473.4 148106 340439.1
endloop
endfacet
facet normal 0 0 0
outer loop
vertex 411832.5 147286.3 334798.1
vertex 417473.4 148071 334798.1
vertex 411832.5 147709.6 340439.1
endloop
endfacet
facet normal 0 0 0
outer loop
vertex 417473.4 148106 340439.1
vertex 423114.4 148586.2 339005.8
vertex 423114.4 148492.4 340439.1
endloop
endfacet
facet normal 0 0 0
outer loop
vertex 420632.3 148586.2 334798.1
vertex 423114.4 148586.2 339005.8
vertex 417473.4 148106 340439.1
endloop
endfacet
facet normal 0 0 0
outer loop
vertex 417473.4 148071 334798.1
vertex 420632.3 148586.2 334798.1
vertex 417473.4 148106 340439.1
endloop
endfacet
facet normal 0 0 0
outer loop
vertex 440037.2 154193.1 343259.5
vertex 440125.3 154227.2 340439.1
vertex 440041.2 154227.2 343259.5
endloop
endfacet
facet normal 0 0 0
outer loop
vertex 434396.2 150441.5 340439.1
vertex 437216.7 151235.4 340439.1
vertex 437216.7 150793.3 343259.5
endloop
endfacet
facet normal 0 0 0
outer loop
vertex 440037.2 153621.9 340439.1
vertex 440125.3 154227.2 340439.1
vertex 440037.2 154193.1 343259.5
endloop
endfacet
facet normal 0 0 0
outer loop
vertex 437216.7 150793.3 343259.5
vertex 434396.2 149921.3 343259.5
vertex 434396.2 150441.5 340439.1
endloop
endfacet
facet normal 0 0 0
outer loop
vertex 440041.2 154227.2 343259.5
vertex 440401.8 157047.7 340439.1
vertex 440508.8 157047.7 343259.5
endloop
endfacet
facet normal 0 0 0
outer loop
vertex 440125.3 154227.2 340439.1
vertex 440401.8 157047.7 340439.1
vertex 440041.2 154227.2 343259.5
endloop
endfacet
facet normal 0 0 0
outer loop
vertex 437216.7 150793.3 343259.5
vertex 437881.9 151406.7 340439.1
vertex 438416 151406.7 343259.5
endloop
endfacet
facet normal 0 0 0
outer loop
vertex 437216.7 151235.4 340439.1
vertex 437881.9 151406.7 340439.1
vertex 437216.7 150793.3 343259.5
endloop
endfacet
facet normal 0 0 0
outer loop
vertex 440508.8 157047.7 343259.5
vertex 440534.6 159868.1 340439.1
vertex 440777.3 159868.1 343259.5
endloop
endfacet
facet normal 0 0 0
outer loop
vertex 440401.8 157047.7 340439.1
vertex 440534.6 159868.1 340439.1
vertex 440508.8 157047.7 343259.5
endloop
endfacet
facet normal 0 0 0
outer loop
vertex 438416 151406.7 343259.5
vertex 440037.2 153621.9 340439.1
vertex 440037.2 154193.1 343259.5
endloop
endfacet
facet normal 0 0 0
outer loop
vertex 437881.9 151406.7 340439.1
vertex 440037.2 153621.9 340439.1
vertex 438416 151406.7 343259.5
endloop
endfacet
facet normal 0 0 0
outer loop
vertex 434396.2 149921.3 343259.5
vertex 437216.7 150793.3 343259.5
vertex 437216.7 150176.3 346080
endloop
endfacet
facet normal 0 0 0
outer loop
vertex 437216.7 150176.3 346080
vertex 434396.2 149352 346080
vertex 434396.2 149921.3 343259.5
endloop
endfacet
facet normal 0 0 0
outer loop
vertex 440041.2 154227.2 343259.5
vertex 440037.2 154227.2 343342.9
vertex 440037.2 154193.1 343259.5
endloop
endfacet
facet normal 0 0 0
outer loop
vertex 440012.5 154227.2 346080
vertex 440037.2 154227.2 343342.9
vertex 440037.2 154349.9 346080
endloop
endfacet
facet normal 0 0 0
outer loop
vertex 437216.7 150793.3 343259.5
vertex 438416 151406.7 343259.5
vertex 438655.1 151406.7 346080
endloop
endfacet
facet normal 0 0 0
outer loop
vertex 438655.1 151406.7 346080
vertex 437216.7 150176.3 346080
vertex 437216.7 150793.3 343259.5
endloop
endfacet
facet normal 0 0 0
outer loop
vertex 438655.1 151406.7 346080
vertex 440037.2 154227.2 343342.9
vertex 440012.5 154227.2 346080
endloop
endfacet
facet normal 0 0 0
outer loop
vertex 438416 151406.7 343259.5
vertex 440037.2 154227.2 343342.9
vertex 438655.1 151406.7 346080
endloop
endfacet
facet normal 0 0 0
outer loop
vertex 440037.2 154193.1 343259.5
vertex 440037.2 154227.2 343342.9
vertex 438416 151406.7 343259.5
endloop
endfacet
facet normal 0 0 0
outer loop
vertex 440037.2 154349.9 346080
vertex 440508.8 157047.7 343259.5
vertex 440411.8 157047.7 346080
endloop
endfacet
facet normal 0 0 0
outer loop
vertex 440037.2 154227.2 343342.9
vertex 440508.8 157047.7 343259.5
vertex 440037.2 154349.9 346080
endloop
endfacet
facet normal 0 0 0
outer loop
vertex 440041.2 154227.2 343259.5
vertex 440508.8 157047.7 343259.5
vertex 440037.2 154227.2 343342.9
endloop
endfacet
facet normal 0 0 0
outer loop
vertex 440508.8 157047.7 343259.5
vertex 440777.3 159868.1 343259.5
vertex 440654.9 159868.1 346080
endloop
endfacet
facet normal 0 0 0
outer loop
vertex 440654.9 159868.1 346080
vertex 440411.8 157047.7 346080
vertex 440508.8 157047.7 343259.5
endloop
endfacet
facet normal 0 0 0
outer loop
vertex 417473.4 213575.5 340439.1
vertex 411832.5 212324.1 340439.1
vertex 411832.5 213924.5 346080
endloop
endfacet
facet normal 0 0 0
outer loop
vertex 411832.5 213924.5 346080
vertex 417473.4 215961.5 346080
vertex 417473.4 213575.5 340439.1
endloop
endfacet
facet normal 0 0 0
outer loop
vertex 383627.8 148168.7 340439.1
vertex 383627.8 148586.2 341369.2
vertex 382167.6 148586.2 340439.1
endloop
endfacet
facet normal 0 0 0
outer loop
vertex 392937.9 210636.6 340439.1
vertex 389268.8 209171.2 340439.1
vertex 389268.8 207717.4 346080
endloop
endfacet
facet normal 0 0 0
outer loop
vertex 394909.7 210636.6 344135
vertex 392937.9 210636.6 340439.1
vertex 389268.8 207717.4 346080
endloop
endfacet
facet normal 0 0 0
outer loop
vertex 394909.7 210060.4 346080
vertex 394909.7 210636.6 344135
vertex 389268.8 207717.4 346080
endloop
endfacet
facet normal 0 0 0
outer loop
vertex 389268.8 147450.8 340439.1
vertex 383627.8 148586.2 341369.2
vertex 383627.8 148168.7 340439.1
endloop
endfacet
facet normal 0 0 0
outer loop
vertex 389268.8 148586.2 343683.6
vertex 383627.8 148586.2 341369.2
vertex 389268.8 147450.8 340439.1
endloop
endfacet
facet normal 0 0 0
outer loop
vertex 419572.5 216277.5 346080
vertex 417473.4 213575.5 340439.1
vertex 417473.4 215961.5 346080
endloop
endfacet
facet normal 0 0 0
outer loop
vertex 423114.4 213559.4 340439.1
vertex 417473.4 213575.5 340439.1
vertex 419572.5 216277.5 346080
endloop
endfacet
facet normal 0 0 0
outer loop
vertex 423114.4 216277.5 345727.3
vertex 423114.4 213559.4 340439.1
vertex 419572.5 216277.5 346080
endloop
endfacet
facet normal 0 0 0
outer loop
vertex 398104.1 210636.6 346080
vertex 394909.7 210636.6 344135
vertex 394909.7 210060.4 346080
endloop
endfacet
facet normal 0 0 0
outer loop
vertex 394909.7 147456.4 340439.1
vertex 389268.8 148586.2 343683.6
vertex 389268.8 147450.8 340439.1
endloop
endfacet
facet normal 0 0 0
outer loop
vertex 392937.9 210636.6 340439.1
vertex 394909.7 210636.6 344135
vertex 394909.7 210935 340439.1
endloop
endfacet
facet normal 0 0 0
outer loop
vertex 394909.7 148586.2 344276.1
vertex 389268.8 148586.2 343683.6
vertex 394909.7 147456.4 340439.1
endloop
endfacet
facet normal 0 0 0
outer loop
vertex 433160.2 210636.6 340439.1
vertex 434396.2 210636.6 342770.8
vertex 434396.2 208878.5 340439.1
endloop
endfacet
facet normal 0 0 0
outer loop
vertex 400550.6 148586.2 344239.4
vertex 394909.7 148586.2 344276.1
vertex 394909.7 147456.4 340439.1
endloop
endfacet
facet normal 0 0 0
outer loop
vertex 394909.7 147456.4 340439.1
vertex 400550.6 147520.4 340439.1
vertex 400550.6 148586.2 344239.4
endloop
endfacet
facet normal 0 0 0
outer loop
vertex 400550.6 211332.3 340439.1
vertex 394909.7 210636.6 344135
vertex 398104.1 210636.6 346080
endloop
endfacet
facet normal 0 0 0
outer loop
vertex 400550.6 211056.4 346080
vertex 400550.6 211332.3 340439.1
vertex 398104.1 210636.6 346080
endloop
endfacet
facet normal 0 0 0
outer loop
vertex 394909.7 210935 340439.1
vertex 394909.7 210636.6 344135
vertex 400550.6 211332.3 340439.1
endloop
endfacet
facet normal 0 0 0
outer loop
vertex 423114.4 213559.4 340439.1
vertex 423114.4 216277.5 345727.3
vertex 425425.4 216277.5 346080
endloop
endfacet
facet normal 0 0 0
outer loop
vertex 428755.3 213126.8 340439.1
vertex 423114.4 213559.4 340439.1
vertex 425425.4 216277.5 346080
endloop
endfacet
facet normal 0 0 0
outer loop
vertex 428755.3 215680.8 346080
vertex 428755.3 213126.8 340439.1
vertex 425425.4 216277.5 346080
endloop
endfacet
facet normal 0 0 0
outer loop
vertex 406191.6 147489.5 340439.1
vertex 400550.6 148586.2 344239.4
vertex 400550.6 147520.4 340439.1
endloop
endfacet
facet normal 0 0 0
outer loop
vertex 406191.6 148586.2 345264.7
vertex 400550.6 148586.2 344239.4
vertex 406191.6 147489.5 340439.1
endloop
endfacet
facet normal 0 0 0
outer loop
vertex 406191.6 211420.3 340439.1
vertex 400550.6 211332.3 340439.1
vertex 400550.6 211056.4 346080
endloop
endfacet
facet normal 0 0 0
outer loop
vertex 411832.5 147709.6 340439.1
vertex 406191.6 148586.2 345264.7
vertex 406191.6 147489.5 340439.1
endloop
endfacet
facet normal 0 0 0
outer loop
vertex 400550.6 211056.4 346080
vertex 406191.6 211978.7 346080
vertex 406191.6 211420.3 340439.1
endloop
endfacet
facet normal 0 0 0
outer loop
vertex 411832.5 148586.2 345587.2
vertex 406191.6 148586.2 345264.7
vertex 411832.5 147709.6 340439.1
endloop
endfacet
facet normal 0 0 0
outer loop
vertex 434396.2 212190.2 346080
vertex 428755.3 213126.8 340439.1
vertex 428755.3 215680.8 346080
endloop
endfacet
facet normal 0 0 0
outer loop
vertex 434396.2 210636.6 342770.8
vertex 428755.3 213126.8 340439.1
vertex 434396.2 212190.2 346080
endloop
endfacet
facet normal 0 0 0
outer loop
vertex 433160.2 210636.6 340439.1
vertex 428755.3 213126.8 340439.1
vertex 434396.2 210636.6 342770.8
endloop
endfacet
facet normal 0 0 0
outer loop
vertex 411832.5 212324.1 340439.1
vertex 406191.6 211420.3 340439.1
vertex 406191.6 211978.7 346080
endloop
endfacet
facet normal 0 0 0
outer loop
vertex 372345.9 152327.3 340439.1
vertex 372345.9 154227.2 342531.6
vertex 368475.3 154227.2 340439.1
endloop
endfacet
facet normal 0 0 0
outer loop
vertex 406191.6 211978.7 346080
vertex 411832.5 213924.5 346080
vertex 411832.5 212324.1 340439.1
endloop
endfacet
facet normal 0 0 0
outer loop
vertex 440037.2 196244.4 340439.1
vertex 439041.3 199354.7 340439.1
vertex 439065.6 199354.7 346080
endloop
endfacet
facet normal 0 0 0
outer loop
vertex 439065.6 199354.7 346080
vertex 440037.2 195906.4 346080
vertex 440037.2 196244.4 340439.1
endloop
endfacet
facet normal 0 0 0
outer loop
vertex 377986.9 149970.7 340439.1
vertex 372345.9 154227.2 342531.6
vertex 372345.9 152327.3 340439.1
endloop
endfacet
facet normal 0 0 0
outer loop
vertex 377986.9 154227.2 345499
vertex 372345.9 154227.2 342531.6
vertex 377986.9 149970.7 340439.1
endloop
endfacet
facet normal 0 0 0
outer loop
vertex 440509.7 171150 340439.1
vertex 440411.2 176790.9 340439.1
vertex 440535.9 176790.9 346080
endloop
endfacet
facet normal 0 0 0
outer loop
vertex 440535.9 176790.9 346080
vertex 440415.9 171150 346080
vertex 440509.7 171150 340439.1
endloop
endfacet
facet normal 0 0 0
outer loop
vertex 440495.7 193713.8 340439.1
vertex 440037.2 196244.4 340439.1
vertex 440037.2 195906.4 346080
endloop
endfacet
facet normal 0 0 0
outer loop
vertex 440037.2 195906.4 346080
vertex 440412.2 193713.8 346080
vertex 440495.7 193713.8 340439.1
endloop
endfacet
facet normal 0 0 0
outer loop
vertex 440411.2 176790.9 340439.1
vertex 440667.2 182431.9 340439.1
vertex 440647.9 182431.9 346080
endloop
endfacet
facet normal 0 0 0
outer loop
vertex 439041.3 199354.7 340439.1
vertex 436633.4 204995.6 340439.1
vertex 437784 204995.6 346080
endloop
endfacet
facet normal 0 0 0
outer loop
vertex 440647.9 182431.9 346080
vertex 440535.9 176790.9 346080
vertex 440411.2 176790.9 340439.1
endloop
endfacet
facet normal 0 0 0
outer loop
vertex 437784 204995.6 346080
vertex 439065.6 199354.7 346080
vertex 439041.3 199354.7 340439.1
endloop
endfacet
facet normal 0 0 0
outer loop
vertex 370112.8 159868.1 346080
vertex 372345.9 154227.2 342531.6
vertex 372345.9 158162.5 346080
endloop
endfacet
facet normal 0 0 0
outer loop
vertex 366705 159868.1 344070.3
vertex 372345.9 154227.2 342531.6
vertex 370112.8 159868.1 346080
endloop
endfacet
facet normal 0 0 0
outer loop
vertex 368475.3 154227.2 340439.1
vertex 372345.9 154227.2 342531.6
vertex 366705 159868.1 344070.3
endloop
endfacet
facet normal 0 0 0
outer loop
vertex 366705 155180 340439.1
vertex 368475.3 154227.2 340439.1
vertex 366705 159868.1 344070.3
endloop
endfacet
facet normal 0 0 0
outer loop
vertex 440667.2 182431.9 340439.1
vertex 440854.8 188072.8 340439.1
vertex 440729.2 188072.8 346080
endloop
endfacet
facet normal 0 0 0
outer loop
vertex 440729.2 188072.8 346080
vertex 440647.9 182431.9 346080
vertex 440667.2 182431.9 340439.1
endloop
endfacet
facet normal 0 0 0
outer loop
vertex 437784 204995.6 346080
vertex 434396.2 210636.6 342770.8
vertex 435525.8 210636.6 346080
endloop
endfacet
facet normal 0 0 0
outer loop
vertex 436633.4 204995.6 340439.1
vertex 434396.2 210636.6 342770.8
vertex 437784 204995.6 346080
endloop
endfacet
facet normal 0 0 0
outer loop
vertex 434396.2 208878.5 340439.1
vertex 434396.2 210636.6 342770.8
vertex 436633.4 204995.6 340439.1
endloop
endfacet
facet normal 0 0 0
outer loop
vertex 372345.9 154227.2 342531.6
vertex 377986.9 154227.2 345499
vertex 377986.9 154802.2 346080
endloop
endfacet
facet normal 0 0 0
outer loop
vertex 377986.9 154802.2 346080
vertex 372345.9 158162.5 346080
vertex 372345.9 154227.2 342531.6
endloop
endfacet
facet normal 0 0 0
outer loop
vertex 440854.8 188072.8 340439.1
vertex 440495.7 193713.8 340439.1
vertex 440412.2 193713.8 346080
endloop
endfacet
facet normal 0 0 0
outer loop
vertex 440412.2 193713.8 346080
vertex 440729.2 188072.8 346080
vertex 440854.8 188072.8 340439.1
endloop
endfacet
facet normal 0 0 0
outer loop
vertex 435525.8 210636.6 346080
vertex 434396.2 210636.6 342770.8
vertex 434396.2 212190.2 346080
endloop
endfacet
facet normal 0 0 0
outer loop
vertex 382167.6 148586.2 340439.1
vertex 383627.8 148586.2 341369.2
vertex 383627.8 152273.7 346080
endloop
endfacet
facet normal 0 0 0
outer loop
vertex 377986.9 149970.7 340439.1
vertex 382167.6 148586.2 340439.1
vertex 383627.8 152273.7 346080
endloop
endfacet
facet normal 0 0 0
outer loop
vertex 379185.7 154227.2 346080
vertex 377986.9 149970.7 340439.1
vertex 383627.8 152273.7 346080
endloop
endfacet
facet normal 0 0 0
outer loop
vertex 377986.9 154227.2 345499
vertex 377986.9 149970.7 340439.1
vertex 379185.7 154227.2 346080
endloop
endfacet
facet normal 0 0 0
outer loop
vertex 423114.4 216441.6 346080
vertex 423114.4 216277.5 345727.3
vertex 419572.5 216277.5 346080
endloop
endfacet
facet normal 0 0 0
outer loop
vertex 383627.8 152273.7 346080
vertex 389268.8 148586.2 343683.6
vertex 389268.8 150223.9 346080
endloop
endfacet
facet normal 0 0 0
outer loop
vertex 383627.8 148586.2 341369.2
vertex 389268.8 148586.2 343683.6
vertex 383627.8 152273.7 346080
endloop
endfacet
facet normal 0 0 0
outer loop
vertex 425425.4 216277.5 346080
vertex 423114.4 216277.5 345727.3
vertex 423114.4 216441.6 346080
endloop
endfacet
facet normal 0 0 0
outer loop
vertex 377986.9 154802.2 346080
vertex 377986.9 154227.2 345499
vertex 379185.7 154227.2 346080
endloop
endfacet
facet normal 0 0 0
outer loop
vertex 366705 163260.1 346080
vertex 366705 159868.1 344070.3
vertex 370112.8 159868.1 346080
endloop
endfacet
facet normal 0 0 0
outer loop
vertex 389268.8 150223.9 346080
vertex 394909.7 148586.2 344276.1
vertex 394909.7 149476 346080
endloop
endfacet
facet normal 0 0 0
outer loop
vertex 389268.8 148586.2 343683.6
vertex 394909.7 148586.2 344276.1
vertex 389268.8 150223.9 346080
endloop
endfacet
facet normal 0 0 0
outer loop
vertex 394909.7 148586.2 344276.1
vertex 400550.6 148586.2 344239.4
vertex 400550.6 149413.2 346080
endloop
endfacet
facet normal 0 0 0
outer loop
vertex 400550.6 149413.2 346080
vertex 394909.7 149476 346080
vertex 394909.7 148586.2 344276.1
endloop
endfacet
facet normal 0 0 0
outer loop
vertex 400550.6 149413.2 346080
vertex 406191.6 148586.2 345264.7
vertex 406191.6 148849.9 346080
endloop
endfacet
facet normal 0 0 0
outer loop
vertex 400550.6 148586.2 344239.4
vertex 406191.6 148586.2 345264.7
vertex 400550.6 149413.2 346080
endloop
endfacet
facet normal 0 0 0
outer loop
vertex 406191.6 148849.9 346080
vertex 411832.5 148586.2 345587.2
vertex 411832.5 148695.9 346080
endloop
endfacet
facet normal 0 0 0
outer loop
vertex 406191.6 148586.2 345264.7
vertex 411832.5 148586.2 345587.2
vertex 406191.6 148849.9 346080
endloop
endfacet
facet normal 0 0 0
outer loop
vertex 417473.4 148586.2 344875.2
vertex 411832.5 148586.2 345587.2
vertex 411832.5 147709.6 340439.1
endloop
endfacet
facet normal 0 0 0
outer loop
vertex 423978.2 148586.2 340439.1
vertex 423114.4 148586.2 346071.9
vertex 423114.4 148492.4 340439.1
endloop
endfacet
facet normal 0 0 0
outer loop
vertex 411832.5 147709.6 340439.1
vertex 417473.4 148106 340439.1
vertex 417473.4 148586.2 344875.2
endloop
endfacet
facet normal 0 0 0
outer loop
vertex 423114.4 148492.4 340439.1
vertex 417473.4 148586.2 344875.2
vertex 417473.4 148106 340439.1
endloop
endfacet
facet normal 0 0 0
outer loop
vertex 423114.4 148586.2 346071.9
vertex 417473.4 148586.2 344875.2
vertex 423114.4 148492.4 340439.1
endloop
endfacet
facet normal 0 0 0
outer loop
vertex 411832.5 148586.2 345587.2
vertex 417473.4 148586.2 344875.2
vertex 417473.4 148788.1 346080
endloop
endfacet
facet normal 0 0 0
outer loop
vertex 417473.4 148788.1 346080
vertex 411832.5 148695.9 346080
vertex 411832.5 148586.2 345587.2
endloop
endfacet
facet normal 0 0 0
outer loop
vertex 417473.4 148788.1 346080
vertex 423114.4 148586.2 346071.9
vertex 423114.4 148587 346080
endloop
endfacet
facet normal 0 0 0
outer loop
vertex 417473.4 148586.2 344875.2
vertex 423114.4 148586.2 346071.9
vertex 417473.4 148788.1 346080
endloop
endfacet
facet normal 0 0 0
outer loop
vertex 423978.2 148586.2 340439.1
vertex 428755.3 149371.3 340439.1
vertex 428755.3 149032.9 346080
endloop
endfacet
facet normal 0 0 0
outer loop
vertex 423114.4 148586.2 346071.9
vertex 423978.2 148586.2 340439.1
vertex 428755.3 149032.9 346080
endloop
endfacet
facet normal 0 0 0
outer loop
vertex 423114.4 148587 346080
vertex 423114.4 148586.2 346071.9
vertex 428755.3 149032.9 346080
endloop
endfacet
facet normal 0 0 0
outer loop
vertex 434396.2 149352 346080
vertex 432139.9 149623.8 343259.5
vertex 434396.2 149921.3 343259.5
endloop
endfacet
facet normal 0 0 0
outer loop
vertex 434396.2 149921.3 343259.5
vertex 432139.9 149623.8 343259.5
vertex 434396.2 150441.5 340439.1
endloop
endfacet
facet normal 0 0 0
outer loop
vertex 434396.2 150441.5 340439.1
vertex 432139.9 149623.8 343259.5
vertex 428755.3 149371.3 340439.1
endloop
endfacet
facet normal 0 0 0
outer loop
vertex 428755.3 149371.3 340439.1
vertex 432139.9 149623.8 343259.5
vertex 428755.3 149032.9 346080
endloop
endfacet
facet normal 0 0 0
outer loop
vertex 428755.3 149032.9 346080
vertex 432139.9 149623.8 343259.5
vertex 434396.2 149352 346080
endloop
endfacet
facet normal 0 0 0
outer loop
vertex 440662.8 165509.1 346080
vertex 440634.7 162124.5 343259.5
vertex 440543.8 165509.1 340439.1
endloop
endfacet
facet normal 0 0 0
outer loop
vertex 440543.8 165509.1 340439.1
vertex 440634.7 162124.5 343259.5
vertex 440534.6 159868.1 340439.1
endloop
endfacet
facet normal 0 0 0
outer loop
vertex 440534.6 159868.1 340439.1
vertex 440634.7 162124.5 343259.5
vertex 440777.3 159868.1 343259.5
endloop
endfacet
facet normal 0 0 0
outer loop
vertex 440777.3 159868.1 343259.5
vertex 440634.7 162124.5 343259.5
vertex 440654.9 159868.1 346080
endloop
endfacet
facet normal 0 0 0
outer loop
vertex 440654.9 159868.1 346080
vertex 440634.7 162124.5 343259.5
vertex 440662.8 165509.1 346080
endloop
endfacet
facet normal 0 0 0
outer loop
vertex 440543.8 165509.1 340439.1
vertex 440509.7 171150 340439.1
vertex 440415.9 171150 346080
endloop
endfacet
facet normal 0 0 0
outer loop
vertex 440415.9 171150 346080
vertex 440662.8 165509.1 346080
vertex 440543.8 165509.1 340439.1
endloop
endfacet
facet normal 0 0 0
outer loop
vertex 383627.8 204995.6 344382.2
vertex 377986.9 203020.5 340439.1
vertex 377986.9 200786 346080
endloop
endfacet
facet normal 0 0 0
outer loop
vertex 383627.8 204360.6 346080
vertex 383627.8 204995.6 344382.2
vertex 377986.9 200786 346080
endloop
endfacet
facet normal 0 0 0
outer loop
vertex 381662 204995.6 340439.1
vertex 377986.9 203020.5 340439.1
vertex 383627.8 204995.6 344382.2
endloop
endfacet
facet normal 0 0 0
outer loop
vertex 384811.4 204995.6 346080
vertex 383627.8 204995.6 344382.2
vertex 383627.8 204360.6 346080
endloop
endfacet
facet normal 0 0 0
outer loop
vertex 381662 204995.6 340439.1
vertex 383627.8 204995.6 344382.2
vertex 383627.8 206088.5 340439.1
endloop
endfacet
facet normal 0 0 0
outer loop
vertex 389268.8 207717.4 346080
vertex 383627.8 204995.6 344382.2
vertex 384811.4 204995.6 346080
endloop
endfacet
facet normal 0 0 0
outer loop
vertex 389268.8 209171.2 340439.1
vertex 383627.8 204995.6 344382.2
vertex 389268.8 207717.4 346080
endloop
endfacet
facet normal 0 0 0
outer loop
vertex 383627.8 206088.5 340439.1
vertex 383627.8 204995.6 344382.2
vertex 389268.8 209171.2 340439.1
endloop
endfacet
facet normal 0 0 0
outer loop
vertex 370019.4 193713.8 346080
vertex 366705 193713.8 342728.4
vertex 366705 189588.5 346080
endloop
endfacet
facet normal 0 0 0
outer loop
vertex 376129.3 199354.7 346080
vertex 373134.6 199310.5 341320.2
vertex 372345.9 196008.8 346080
endloop
endfacet
facet normal 0 0 0
outer loop
vertex 372345.9 196008.8 346080
vertex 373134.6 199310.5 341320.2
vertex 370019.4 193713.8 346080
endloop
endfacet
facet normal 0 0 0
outer loop
vertex 370019.4 193713.8 346080
vertex 373134.6 199310.5 341320.2
vertex 366705 193713.8 342728.4
endloop
endfacet
facet normal 0 0 0
outer loop
vertex 366705 193713.8 342728.4
vertex 373134.6 199310.5 341320.2
vertex 366705 199797.7 334798.1
endloop
endfacet
facet normal 0 0 0
outer loop
vertex 366705 199797.7 334798.1
vertex 373134.6 199310.5 341320.2
vertex 372345.9 202666.7 334798.1
endloop
endfacet
facet normal 0 0 0
outer loop
vertex 372345.9 202666.7 334798.1
vertex 373134.6 199310.5 341320.2
vertex 377986.9 204732.3 334798.1
endloop
endfacet
facet normal 0 0 0
outer loop
vertex 377986.9 204732.3 334798.1
vertex 373134.6 199310.5 341320.2
vertex 377986.9 203020.5 340439.1
endloop
endfacet
facet normal 0 0 0
outer loop
vertex 377986.9 203020.5 340439.1
vertex 373134.6 199310.5 341320.2
vertex 377986.9 200786 346080
endloop
endfacet
facet normal 0 0 0
outer loop
vertex 377986.9 200786 346080
vertex 373134.6 199310.5 341320.2
vertex 376129.3 199354.7 346080
endloop
endfacet
facet normal 0 0 0
outer loop
vertex 355423.1 171150 340758
vertex 355423.1 182431.9 339061.8
vertex 350578.7 182431.9 334798.1
endloop
endfacet
facet normal 0 0 0
outer loop
vertex 350578.7 182431.9 334798.1
vertex 347216.2 171150 334798.1
vertex 355423.1 171150 340758
endloop
endfacet
facet normal 0 0 0
outer loop
vertex 363502.4 182431.9 346080
vertex 355423.1 171150 340758
vertex 362854.2 171150 346080
endloop
endfacet
facet normal 0 0 0
outer loop
vertex 355423.1 182431.9 339061.8
vertex 355423.1 171150 340758
vertex 363502.4 182431.9 346080
endloop
endfacet
facet normal 0 0 0
outer loop
vertex 350578.7 182431.9 334798.1
vertex 355423.1 182431.9 339061.8
vertex 355423.1 190001.1 334798.1
endloop
endfacet
facet normal 0 0 0
outer loop
vertex 366705 189588.5 346080
vertex 355423.1 182431.9 339061.8
vertex 363502.4 182431.9 346080
endloop
endfacet
facet normal 0 0 0
outer loop
vertex 355423.1 190001.1 334798.1
vertex 355423.1 182431.9 339061.8
vertex 366705 189588.5 346080
endloop
endfacet
facet normal 0 0 0
outer loop
vertex 358867.1 193713.8 334798.1
vertex 355423.1 190001.1 334798.1
vertex 366705 189588.5 346080
endloop
endfacet
facet normal 0 0 0
outer loop
vertex 366705 193713.8 342728.4
vertex 358867.1 193713.8 334798.1
vertex 366705 189588.5 346080
endloop
endfacet
facet normal 0 0 0
outer loop
vertex 358867.1 193713.8 334798.1
vertex 366705 193713.8 342728.4
vertex 366705 199797.7 334798.1
endloop
endfacet
facet normal 0 0 0
outer loop
vertex 355423.1 155502.8 334798.1
vertex 355423.1 159868.1 337416.1
vertex 350868.6 159868.1 334798.1
endloop
endfacet
facet normal 0 0 0
outer loop
vertex 355423.1 155502.8 334798.1
vertex 362944.4 155756.7 338514
vertex 355423.1 159868.1 337416.1
endloop
endfacet
facet normal 0 0 0
outer loop
vertex 355423.1 159868.1 337416.1
vertex 362944.4 155756.7 338514
vertex 366705 159868.1 344070.3
endloop
endfacet
facet normal 0 0 0
outer loop
vertex 366705 159868.1 344070.3
vertex 362944.4 155756.7 338514
vertex 366705 155180 340439.1
endloop
endfacet
facet normal 0 0 0
outer loop
vertex 366705 155180 340439.1
vertex 362944.4 155756.7 338514
vertex 366705 154227.2 339562.4
endloop
endfacet
facet normal 0 0 0
outer loop
vertex 366705 154227.2 339562.4
vertex 362944.4 155756.7 338514
vertex 366705 149893.9 334798.1
endloop
endfacet
facet normal 0 0 0
outer loop
vertex 366705 149893.9 334798.1
vertex 362944.4 155756.7 338514
vertex 355423.1 155502.8 334798.1
endloop
endfacet
facet normal 0 0 0
outer loop
vertex 350868.6 159868.1 334798.1
vertex 355423.1 171150 340758
vertex 347216.2 171150 334798.1
endloop
endfacet
facet normal 0 0 0
outer loop
vertex 355423.1 159868.1 337416.1
vertex 355423.1 171150 340758
vertex 350868.6 159868.1 334798.1
endloop
endfacet
facet normal 0 0 0
outer loop
vertex 355423.1 159868.1 337416.1
vertex 366705 159868.1 344070.3
vertex 366705 163260.1 346080
endloop
endfacet
facet normal 0 0 0
outer loop
vertex 355423.1 171150 340758
vertex 355423.1 159868.1 337416.1
vertex 366705 163260.1 346080
endloop
endfacet
facet normal 0 0 0
outer loop
vertex 362854.2 171150 346080
vertex 355423.1 171150 340758
vertex 366705 163260.1 346080
endloop
endfacet
facet normal 0 0 0
outer loop
vertex 372345.9 158162.5 346080
vertex 372345.9 159868.1 347387
vertex 370112.8 159868.1 346080
endloop
endfacet
facet normal 0 0 0
outer loop
vertex 366705 188072.8 346937.2
vertex 366705 182431.9 348953.3
vertex 369658.2 182431.9 351720.9
endloop
endfacet
facet normal 0 0 0
outer loop
vertex 440647.9 182431.9 346080
vertex 440729.2 188072.8 346080
vertex 440596.7 188072.8 351720.9
endloop
endfacet
facet normal 0 0 0
outer loop
vertex 369658.2 182431.9 351720.9
vertex 371612.6 188072.8 351720.9
vertex 366705 188072.8 346937.2
endloop
endfacet
facet normal 0 0 0
outer loop
vertex 440596.7 188072.8 351720.9
vertex 440757.2 182431.9 351720.9
vertex 440647.9 182431.9 346080
endloop
endfacet
facet normal 0 0 0
outer loop
vertex 411832.5 148695.9 346080
vertex 417473.4 148788.1 346080
vertex 417473.4 150054.8 351720.9
endloop
endfacet
facet normal 0 0 0
outer loop
vertex 417473.4 150054.8 351720.9
vertex 411832.5 150397.4 351720.9
vertex 411832.5 148695.9 346080
endloop
endfacet
facet normal 0 0 0
outer loop
vertex 377986.9 159868.1 350696.8
vertex 372345.9 159868.1 347387
vertex 372345.9 158162.5 346080
endloop
endfacet
facet normal 0 0 0
outer loop
vertex 372345.9 158162.5 346080
vertex 377986.9 154802.2 346080
vertex 377986.9 159868.1 350696.8
endloop
endfacet
facet normal 0 0 0
outer loop
vertex 440729.2 188072.8 346080
vertex 440412.2 193713.8 346080
vertex 440235.3 193713.8 351720.9
endloop
endfacet
facet normal 0 0 0
outer loop
vertex 440235.3 193713.8 351720.9
vertex 440596.7 188072.8 351720.9
vertex 440729.2 188072.8 346080
endloop
endfacet
facet normal 0 0 0
outer loop
vertex 417473.4 148788.1 346080
vertex 423114.4 148587 346080
vertex 423114.4 149541.2 351720.9
endloop
endfacet
facet normal 0 0 0
outer loop
vertex 423114.4 149541.2 351720.9
vertex 417473.4 150054.8 351720.9
vertex 417473.4 148788.1 346080
endloop
endfacet
facet normal 0 0 0
outer loop
vertex 383627.8 152273.7 346080
vertex 383627.8 154227.2 348027.6
vertex 379185.7 154227.2 346080
endloop
endfacet
facet normal 0 0 0
outer loop
vertex 389268.8 150223.9 346080
vertex 383627.8 154227.2 348027.6
vertex 383627.8 152273.7 346080
endloop
endfacet
facet normal 0 0 0
outer loop
vertex 372345.9 189499.2 351720.9
vertex 366705 188072.8 346937.2
vertex 371612.6 188072.8 351720.9
endloop
endfacet
facet normal 0 0 0
outer loop
vertex 389268.8 154227.2 350804.7
vertex 383627.8 154227.2 348027.6
vertex 389268.8 150223.9 346080
endloop
endfacet
facet normal 0 0 0
outer loop
vertex 423114.4 148587 346080
vertex 428755.3 149032.9 346080
vertex 428755.3 148960.2 351720.9
endloop
endfacet
facet normal 0 0 0
outer loop
vertex 366705 189588.5 346080
vertex 366705 188072.8 346937.2
vertex 372345.9 189499.2 351720.9
endloop
endfacet
facet normal 0 0 0
outer loop
vertex 414773.4 216277.5 351720.9
vertex 411832.5 213924.5 346080
vertex 411832.5 214925.3 351720.9
endloop
endfacet
facet normal 0 0 0
outer loop
vertex 428755.3 148960.2 351720.9
vertex 423114.4 149541.2 351720.9
vertex 423114.4 148587 346080
endloop
endfacet
facet normal 0 0 0
outer loop
vertex 372345.9 193713.8 348703.6
vertex 366705 189588.5 346080
vertex 372345.9 189499.2 351720.9
endloop
endfacet
facet normal 0 0 0
outer loop
vertex 417473.4 216277.5 347062.9
vertex 411832.5 213924.5 346080
vertex 414773.4 216277.5 351720.9
endloop
endfacet
facet normal 0 0 0
outer loop
vertex 370019.4 193713.8 346080
vertex 366705 189588.5 346080
vertex 372345.9 193713.8 348703.6
endloop
endfacet
facet normal 0 0 0
outer loop
vertex 417473.4 215961.5 346080
vertex 411832.5 213924.5 346080
vertex 417473.4 216277.5 347062.9
endloop
endfacet
facet normal 0 0 0
outer loop
vertex 417473.4 215961.5 346080
vertex 417473.4 216277.5 347062.9
vertex 419572.5 216277.5 346080
endloop
endfacet
facet normal 0 0 0
outer loop
vertex 428755.3 148960.2 351720.9
vertex 434396.2 149352 346080
vertex 434396.2 148622.8 351720.9
endloop
endfacet
facet normal 0 0 0
outer loop
vertex 428755.3 149032.9 346080
vertex 434396.2 149352 346080
vertex 428755.3 148960.2 351720.9
endloop
endfacet
facet normal 0 0 0
outer loop
vertex 375220.1 193713.8 351720.9
vertex 372345.9 193713.8 348703.6
vertex 372345.9 189499.2 351720.9
endloop
endfacet
facet normal 0 0 0
outer loop
vertex 379185.7 154227.2 346080
vertex 383627.8 154227.2 348027.6
vertex 383627.8 157457.1 351720.9
endloop
endfacet
facet normal 0 0 0
outer loop
vertex 379728.2 159868.1 351720.9
vertex 379185.7 154227.2 346080
vertex 383627.8 157457.1 351720.9
endloop
endfacet
facet normal 0 0 0
outer loop
vertex 377986.9 159868.1 350696.8
vertex 379185.7 154227.2 346080
vertex 379728.2 159868.1 351720.9
endloop
endfacet
facet normal 0 0 0
outer loop
vertex 377986.9 154802.2 346080
vertex 379185.7 154227.2 346080
vertex 377986.9 159868.1 350696.8
endloop
endfacet
facet normal 0 0 0
outer loop
vertex 425425.4 216277.5 346080
vertex 428755.3 216277.5 349395.8
vertex 428755.3 215680.8 346080
endloop
endfacet
facet normal 0 0 0
outer loop
vertex 370019.4 193713.8 346080
vertex 372345.9 193713.8 348703.6
vertex 372345.9 196008.8 346080
endloop
endfacet
facet normal 0 0 0
outer loop
vertex 383627.8 157457.1 351720.9
vertex 389268.8 154227.2 350804.7
vertex 389268.8 154886.1 351720.9
endloop
endfacet
facet normal 0 0 0
outer loop
vertex 383627.8 154227.2 348027.6
vertex 389268.8 154227.2 350804.7
vertex 383627.8 157457.1 351720.9
endloop
endfacet
facet normal 0 0 0
outer loop
vertex 434396.2 213509.4 351720.9
vertex 428755.3 216277.5 349395.8
vertex 429217.9 216277.5 351720.9
endloop
endfacet
facet normal 0 0 0
outer loop
vertex 434396.2 212190.2 346080
vertex 428755.3 216277.5 349395.8
vertex 434396.2 213509.4 351720.9
endloop
endfacet
facet normal 0 0 0
outer loop
vertex 428755.3 215680.8 346080
vertex 428755.3 216277.5 349395.8
vertex 434396.2 212190.2 346080
endloop
endfacet
facet normal 0 0 0
outer loop
vertex 440037.2 153372 351720.9
vertex 437821.6 151626.3 348003.2
vertex 440037.2 154227.2 348260.6
endloop
endfacet
facet normal 0 0 0
outer loop
vertex 440037.2 154227.2 348260.6
vertex 437821.6 151626.3 348003.2
vertex 440012.5 154227.2 346080
endloop
endfacet
facet normal 0 0 0
outer loop
vertex 440012.5 154227.2 346080
vertex 437821.6 151626.3 348003.2
vertex 438655.1 151406.7 346080
endloop
endfacet
facet normal 0 0 0
outer loop
vertex 438655.1 151406.7 346080
vertex 437821.6 151626.3 348003.2
vertex 437216.7 150176.3 346080
endloop
endfacet
facet normal 0 0 0
outer loop
vertex 437216.7 150176.3 346080
vertex 437821.6 151626.3 348003.2
vertex 434396.2 149352 346080
endloop
endfacet
facet normal 0 0 0
outer loop
vertex 434396.2 149352 346080
vertex 437821.6 151626.3 348003.2
vertex 434396.2 148622.8 351720.9
endloop
endfacet
facet normal 0 0 0
outer loop
vertex 434396.2 148622.8 351720.9
vertex 437821.6 151626.3 348003.2
vertex 440037.2 153372 351720.9
endloop
endfacet
facet normal 0 0 0
outer loop
vertex 377986.9 199354.7 348530.8
vertex 372345.9 193713.8 348703.6
vertex 375220.1 193713.8 351720.9
endloop
endfacet
facet normal 0 0 0
outer loop
vertex 440037.2 195906.4 346080
vertex 439065.6 199354.7 346080
vertex 439016 199354.7 351720.9
endloop
endfacet
facet normal 0 0 0
outer loop
vertex 377986.9 196785.3 351720.9
vertex 377986.9 199354.7 348530.8
vertex 375220.1 193713.8 351720.9
endloop
endfacet
facet normal 0 0 0
outer loop
vertex 439016 199354.7 351720.9
vertex 440037.2 194989 351720.9
vertex 440037.2 195906.4 346080
endloop
endfacet
facet normal 0 0 0
outer loop
vertex 440037.2 153372 351720.9
vertex 440037.2 154227.2 348260.6
vertex 440081.1 154227.2 351720.9
endloop
endfacet
facet normal 0 0 0
outer loop
vertex 372345.9 196008.8 346080
vertex 372345.9 193713.8 348703.6
vertex 377986.9 199354.7 348530.8
endloop
endfacet
facet normal 0 0 0
outer loop
vertex 372345.9 165509.1 350795.1
vertex 366705 165509.1 347123.5
vertex 366705 163260.1 346080
endloop
endfacet
facet normal 0 0 0
outer loop
vertex 376129.3 199354.7 346080
vertex 372345.9 196008.8 346080
vertex 377986.9 199354.7 348530.8
endloop
endfacet
facet normal 0 0 0
outer loop
vertex 370112.8 159868.1 346080
vertex 372345.9 165509.1 350795.1
vertex 366705 163260.1 346080
endloop
endfacet
facet normal 0 0 0
outer loop
vertex 372345.9 159868.1 347387
vertex 372345.9 165509.1 350795.1
vertex 370112.8 159868.1 346080
endloop
endfacet
facet normal 0 0 0
outer loop
vertex 440037.2 154349.9 346080
vertex 440037.2 154227.2 348260.6
vertex 440012.5 154227.2 346080
endloop
endfacet
facet normal 0 0 0
outer loop
vertex 440412.2 193713.8 346080
vertex 440037.2 195906.4 346080
vertex 440037.2 194989 351720.9
endloop
endfacet
facet normal 0 0 0
outer loop
vertex 440037.2 194989 351720.9
vertex 440235.3 193713.8 351720.9
vertex 440412.2 193713.8 346080
endloop
endfacet
facet normal 0 0 0
outer loop
vertex 376129.3 199354.7 346080
vertex 377986.9 199354.7 348530.8
vertex 377986.9 200786 346080
endloop
endfacet
facet normal 0 0 0
outer loop
vertex 381016.2 199354.7 351720.9
vertex 377986.9 199354.7 348530.8
vertex 377986.9 196785.3 351720.9
endloop
endfacet
facet normal 0 0 0
outer loop
vertex 439065.6 199354.7 346080
vertex 437784 204995.6 346080
vertex 438465.2 204995.6 351720.9
endloop
endfacet
facet normal 0 0 0
outer loop
vertex 438465.2 204995.6 351720.9
vertex 439016 199354.7 351720.9
vertex 439065.6 199354.7 346080
endloop
endfacet
facet normal 0 0 0
outer loop
vertex 440217.8 159868.1 351720.9
vertex 440240 156598 348323.8
vertex 440654.9 159868.1 346080
endloop
endfacet
facet normal 0 0 0
outer loop
vertex 372345.9 159868.1 347387
vertex 377986.9 159868.1 350696.8
vertex 377986.9 161175.1 351720.9
endloop
endfacet
facet normal 0 0 0
outer loop
vertex 440654.9 159868.1 346080
vertex 440240 156598 348323.8
vertex 440411.8 157047.7 346080
endloop
endfacet
facet normal 0 0 0
outer loop
vertex 374125.5 165509.1 351720.9
vertex 372345.9 159868.1 347387
vertex 377986.9 161175.1 351720.9
endloop
endfacet
facet normal 0 0 0
outer loop
vertex 440411.8 157047.7 346080
vertex 440240 156598 348323.8
vertex 440037.2 154349.9 346080
endloop
endfacet
facet normal 0 0 0
outer loop
vertex 372345.9 165509.1 350795.1
vertex 372345.9 159868.1 347387
vertex 374125.5 165509.1 351720.9
endloop
endfacet
facet normal 0 0 0
outer loop
vertex 440037.2 154349.9 346080
vertex 440240 156598 348323.8
vertex 440037.2 154227.2 348260.6
endloop
endfacet
facet normal 0 0 0
outer loop
vertex 440037.2 154227.2 348260.6
vertex 440240 156598 348323.8
vertex 440081.1 154227.2 351720.9
endloop
endfacet
facet normal 0 0 0
outer loop
vertex 440081.1 154227.2 351720.9
vertex 440240 156598 348323.8
vertex 440217.8 159868.1 351720.9
endloop
endfacet
facet normal 0 0 0
outer loop
vertex 437784 204995.6 346080
vertex 435525.8 210636.6 346080
vertex 437252.2 210636.6 351720.9
endloop
endfacet
facet normal 0 0 0
outer loop
vertex 437252.2 210636.6 351720.9
vertex 438465.2 204995.6 351720.9
vertex 437784 204995.6 346080
endloop
endfacet
facet normal 0 0 0
outer loop
vertex 383627.8 201336.5 351720.9
vertex 377986.9 199354.7 348530.8
vertex 381016.2 199354.7 351720.9
endloop
endfacet
facet normal 0 0 0
outer loop
vertex 383627.8 204360.6 346080
vertex 377986.9 199354.7 348530.8
vertex 383627.8 201336.5 351720.9
endloop
endfacet
facet normal 0 0 0
outer loop
vertex 377986.9 200786 346080
vertex 377986.9 199354.7 348530.8
vertex 383627.8 204360.6 346080
endloop
endfacet
facet normal 0 0 0
outer loop
vertex 440654.9 159868.1 346080
vertex 440662.8 165509.1 346080
vertex 440412.6 165509.1 351720.9
endloop
endfacet
facet normal 0 0 0
outer loop
vertex 440412.6 165509.1 351720.9
vertex 440217.8 159868.1 351720.9
vertex 440654.9 159868.1 346080
endloop
endfacet
facet normal 0 0 0
outer loop
vertex 366705 165509.1 347123.5
vertex 372345.9 165509.1 350795.1
vertex 372345.9 167918.1 351720.9
endloop
endfacet
facet normal 0 0 0
outer loop
vertex 366705 171150 348904.7
vertex 366705 165509.1 347123.5
vertex 372345.9 167918.1 351720.9
endloop
endfacet
facet normal 0 0 0
outer loop
vertex 370420.2 171150 351720.9
vertex 366705 171150 348904.7
vertex 372345.9 167918.1 351720.9
endloop
endfacet
facet normal 0 0 0
outer loop
vertex 435525.8 210636.6 346080
vertex 434396.2 212190.2 346080
vertex 434396.2 213509.4 351720.9
endloop
endfacet
facet normal 0 0 0
outer loop
vertex 434396.2 213509.4 351720.9
vertex 437252.2 210636.6 351720.9
vertex 435525.8 210636.6 346080
endloop
endfacet
facet normal 0 0 0
outer loop
vertex 384811.4 204995.6 346080
vertex 383627.8 204360.6 346080
vertex 383627.8 201336.5 351720.9
endloop
endfacet
facet normal 0 0 0
outer loop
vertex 383627.8 201336.5 351720.9
vertex 388610.3 204995.6 351720.9
vertex 384811.4 204995.6 346080
endloop
endfacet
facet normal 0 0 0
outer loop
vertex 372345.9 167918.1 351720.9
vertex 372345.9 165509.1 350795.1
vertex 374125.5 165509.1 351720.9
endloop
endfacet
facet normal 0 0 0
outer loop
vertex 440412.6 165509.1 351720.9
vertex 440415.9 171150 346080
vertex 440382.4 171150 351720.9
endloop
endfacet
facet normal 0 0 0
outer loop
vertex 440662.8 165509.1 346080
vertex 440415.9 171150 346080
vertex 440412.6 165509.1 351720.9
endloop
endfacet
facet normal 0 0 0
outer loop
vertex 417473.4 217060.3 351720.9
vertex 417473.4 216277.5 347062.9
vertex 414773.4 216277.5 351720.9
endloop
endfacet
facet normal 0 0 0
outer loop
vertex 377986.9 161175.1 351720.9
vertex 377986.9 159868.1 350696.8
vertex 379728.2 159868.1 351720.9
endloop
endfacet
facet normal 0 0 0
outer loop
vertex 389268.8 207717.4 346080
vertex 384811.4 204995.6 346080
vertex 388610.3 204995.6 351720.9
endloop
endfacet
facet normal 0 0 0
outer loop
vertex 388610.3 204995.6 351720.9
vertex 389268.8 205461 351720.9
vertex 389268.8 207717.4 346080
endloop
endfacet
facet normal 0 0 0
outer loop
vertex 419572.5 216277.5 346080
vertex 417473.4 216277.5 347062.9
vertex 417473.4 217060.3 351720.9
endloop
endfacet
facet normal 0 0 0
outer loop
vertex 423114.4 217697.9 351720.9
vertex 419572.5 216277.5 346080
vertex 417473.4 217060.3 351720.9
endloop
endfacet
facet normal 0 0 0
outer loop
vertex 423114.4 216441.6 346080
vertex 419572.5 216277.5 346080
vertex 423114.4 217697.9 351720.9
endloop
endfacet
facet normal 0 0 0
outer loop
vertex 391067.4 154227.2 351720.9
vertex 394909.7 149476 346080
vertex 394909.7 153356 351720.9
endloop
endfacet
facet normal 0 0 0
outer loop
vertex 389268.8 150223.9 346080
vertex 394909.7 149476 346080
vertex 391067.4 154227.2 351720.9
endloop
endfacet
facet normal 0 0 0
outer loop
vertex 394909.7 208273.3 351720.9
vertex 389268.8 207717.4 346080
vertex 389268.8 205461 351720.9
endloop
endfacet
facet normal 0 0 0
outer loop
vertex 389268.8 154227.2 350804.7
vertex 389268.8 150223.9 346080
vertex 391067.4 154227.2 351720.9
endloop
endfacet
facet normal 0 0 0
outer loop
vertex 394909.7 210060.4 346080
vertex 389268.8 207717.4 346080
vertex 394909.7 208273.3 351720.9
endloop
endfacet
facet normal 0 0 0
outer loop
vertex 394909.7 149476 346080
vertex 400550.6 149413.2 346080
vertex 400550.6 152605 351720.9
endloop
endfacet
facet normal 0 0 0
outer loop
vertex 400550.6 152605 351720.9
vertex 394909.7 153356 351720.9
vertex 394909.7 149476 346080
endloop
endfacet
facet normal 0 0 0
outer loop
vertex 425425.4 216277.5 346080
vertex 423114.4 216441.6 346080
vertex 423114.4 217697.9 351720.9
endloop
endfacet
facet normal 0 0 0
outer loop
vertex 428755.3 216277.5 349395.8
vertex 425425.4 216277.5 346080
vertex 423114.4 217697.9 351720.9
endloop
endfacet
facet normal 0 0 0
outer loop
vertex 428755.3 216491.3 351720.9
vertex 428755.3 216277.5 349395.8
vertex 423114.4 217697.9 351720.9
endloop
endfacet
facet normal 0 0 0
outer loop
vertex 398104.1 210636.6 346080
vertex 394909.7 210060.4 346080
vertex 394909.7 208273.3 351720.9
endloop
endfacet
facet normal 0 0 0
outer loop
vertex 400550.6 210636.6 347968.5
vertex 398104.1 210636.6 346080
vertex 394909.7 208273.3 351720.9
endloop
endfacet
facet normal 0 0 0
outer loop
vertex 389268.8 154886.1 351720.9
vertex 389268.8 154227.2 350804.7
vertex 391067.4 154227.2 351720.9
endloop
endfacet
facet normal 0 0 0
outer loop
vertex 400550.6 210032.6 351720.9
vertex 400550.6 210636.6 347968.5
vertex 394909.7 208273.3 351720.9
endloop
endfacet
facet normal 0 0 0
outer loop
vertex 429217.9 216277.5 351720.9
vertex 428755.3 216277.5 349395.8
vertex 428755.3 216491.3 351720.9
endloop
endfacet
facet normal 0 0 0
outer loop
vertex 398104.1 210636.6 346080
vertex 400550.6 210636.6 347968.5
vertex 400550.6 211056.4 346080
endloop
endfacet
facet normal 0 0 0
outer loop
vertex 400550.6 149413.2 346080
vertex 406191.6 148849.9 346080
vertex 406191.6 151340.9 351720.9
endloop
endfacet
facet normal 0 0 0
outer loop
vertex 406191.6 151340.9 351720.9
vertex 400550.6 152605 351720.9
vertex 400550.6 149413.2 346080
endloop
endfacet
facet normal 0 0 0
outer loop
vertex 402357.2 210636.6 351720.9
vertex 400550.6 210636.6 347968.5
vertex 400550.6 210032.6 351720.9
endloop
endfacet
facet normal 0 0 0
outer loop
vertex 406191.6 148849.9 346080
vertex 411832.5 148695.9 346080
vertex 411832.5 150397.4 351720.9
endloop
endfacet
facet normal 0 0 0
outer loop
vertex 411832.5 150397.4 351720.9
vertex 406191.6 151340.9 351720.9
vertex 406191.6 148849.9 346080
endloop
endfacet
facet normal 0 0 0
outer loop
vertex 406191.6 211978.7 346080
vertex 400550.6 210636.6 347968.5
vertex 402357.2 210636.6 351720.9
endloop
endfacet
facet normal 0 0 0
outer loop
vertex 406191.6 212176.2 351720.9
vertex 406191.6 211978.7 346080
vertex 402357.2 210636.6 351720.9
endloop
endfacet
facet normal 0 0 0
outer loop
vertex 400550.6 211056.4 346080
vertex 400550.6 210636.6 347968.5
vertex 406191.6 211978.7 346080
endloop
endfacet
facet normal 0 0 0
outer loop
vertex 411832.5 213924.5 346080
vertex 406191.6 211978.7 346080
vertex 406191.6 212176.2 351720.9
endloop
endfacet
facet normal 0 0 0
outer loop
vertex 406191.6 212176.2 351720.9
vertex 411832.5 214925.3 351720.9
vertex 411832.5 213924.5 346080
endloop
endfacet
facet normal 0 0 0
outer loop
vertex 440382.4 171150 351720.9
vertex 440535.9 176790.9 346080
vertex 440619 176790.9 351720.9
endloop
endfacet
facet normal 0 0 0
outer loop
vertex 440415.9 171150 346080
vertex 440535.9 176790.9 346080
vertex 440382.4 171150 351720.9
endloop
endfacet
facet normal 0 0 0
outer loop
vertex 440535.9 176790.9 346080
vertex 440647.9 182431.9 346080
vertex 440757.2 182431.9 351720.9
endloop
endfacet
facet normal 0 0 0
outer loop
vertex 440757.2 182431.9 351720.9
vertex 440619 176790.9 351720.9
vertex 440535.9 176790.9 346080
endloop
endfacet
facet normal 0 0 0
outer loop
vertex 431550.1 148586.2 357361.9
vertex 434396.2 148586.2 352036.8
vertex 434396.2 148412.5 357361.9
endloop
endfacet
facet normal 0 0 0
outer loop
vertex 372345.9 182431.9 354222.4
vertex 372345.9 188072.8 352446.3
vertex 371612.6 188072.8 351720.9
endloop
endfacet
facet normal 0 0 0
outer loop
vertex 440757.2 182431.9 351720.9
vertex 440596.7 188072.8 351720.9
vertex 440732.2 188072.8 357361.9
endloop
endfacet
facet normal 0 0 0
outer loop
vertex 371612.6 188072.8 351720.9
vertex 369658.2 182431.9 351720.9
vertex 372345.9 182431.9 354222.4
endloop
endfacet
facet normal 0 0 0
outer loop
vertex 440732.2 188072.8 357361.9
vertex 441101.8 182431.9 357361.9
vertex 440757.2 182431.9 351720.9
endloop
endfacet
facet normal 0 0 0
outer loop
vertex 383627.8 157457.1 351720.9
vertex 383627.8 159868.1 354194.1
vertex 379728.2 159868.1 351720.9
endloop
endfacet
facet normal 0 0 0
outer loop
vertex 434396.2 148412.5 357361.9
vertex 434396.2 148586.2 352036.8
vertex 435935.7 148586.2 357361.9
endloop
endfacet
facet normal 0 0 0
outer loop
vertex 372345.9 188072.8 352446.3
vertex 372345.9 182431.9 354222.4
vertex 375794.8 182431.9 357361.9
endloop
endfacet
facet normal 0 0 0
outer loop
vertex 440596.7 188072.8 351720.9
vertex 440235.3 193713.8 351720.9
vertex 440227.3 193713.8 357361.9
endloop
endfacet
facet normal 0 0 0
outer loop
vertex 375794.8 182431.9 357361.9
vertex 377495.4 188072.8 357361.9
vertex 372345.9 188072.8 352446.3
endloop
endfacet
facet normal 0 0 0
outer loop
vertex 440227.3 193713.8 357361.9
vertex 440732.2 188072.8 357361.9
vertex 440596.7 188072.8 351720.9
endloop
endfacet
facet normal 0 0 0
outer loop
vertex 411832.5 150397.4 351720.9
vertex 417473.4 150054.8 351720.9
vertex 417473.4 151970.1 357361.9
endloop
endfacet
facet normal 0 0 0
outer loop
vertex 417473.4 151970.1 357361.9
vertex 411832.5 152959.1 357361.9
vertex 411832.5 150397.4 351720.9
endloop
endfacet
facet normal 0 0 0
outer loop
vertex 371612.6 188072.8 351720.9
vertex 372345.9 188072.8 352446.3
vertex 372345.9 189499.2 351720.9
endloop
endfacet
facet normal 0 0 0
outer loop
vertex 388148.8 159868.1 357361.9
vertex 389268.8 154886.1 351720.9
vertex 389268.8 159244.4 357361.9
endloop
endfacet
facet normal 0 0 0
outer loop
vertex 383627.8 159868.1 354194.1
vertex 389268.8 154886.1 351720.9
vertex 388148.8 159868.1 357361.9
endloop
endfacet
facet normal 0 0 0
outer loop
vertex 383627.8 157457.1 351720.9
vertex 389268.8 154886.1 351720.9
vertex 383627.8 159868.1 354194.1
endloop
endfacet
facet normal 0 0 0
outer loop
vertex 414773.4 216277.5 351720.9
vertex 411832.5 214925.3 351720.9
vertex 411832.5 214965.5 357361.9
endloop
endfacet
facet normal 0 0 0
outer loop
vertex 411832.5 214965.5 357361.9
vertex 414871.2 216277.5 357361.9
vertex 414773.4 216277.5 351720.9
endloop
endfacet
facet normal 0 0 0
outer loop
vertex 417473.4 150054.8 351720.9
vertex 423114.4 149541.2 351720.9
vertex 423114.4 150821.5 357361.9
endloop
endfacet
facet normal 0 0 0
outer loop
vertex 423114.4 150821.5 357361.9
vertex 417473.4 151970.1 357361.9
vertex 417473.4 150054.8 351720.9
endloop
endfacet
facet normal 0 0 0
outer loop
vertex 377986.9 161175.1 351720.9
vertex 377986.9 165509.1 354130.4
vertex 374125.5 165509.1 351720.9
endloop
endfacet
facet normal 0 0 0
outer loop
vertex 372345.9 167918.1 351720.9
vertex 372345.9 171150 352942.7
vertex 370420.2 171150 351720.9
endloop
endfacet
facet normal 0 0 0
outer loop
vertex 423114.4 149541.2 351720.9
vertex 428755.3 148960.2 351720.9
vertex 428755.3 149286.2 357361.9
endloop
endfacet
facet normal 0 0 0
outer loop
vertex 434396.2 213509.4 351720.9
vertex 429217.9 216277.5 351720.9
vertex 433327.8 216277.5 357361.9
endloop
endfacet
facet normal 0 0 0
outer loop
vertex 428755.3 149286.2 357361.9
vertex 423114.4 150821.5 357361.9
vertex 423114.4 149541.2 351720.9
endloop
endfacet
facet normal 0 0 0
outer loop
vertex 372345.9 189499.2 351720.9
vertex 372345.9 188072.8 352446.3
vertex 377495.4 188072.8 357361.9
endloop
endfacet
facet normal 0 0 0
outer loop
vertex 433327.8 216277.5 357361.9
vertex 434396.2 215800.9 357361.9
vertex 434396.2 213509.4 351720.9
endloop
endfacet
facet normal 0 0 0
outer loop
vertex 377986.9 188808.8 357361.9
vertex 372345.9 189499.2 351720.9
vertex 377495.4 188072.8 357361.9
endloop
endfacet
facet normal 0 0 0
outer loop
vertex 377986.9 193713.8 354257.4
vertex 372345.9 189499.2 351720.9
vertex 377986.9 188808.8 357361.9
endloop
endfacet
facet normal 0 0 0
outer loop
vertex 375220.1 193713.8 351720.9
vertex 372345.9 189499.2 351720.9
vertex 377986.9 193713.8 354257.4
endloop
endfacet
facet normal 0 0 0
outer loop
vertex 440037.2 194989 351720.9
vertex 439016 199354.7 351720.9
vertex 439164.8 199354.7 357361.9
endloop
endfacet
facet normal 0 0 0
outer loop
vertex 377986.9 165509.1 354130.4
vertex 372345.9 171150 352942.7
vertex 372345.9 167918.1 351720.9
endloop
endfacet
facet normal 0 0 0
outer loop
vertex 439164.8 199354.7 357361.9
vertex 440037.2 195000.5 357361.9
vertex 440037.2 194989 351720.9
endloop
endfacet
facet normal 0 0 0
outer loop
vertex 374125.5 165509.1 351720.9
vertex 377986.9 165509.1 354130.4
vertex 372345.9 167918.1 351720.9
endloop
endfacet
facet normal 0 0 0
outer loop
vertex 381631.3 193713.8 357361.9
vertex 377986.9 193713.8 354257.4
vertex 377986.9 188808.8 357361.9
endloop
endfacet
facet normal 0 0 0
outer loop
vertex 377986.9 171150 357134.6
vertex 372345.9 171150 352942.7
vertex 377986.9 165509.1 354130.4
endloop
endfacet
facet normal 0 0 0
outer loop
vertex 428755.3 148960.2 351720.9
vertex 434396.2 148586.2 352036.8
vertex 431550.1 148586.2 357361.9
endloop
endfacet
facet normal 0 0 0
outer loop
vertex 428755.3 149286.2 357361.9
vertex 428755.3 148960.2 351720.9
vertex 431550.1 148586.2 357361.9
endloop
endfacet
facet normal 0 0 0
outer loop
vertex 434396.2 148622.8 351720.9
vertex 434396.2 148586.2 352036.8
vertex 428755.3 148960.2 351720.9
endloop
endfacet
facet normal 0 0 0
outer loop
vertex 440235.3 193713.8 351720.9
vertex 440037.2 194989 351720.9
vertex 440037.2 195000.5 357361.9
endloop
endfacet
facet normal 0 0 0
outer loop
vertex 440037.2 195000.5 357361.9
vertex 440227.3 193713.8 357361.9
vertex 440235.3 193713.8 351720.9
endloop
endfacet
facet normal 0 0 0
outer loop
vertex 375220.1 193713.8 351720.9
vertex 377986.9 193713.8 354257.4
vertex 377986.9 196785.3 351720.9
endloop
endfacet
facet normal 0 0 0
outer loop
vertex 439016 199354.7 351720.9
vertex 438465.2 204995.6 351720.9
vertex 439085.1 204995.6 357361.9
endloop
endfacet
facet normal 0 0 0
outer loop
vertex 439085.1 204995.6 357361.9
vertex 439164.8 199354.7 357361.9
vertex 439016 199354.7 351720.9
endloop
endfacet
facet normal 0 0 0
outer loop
vertex 377986.9 165509.1 354130.4
vertex 383627.8 159868.1 354194.1
vertex 383627.8 163138.1 357361.9
endloop
endfacet
facet normal 0 0 0
outer loop
vertex 381579.4 165509.1 357361.9
vertex 377986.9 165509.1 354130.4
vertex 383627.8 163138.1 357361.9
endloop
endfacet
facet normal 0 0 0
outer loop
vertex 379728.2 159868.1 351720.9
vertex 383627.8 159868.1 354194.1
vertex 377986.9 165509.1 354130.4
endloop
endfacet
facet normal 0 0 0
outer loop
vertex 377986.9 161175.1 351720.9
vertex 379728.2 159868.1 351720.9
vertex 377986.9 165509.1 354130.4
endloop
endfacet
facet normal 0 0 0
outer loop
vertex 435935.7 148586.2 357361.9
vertex 440037.2 153372 351720.9
vertex 440037.2 152310.8 357361.9
endloop
endfacet
facet normal 0 0 0
outer loop
vertex 434396.2 148586.2 352036.8
vertex 440037.2 153372 351720.9
vertex 435935.7 148586.2 357361.9
endloop
endfacet
facet normal 0 0 0
outer loop
vertex 434396.2 148622.8 351720.9
vertex 440037.2 153372 351720.9
vertex 434396.2 148586.2 352036.8
endloop
endfacet
facet normal 0 0 0
outer loop
vertex 438465.2 204995.6 351720.9
vertex 437252.2 210636.6 351720.9
vertex 438790.5 210636.6 357361.9
endloop
endfacet
facet normal 0 0 0
outer loop
vertex 438790.5 210636.6 357361.9
vertex 439085.1 204995.6 357361.9
vertex 438465.2 204995.6 351720.9
endloop
endfacet
facet normal 0 0 0
outer loop
vertex 383627.8 163138.1 357361.9
vertex 383627.8 159868.1 354194.1
vertex 388148.8 159868.1 357361.9
endloop
endfacet
facet normal 0 0 0
outer loop
vertex 383627.8 196130.5 357361.9
vertex 377986.9 193713.8 354257.4
vertex 381631.3 193713.8 357361.9
endloop
endfacet
facet normal 0 0 0
outer loop
vertex 383627.8 199354.7 354385.6
vertex 377986.9 193713.8 354257.4
vertex 383627.8 196130.5 357361.9
endloop
endfacet
facet normal 0 0 0
outer loop
vertex 381016.2 199354.7 351720.9
vertex 377986.9 193713.8 354257.4
vertex 383627.8 199354.7 354385.6
endloop
endfacet
facet normal 0 0 0
outer loop
vertex 377986.9 196785.3 351720.9
vertex 377986.9 193713.8 354257.4
vertex 381016.2 199354.7 351720.9
endloop
endfacet
facet normal 0 0 0
outer loop
vertex 440037.2 153372 351720.9
vertex 440081.1 154227.2 351720.9
vertex 440243.6 154227.2 357361.9
endloop
endfacet
facet normal 0 0 0
outer loop
vertex 440243.6 154227.2 357361.9
vertex 440037.2 152310.8 357361.9
vertex 440037.2 153372 351720.9
endloop
endfacet
facet normal 0 0 0
outer loop
vertex 438790.5 210636.6 357361.9
vertex 434396.2 213509.4 351720.9
vertex 434396.2 215800.9 357361.9
endloop
endfacet
facet normal 0 0 0
outer loop
vertex 437252.2 210636.6 351720.9
vertex 434396.2 213509.4 351720.9
vertex 438790.5 210636.6 357361.9
endloop
endfacet
facet normal 0 0 0
outer loop
vertex 377986.9 171150 357134.6
vertex 377986.9 165509.1 354130.4
vertex 381579.4 165509.1 357361.9
endloop
endfacet
facet normal 0 0 0
outer loop
vertex 386674.4 199354.7 357361.9
vertex 383627.8 199354.7 354385.6
vertex 383627.8 196130.5 357361.9
endloop
endfacet
facet normal 0 0 0
outer loop
vertex 381579.4 165509.1 357361.9
vertex 378238.2 171150 357361.9
vertex 377986.9 171150 357134.6
endloop
endfacet
facet normal 0 0 0
outer loop
vertex 440081.1 154227.2 351720.9
vertex 440217.8 159868.1 351720.9
vertex 440341.2 159868.1 357361.9
endloop
endfacet
facet normal 0 0 0
outer loop
vertex 440341.2 159868.1 357361.9
vertex 440243.6 154227.2 357361.9
vertex 440081.1 154227.2 351720.9
endloop
endfacet
facet normal 0 0 0
outer loop
vertex 381016.2 199354.7 351720.9
vertex 383627.8 199354.7 354385.6
vertex 383627.8 201336.5 351720.9
endloop
endfacet
facet normal 0 0 0
outer loop
vertex 417473.4 217060.3 351720.9
vertex 414773.4 216277.5 351720.9
vertex 414871.2 216277.5 357361.9
endloop
endfacet
facet normal 0 0 0
outer loop
vertex 394909.7 153356 351720.9
vertex 394909.7 154227.2 353014.1
vertex 391067.4 154227.2 351720.9
endloop
endfacet
facet normal 0 0 0
outer loop
vertex 414871.2 216277.5 357361.9
vertex 417473.4 217029.4 357361.9
vertex 417473.4 217060.3 351720.9
endloop
endfacet
facet normal 0 0 0
outer loop
vertex 440341.2 159868.1 357361.9
vertex 440412.6 165509.1 351720.9
vertex 440688.5 165509.1 357361.9
endloop
endfacet
facet normal 0 0 0
outer loop
vertex 440217.8 159868.1 351720.9
vertex 440412.6 165509.1 351720.9
vertex 440341.2 159868.1 357361.9
endloop
endfacet
facet normal 0 0 0
outer loop
vertex 423114.4 217697.9 351720.9
vertex 417473.4 217060.3 351720.9
vertex 417473.4 217029.4 357361.9
endloop
endfacet
facet normal 0 0 0
outer loop
vertex 417473.4 217029.4 357361.9
vertex 423114.4 217846 357361.9
vertex 423114.4 217697.9 351720.9
endloop
endfacet
facet normal 0 0 0
outer loop
vertex 389268.8 202027.2 357361.9
vertex 383627.8 199354.7 354385.6
vertex 386674.4 199354.7 357361.9
endloop
endfacet
facet normal 0 0 0
outer loop
vertex 383627.8 201336.5 351720.9
vertex 383627.8 199354.7 354385.6
vertex 389268.8 202027.2 357361.9
endloop
endfacet
facet normal 0 0 0
outer loop
vertex 440688.5 165509.1 357361.9
vertex 440382.4 171150 351720.9
vertex 440868.6 171150 357361.9
endloop
endfacet
facet normal 0 0 0
outer loop
vertex 389268.8 204995.6 352881.5
vertex 383627.8 201336.5 351720.9
vertex 389268.8 202027.2 357361.9
endloop
endfacet
facet normal 0 0 0
outer loop
vertex 440412.6 165509.1 351720.9
vertex 440382.4 171150 351720.9
vertex 440688.5 165509.1 357361.9
endloop
endfacet
facet normal 0 0 0
outer loop
vertex 388610.3 204995.6 351720.9
vertex 383627.8 201336.5 351720.9
vertex 389268.8 204995.6 352881.5
endloop
endfacet
facet normal 0 0 0
outer loop
vertex 428755.3 217518.6 357361.9
vertex 423114.4 217697.9 351720.9
vertex 423114.4 217846 357361.9
endloop
endfacet
facet normal 0 0 0
outer loop
vertex 428755.3 216491.3 351720.9
vertex 423114.4 217697.9 351720.9
vertex 428755.3 217518.6 357361.9
endloop
endfacet
facet normal 0 0 0
outer loop
vertex 377986.9 171607.8 357361.9
vertex 377986.9 171150 357134.6
vertex 378238.2 171150 357361.9
endloop
endfacet
facet normal 0 0 0
outer loop
vertex 388610.3 204995.6 351720.9
vertex 389268.8 204995.6 352881.5
vertex 389268.8 205461 351720.9
endloop
endfacet
facet normal 0 0 0
outer loop
vertex 429217.9 216277.5 351720.9
vertex 428755.3 216491.3 351720.9
vertex 428755.3 217518.6 357361.9
endloop
endfacet
facet normal 0 0 0
outer loop
vertex 428755.3 217518.6 357361.9
vertex 433327.8 216277.5 357361.9
vertex 429217.9 216277.5 351720.9
endloop
endfacet
facet normal 0 0 0
outer loop
vertex 392882.5 204995.6 357361.9
vertex 389268.8 204995.6 352881.5
vertex 389268.8 202027.2 357361.9
endloop
endfacet
facet normal 0 0 0
outer loop
vertex 389268.8 205461 351720.9
vertex 389268.8 204995.6 352881.5
vertex 392882.5 204995.6 357361.9
endloop
endfacet
facet normal 0 0 0
outer loop
vertex 394909.7 208273.3 351720.9
vertex 389268.8 205461 351720.9
vertex 392882.5 204995.6 357361.9
endloop
endfacet
facet normal 0 0 0
outer loop
vertex 394909.7 206220.2 357361.9
vertex 394909.7 208273.3 351720.9
vertex 392882.5 204995.6 357361.9
endloop
endfacet
facet normal 0 0 0
outer loop
vertex 400550.6 209054.6 357361.9
vertex 394909.7 208273.3 351720.9
vertex 394909.7 206220.2 357361.9
endloop
endfacet
facet normal 0 0 0
outer loop
vertex 400550.6 210032.6 351720.9
vertex 394909.7 208273.3 351720.9
vertex 400550.6 209054.6 357361.9
endloop
endfacet
facet normal 0 0 0
outer loop
vertex 402357.2 210636.6 351720.9
vertex 400550.6 210032.6 351720.9
vertex 400550.6 209054.6 357361.9
endloop
endfacet
facet normal 0 0 0
outer loop
vertex 400550.6 209054.6 357361.9
vertex 403724.4 210636.6 357361.9
vertex 402357.2 210636.6 351720.9
endloop
endfacet
facet normal 0 0 0
outer loop
vertex 406191.6 212176.2 351720.9
vertex 402357.2 210636.6 351720.9
vertex 403724.4 210636.6 357361.9
endloop
endfacet
facet normal 0 0 0
outer loop
vertex 403724.4 210636.6 357361.9
vertex 406191.6 211967.9 357361.9
vertex 406191.6 212176.2 351720.9
endloop
endfacet
facet normal 0 0 0
outer loop
vertex 411832.5 214965.5 357361.9
vertex 406191.6 212176.2 351720.9
vertex 406191.6 211967.9 357361.9
endloop
endfacet
facet normal 0 0 0
outer loop
vertex 411832.5 214925.3 351720.9
vertex 406191.6 212176.2 351720.9
vertex 411832.5 214965.5 357361.9
endloop
endfacet
facet normal 0 0 0
outer loop
vertex 440382.4 171150 351720.9
vertex 440619 176790.9 351720.9
vertex 441103.6 176790.9 357361.9
endloop
endfacet
facet normal 0 0 0
outer loop
vertex 441103.6 176790.9 357361.9
vertex 440868.6 171150 357361.9
vertex 440382.4 171150 351720.9
endloop
endfacet
facet normal 0 0 0
outer loop
vertex 441103.6 176790.9 357361.9
vertex 440757.2 182431.9 351720.9
vertex 441101.8 182431.9 357361.9
endloop
endfacet
facet normal 0 0 0
outer loop
vertex 440619 176790.9 351720.9
vertex 440757.2 182431.9 351720.9
vertex 441103.6 176790.9 357361.9
endloop
endfacet
facet normal 0 0 0
outer loop
vertex 400550.6 152605 351720.9
vertex 394909.7 154227.2 353014.1
vertex 394909.7 153356 351720.9
endloop
endfacet
facet normal 0 0 0
outer loop
vertex 400550.6 154227.2 354820.6
vertex 394909.7 154227.2 353014.1
vertex 400550.6 152605 351720.9
endloop
endfacet
facet normal 0 0 0
outer loop
vertex 391067.4 154227.2 351720.9
vertex 394909.7 154227.2 353014.1
vertex 394909.7 157048.2 357361.9
endloop
endfacet
facet normal 0 0 0
outer loop
vertex 389268.8 159244.4 357361.9
vertex 391067.4 154227.2 351720.9
vertex 394909.7 157048.2 357361.9
endloop
endfacet
facet normal 0 0 0
outer loop
vertex 389268.8 154886.1 351720.9
vertex 391067.4 154227.2 351720.9
vertex 389268.8 159244.4 357361.9
endloop
endfacet
facet normal 0 0 0
outer loop
vertex 394909.7 157048.2 357361.9
vertex 400550.6 154227.2 354820.6
vertex 400550.6 155570.4 357361.9
endloop
endfacet
facet normal 0 0 0
outer loop
vertex 394909.7 154227.2 353014.1
vertex 400550.6 154227.2 354820.6
vertex 394909.7 157048.2 357361.9
endloop
endfacet
facet normal 0 0 0
outer loop
vertex 405831.6 154227.2 357361.9
vertex 406191.6 151340.9 351720.9
vertex 406191.6 154131.3 357361.9
endloop
endfacet
facet normal 0 0 0
outer loop
vertex 400550.6 154227.2 354820.6
vertex 406191.6 151340.9 351720.9
vertex 405831.6 154227.2 357361.9
endloop
endfacet
facet normal 0 0 0
outer loop
vertex 400550.6 152605 351720.9
vertex 406191.6 151340.9 351720.9
vertex 400550.6 154227.2 354820.6
endloop
endfacet
facet normal 0 0 0
outer loop
vertex 406191.6 151340.9 351720.9
vertex 411832.5 150397.4 351720.9
vertex 411832.5 152959.1 357361.9
endloop
endfacet
facet normal 0 0 0
outer loop
vertex 411832.5 152959.1 357361.9
vertex 406191.6 154131.3 357361.9
vertex 406191.6 151340.9 351720.9
endloop
endfacet
facet normal 0 0 0
outer loop
vertex 400550.6 155570.4 357361.9
vertex 400550.6 154227.2 354820.6
vertex 405831.6 154227.2 357361.9
endloop
endfacet
facet normal 0 0 0
outer loop
vertex 377986.9 171607.8 357361.9
vertex 372216.6 176215 353369.2
vertex 377986.9 171150 357134.6
endloop
endfacet
facet normal 0 0 0
outer loop
vertex 377986.9 171150 357134.6
vertex 372216.6 176215 353369.2
vertex 372345.9 171150 352942.7
endloop
endfacet
facet normal 0 0 0
outer loop
vertex 372345.9 171150 352942.7
vertex 372216.6 176215 353369.2
vertex 370420.2 171150 351720.9
endloop
endfacet
facet normal 0 0 0
outer loop
vertex 370420.2 171150 351720.9
vertex 372216.6 176215 353369.2
vertex 366705 171150 348904.7
endloop
endfacet
facet normal 0 0 0
outer loop
vertex 366705 171150 348904.7
vertex 372216.6 176215 353369.2
vertex 366705 182431.9 348953.3
endloop
endfacet
facet normal 0 0 0
outer loop
vertex 366705 182431.9 348953.3
vertex 372216.6 176215 353369.2
vertex 369658.2 182431.9 351720.9
endloop
endfacet
facet normal 0 0 0
outer loop
vertex 369658.2 182431.9 351720.9
vertex 372216.6 176215 353369.2
vertex 372345.9 182431.9 354222.4
endloop
endfacet
facet normal 0 0 0
outer loop
vertex 372345.9 182431.9 354222.4
vertex 372216.6 176215 353369.2
vertex 375794.8 182431.9 357361.9
endloop
endfacet
facet normal 0 0 0
outer loop
vertex 375794.8 182431.9 357361.9
vertex 372216.6 176215 353369.2
vertex 377986.9 171607.8 357361.9
endloop
endfacet
facet normal 0 0 0
outer loop
vertex 362854.2 171150 346080
vertex 365742.3 167767.3 347047
vertex 366705 171150 348904.7
endloop
endfacet
facet normal 0 0 0
outer loop
vertex 366705 171150 348904.7
vertex 365742.3 167767.3 347047
vertex 366705 165509.1 347123.5
endloop
endfacet
facet normal 0 0 0
outer loop
vertex 366705 165509.1 347123.5
vertex 365742.3 167767.3 347047
vertex 366705 163260.1 346080
endloop
endfacet
facet normal 0 0 0
outer loop
vertex 366705 163260.1 346080
vertex 365742.3 167767.3 347047
vertex 362854.2 171150 346080
endloop
endfacet
facet normal 0 0 0
outer loop
vertex 366705 171150 348904.7
vertex 366705 182431.9 348953.3
vertex 363502.4 182431.9 346080
endloop
endfacet
facet normal 0 0 0
outer loop
vertex 363502.4 182431.9 346080
vertex 362854.2 171150 346080
vertex 366705 171150 348904.7
endloop
endfacet
facet normal 0 0 0
outer loop
vertex 366705 189588.5 346080
vertex 365904.3 185631.3 347012.6
vertex 366705 188072.8 346937.2
endloop
endfacet
facet normal 0 0 0
outer loop
vertex 366705 188072.8 346937.2
vertex 365904.3 185631.3 347012.6
vertex 366705 182431.9 348953.3
endloop
endfacet
facet normal 0 0 0
outer loop
vertex 366705 182431.9 348953.3
vertex 365904.3 185631.3 347012.6
vertex 363502.4 182431.9 346080
endloop
endfacet
facet normal 0 0 0
outer loop
vertex 363502.4 182431.9 346080
vertex 365904.3 185631.3 347012.6
vertex 366705 189588.5 346080
endloop
endfacet
facet normal 0 0 0
outer loop
vertex 417473.4 151970.1 357361.9
vertex 423114.4 150821.5 357361.9
vertex 423114.4 152293.2 363002.8
endloop
endfacet
facet normal 0 0 0
outer loop
vertex 381631.3 193713.8 357361.9
vertex 383627.8 193713.8 359183.7
vertex 383627.8 196130.5 357361.9
endloop
endfacet
facet normal 0 0 0
outer loop
vertex 423114.4 152293.2 363002.8
vertex 417473.4 153643 363002.8
vertex 417473.4 151970.1 357361.9
endloop
endfacet
facet normal 0 0 0
outer loop
vertex 389268.8 159244.4 357361.9
vertex 389268.8 159868.1 358124
vertex 388148.8 159868.1 357361.9
endloop
endfacet
facet normal 0 0 0
outer loop
vertex 414871.2 216277.5 357361.9
vertex 411832.5 214965.5 357361.9
vertex 411832.5 213928.6 363002.8
endloop
endfacet
facet normal 0 0 0
outer loop
vertex 411832.5 213928.6 363002.8
vertex 416064.9 216277.5 363002.8
vertex 414871.2 216277.5 357361.9
endloop
endfacet
facet normal 0 0 0
outer loop
vertex 383627.8 163138.1 357361.9
vertex 383627.8 165509.1 359269.6
vertex 381579.4 165509.1 357361.9
endloop
endfacet
facet normal 0 0 0
outer loop
vertex 411832.5 155273.8 363002.8
vertex 411832.5 154227.2 360156.6
vertex 415260.1 154227.2 363002.8
endloop
endfacet
facet normal 0 0 0
outer loop
vertex 433327.8 216277.5 357361.9
vertex 434396.2 216277.5 358244.9
vertex 434396.2 215800.9 357361.9
endloop
endfacet
facet normal 0 0 0
outer loop
vertex 423114.4 150821.5 357361.9
vertex 428755.3 149286.2 357361.9
vertex 428755.3 151278.4 363002.8
endloop
endfacet
facet normal 0 0 0
outer loop
vertex 440037.2 195622.2 363002.8
vertex 439164.8 199354.7 357361.9
vertex 439326.8 199354.7 363002.8
endloop
endfacet
facet normal 0 0 0
outer loop
vertex 389268.8 196206.1 363002.8
vertex 383627.8 193713.8 359183.7
vertex 387619.8 193713.8 363002.8
endloop
endfacet
facet normal 0 0 0
outer loop
vertex 388148.8 159868.1 357361.9
vertex 389268.8 159868.1 358124
vertex 389268.8 165485.1 363002.8
endloop
endfacet
facet normal 0 0 0
outer loop
vertex 428755.3 151278.4 363002.8
vertex 423114.4 152293.2 363002.8
vertex 423114.4 150821.5 357361.9
endloop
endfacet
facet normal 0 0 0
outer loop
vertex 440037.2 195000.5 357361.9
vertex 439164.8 199354.7 357361.9
vertex 440037.2 195622.2 363002.8
endloop
endfacet
facet normal 0 0 0
outer loop
vertex 383627.8 196130.5 357361.9
vertex 383627.8 193713.8 359183.7
vertex 389268.8 196206.1 363002.8
endloop
endfacet
facet normal 0 0 0
outer loop
vertex 389235.3 165509.1 363002.8
vertex 388148.8 159868.1 357361.9
vertex 389268.8 165485.1 363002.8
endloop
endfacet
facet normal 0 0 0
outer loop
vertex 386674.4 199354.7 357361.9
vertex 383627.8 196130.5 357361.9
vertex 389268.8 196206.1 363002.8
endloop
endfacet
facet normal 0 0 0
outer loop
vertex 383627.8 165509.1 359269.6
vertex 388148.8 159868.1 357361.9
vertex 389235.3 165509.1 363002.8
endloop
endfacet
facet normal 0 0 0
outer loop
vertex 389268.8 199354.7 360201.2
vertex 386674.4 199354.7 357361.9
vertex 389268.8 196206.1 363002.8
endloop
endfacet
facet normal 0 0 0
outer loop
vertex 383627.8 163138.1 357361.9
vertex 388148.8 159868.1 357361.9
vertex 383627.8 165509.1 359269.6
endloop
endfacet
facet normal 0 0 0
outer loop
vertex 440293.2 193713.8 363002.8
vertex 440037.2 195000.5 357361.9
vertex 440037.2 195622.2 363002.8
endloop
endfacet
facet normal 0 0 0
outer loop
vertex 440227.3 193713.8 357361.9
vertex 440037.2 195000.5 357361.9
vertex 440293.2 193713.8 363002.8
endloop
endfacet
facet normal 0 0 0
outer loop
vertex 386674.4 199354.7 357361.9
vertex 389268.8 199354.7 360201.2
vertex 389268.8 202027.2 357361.9
endloop
endfacet
facet normal 0 0 0
outer loop
vertex 381579.4 165509.1 357361.9
vertex 383627.8 171150 362231.9
vertex 378238.2 171150 357361.9
endloop
endfacet
facet normal 0 0 0
outer loop
vertex 383627.8 165509.1 359269.6
vertex 383627.8 171150 362231.9
vertex 381579.4 165509.1 357361.9
endloop
endfacet
facet normal 0 0 0
outer loop
vertex 439326.8 199354.7 363002.8
vertex 439085.1 204995.6 357361.9
vertex 439478 204995.6 363002.8
endloop
endfacet
facet normal 0 0 0
outer loop
vertex 431550.1 148586.2 357361.9
vertex 434396.2 148586.2 358980.9
vertex 434396.2 150052.4 363002.8
endloop
endfacet
facet normal 0 0 0
outer loop
vertex 439164.8 199354.7 357361.9
vertex 439085.1 204995.6 357361.9
vertex 439326.8 199354.7 363002.8
endloop
endfacet
facet normal 0 0 0
outer loop
vertex 428755.3 151278.4 363002.8
vertex 431550.1 148586.2 357361.9
vertex 434396.2 150052.4 363002.8
endloop
endfacet
facet normal 0 0 0
outer loop
vertex 391863.8 199354.7 363002.8
vertex 389268.8 199354.7 360201.2
vertex 389268.8 196206.1 363002.8
endloop
endfacet
facet normal 0 0 0
outer loop
vertex 428755.3 149286.2 357361.9
vertex 431550.1 148586.2 357361.9
vertex 428755.3 151278.4 363002.8
endloop
endfacet
facet normal 0 0 0
outer loop
vertex 384572.6 171150 363002.8
vertex 383627.8 165509.1 359269.6
vertex 389235.3 165509.1 363002.8
endloop
endfacet
facet normal 0 0 0
outer loop
vertex 383627.8 171150 362231.9
vertex 383627.8 165509.1 359269.6
vertex 384572.6 171150 363002.8
endloop
endfacet
facet normal 0 0 0
outer loop
vertex 439478 204995.6 363002.8
vertex 438790.5 210636.6 357361.9
vertex 439808.4 210636.6 363002.8
endloop
endfacet
facet normal 0 0 0
outer loop
vertex 439085.1 204995.6 357361.9
vertex 438790.5 210636.6 357361.9
vertex 439478 204995.6 363002.8
endloop
endfacet
facet normal 0 0 0
outer loop
vertex 394909.7 157048.2 357361.9
vertex 389268.8 159868.1 358124
vertex 389268.8 159244.4 357361.9
endloop
endfacet
facet normal 0 0 0
outer loop
vertex 394909.7 159868.1 361085.8
vertex 389268.8 159868.1 358124
vertex 394909.7 157048.2 357361.9
endloop
endfacet
facet normal 0 0 0
outer loop
vertex 389268.8 202027.2 357361.9
vertex 389268.8 199354.7 360201.2
vertex 391863.8 199354.7 363002.8
endloop
endfacet
facet normal 0 0 0
outer loop
vertex 394909.7 202419.1 363002.8
vertex 389268.8 202027.2 357361.9
vertex 391863.8 199354.7 363002.8
endloop
endfacet
facet normal 0 0 0
outer loop
vertex 394909.7 204995.6 359468.7
vertex 389268.8 202027.2 357361.9
vertex 394909.7 202419.1 363002.8
endloop
endfacet
facet normal 0 0 0
outer loop
vertex 392882.5 204995.6 357361.9
vertex 389268.8 202027.2 357361.9
vertex 394909.7 204995.6 359468.7
endloop
endfacet
facet normal 0 0 0
outer loop
vertex 434396.2 150052.4 363002.8
vertex 440037.2 152310.8 357361.9
vertex 440037.2 153767 363002.8
endloop
endfacet
facet normal 0 0 0
outer loop
vertex 434396.2 148586.2 358980.9
vertex 440037.2 152310.8 357361.9
vertex 434396.2 150052.4 363002.8
endloop
endfacet
facet normal 0 0 0
outer loop
vertex 435935.7 148586.2 357361.9
vertex 440037.2 152310.8 357361.9
vertex 434396.2 148586.2 358980.9
endloop
endfacet
facet normal 0 0 0
outer loop
vertex 398058.5 204995.6 363002.8
vertex 394909.7 204995.6 359468.7
vertex 394909.7 202419.1 363002.8
endloop
endfacet
facet normal 0 0 0
outer loop
vertex 438790.5 210636.6 357361.9
vertex 434396.2 216277.5 358244.9
vertex 437590.2 216277.5 363002.8
endloop
endfacet
facet normal 0 0 0
outer loop
vertex 439808.4 210636.6 363002.8
vertex 438790.5 210636.6 357361.9
vertex 437590.2 216277.5 363002.8
endloop
endfacet
facet normal 0 0 0
outer loop
vertex 434396.2 215800.9 357361.9
vertex 434396.2 216277.5 358244.9
vertex 438790.5 210636.6 357361.9
endloop
endfacet
facet normal 0 0 0
outer loop
vertex 398635.8 159868.1 363002.8
vertex 400550.6 155570.4 357361.9
vertex 400550.6 159077.4 363002.8
endloop
endfacet
facet normal 0 0 0
outer loop
vertex 394909.7 157048.2 357361.9
vertex 400550.6 155570.4 357361.9
vertex 398635.8 159868.1 363002.8
endloop
endfacet
facet normal 0 0 0
outer loop
vertex 394909.7 159868.1 361085.8
vertex 394909.7 157048.2 357361.9
vertex 398635.8 159868.1 363002.8
endloop
endfacet
facet normal 0 0 0
outer loop
vertex 440037.2 153767 363002.8
vertex 440243.6 154227.2 357361.9
vertex 440159.4 154227.2 363002.8
endloop
endfacet
facet normal 0 0 0
outer loop
vertex 440037.2 152310.8 357361.9
vertex 440243.6 154227.2 357361.9
vertex 440037.2 153767 363002.8
endloop
endfacet
facet normal 0 0 0
outer loop
vertex 392882.5 204995.6 357361.9
vertex 394909.7 204995.6 359468.7
vertex 394909.7 206220.2 357361.9
endloop
endfacet
facet normal 0 0 0
outer loop
vertex 406191.6 154131.3 357361.9
vertex 406191.6 154227.2 357553.9
vertex 405831.6 154227.2 357361.9
endloop
endfacet
facet normal 0 0 0
outer loop
vertex 417473.4 217029.4 357361.9
vertex 414871.2 216277.5 357361.9
vertex 416064.9 216277.5 363002.8
endloop
endfacet
facet normal 0 0 0
outer loop
vertex 416064.9 216277.5 363002.8
vertex 417473.4 216965.7 363002.8
vertex 417473.4 217029.4 357361.9
endloop
endfacet
facet normal 0 0 0
outer loop
vertex 440159.4 154227.2 363002.8
vertex 440341.2 159868.1 357361.9
vertex 440686.7 159868.1 363002.8
endloop
endfacet
facet normal 0 0 0
outer loop
vertex 440243.6 154227.2 357361.9
vertex 440341.2 159868.1 357361.9
vertex 440159.4 154227.2 363002.8
endloop
endfacet
facet normal 0 0 0
outer loop
vertex 411832.5 152959.1 357361.9
vertex 406191.6 154227.2 357553.9
vertex 406191.6 154131.3 357361.9
endloop
endfacet
facet normal 0 0 0
outer loop
vertex 411832.5 154227.2 360156.6
vertex 406191.6 154227.2 357553.9
vertex 411832.5 152959.1 357361.9
endloop
endfacet
facet normal 0 0 0
outer loop
vertex 400550.6 209054.6 357361.9
vertex 394909.7 204995.6 359468.7
vertex 398058.5 204995.6 363002.8
endloop
endfacet
facet normal 0 0 0
outer loop
vertex 400550.6 206766 363002.8
vertex 400550.6 209054.6 357361.9
vertex 398058.5 204995.6 363002.8
endloop
endfacet
facet normal 0 0 0
outer loop
vertex 423114.4 217846 357361.9
vertex 417473.4 217029.4 357361.9
vertex 417473.4 216965.7 363002.8
endloop
endfacet
facet normal 0 0 0
outer loop
vertex 394909.7 206220.2 357361.9
vertex 394909.7 204995.6 359468.7
vertex 400550.6 209054.6 357361.9
endloop
endfacet
facet normal 0 0 0
outer loop
vertex 417473.4 216965.7 363002.8
vertex 423114.4 219176.5 363002.8
vertex 423114.4 217846 357361.9
endloop
endfacet
facet normal 0 0 0
outer loop
vertex 440686.7 159868.1 363002.8
vertex 440688.5 165509.1 357361.9
vertex 440715.4 165509.1 363002.8
endloop
endfacet
facet normal 0 0 0
outer loop
vertex 440341.2 159868.1 357361.9
vertex 440688.5 165509.1 357361.9
vertex 440686.7 159868.1 363002.8
endloop
endfacet
facet normal 0 0 0
outer loop
vertex 405831.6 154227.2 357361.9
vertex 406191.6 154227.2 357553.9
vertex 406191.6 157140.2 363002.8
endloop
endfacet
facet normal 0 0 0
outer loop
vertex 400550.6 155570.4 357361.9
vertex 405831.6 154227.2 357361.9
vertex 406191.6 157140.2 363002.8
endloop
endfacet
facet normal 0 0 0
outer loop
vertex 428755.3 217518.6 357361.9
vertex 423114.4 217846 357361.9
vertex 423114.4 219176.5 363002.8
endloop
endfacet
facet normal 0 0 0
outer loop
vertex 400550.6 159077.4 363002.8
vertex 400550.6 155570.4 357361.9
vertex 406191.6 157140.2 363002.8
endloop
endfacet
facet normal 0 0 0
outer loop
vertex 440715.4 165509.1 363002.8
vertex 440868.6 171150 357361.9
vertex 440976.2 171150 363002.8
endloop
endfacet
facet normal 0 0 0
outer loop
vertex 423114.4 219176.5 363002.8
vertex 428755.3 220202.5 363002.8
vertex 428755.3 217518.6 357361.9
endloop
endfacet
facet normal 0 0 0
outer loop
vertex 440688.5 165509.1 357361.9
vertex 440868.6 171150 357361.9
vertex 440715.4 165509.1 363002.8
endloop
endfacet
facet normal 0 0 0
outer loop
vertex 403724.4 210636.6 357361.9
vertex 400550.6 209054.6 357361.9
vertex 400550.6 206766 363002.8
endloop
endfacet
facet normal 0 0 0
outer loop
vertex 406191.6 210636.6 362813.3
vertex 403724.4 210636.6 357361.9
vertex 400550.6 206766 363002.8
endloop
endfacet
facet normal 0 0 0
outer loop
vertex 406191.6 210571.7 363002.8
vertex 406191.6 210636.6 362813.3
vertex 400550.6 206766 363002.8
endloop
endfacet
facet normal 0 0 0
outer loop
vertex 406191.6 157140.2 363002.8
vertex 411832.5 154227.2 360156.6
vertex 411832.5 155273.8 363002.8
endloop
endfacet
facet normal 0 0 0
outer loop
vertex 406191.6 154227.2 357553.9
vertex 411832.5 154227.2 360156.6
vertex 406191.6 157140.2 363002.8
endloop
endfacet
facet normal 0 0 0
outer loop
vertex 406302.6 210636.6 363002.8
vertex 406191.6 210636.6 362813.3
vertex 406191.6 210571.7 363002.8
endloop
endfacet
facet normal 0 0 0
outer loop
vertex 434396.2 219155.5 363002.8
vertex 428755.3 217518.6 357361.9
vertex 428755.3 220202.5 363002.8
endloop
endfacet
facet normal 0 0 0
outer loop
vertex 433327.8 216277.5 357361.9
vertex 428755.3 217518.6 357361.9
vertex 434396.2 219155.5 363002.8
endloop
endfacet
facet normal 0 0 0
outer loop
vertex 434396.2 216277.5 358244.9
vertex 433327.8 216277.5 357361.9
vertex 434396.2 219155.5 363002.8
endloop
endfacet
facet normal 0 0 0
outer loop
vertex 403724.4 210636.6 357361.9
vertex 406191.6 210636.6 362813.3
vertex 406191.6 211967.9 357361.9
endloop
endfacet
facet normal 0 0 0
outer loop
vertex 389268.8 159868.1 358124
vertex 394909.7 159868.1 361085.8
vertex 394909.7 161718.4 363002.8
endloop
endfacet
facet normal 0 0 0
outer loop
vertex 394909.7 161718.4 363002.8
vertex 389268.8 165485.1 363002.8
vertex 389268.8 159868.1 358124
endloop
endfacet
facet normal 0 0 0
outer loop
vertex 377986.9 171607.8 357361.9
vertex 383627.8 171150 362231.9
vertex 383627.8 173799.8 363002.8
endloop
endfacet
facet normal 0 0 0
outer loop
vertex 377986.9 176790.9 358888.7
vertex 377986.9 171607.8 357361.9
vertex 383627.8 173799.8 363002.8
endloop
endfacet
facet normal 0 0 0
outer loop
vertex 382806.8 176790.9 363002.8
vertex 377986.9 176790.9 358888.7
vertex 383627.8 173799.8 363002.8
endloop
endfacet
facet normal 0 0 0
outer loop
vertex 378238.2 171150 357361.9
vertex 383627.8 171150 362231.9
vertex 377986.9 171607.8 357361.9
endloop
endfacet
facet normal 0 0 0
outer loop
vertex 394909.7 161718.4 363002.8
vertex 394909.7 159868.1 361085.8
vertex 398635.8 159868.1 363002.8
endloop
endfacet
facet normal 0 0 0
outer loop
vertex 437590.2 216277.5 363002.8
vertex 434396.2 216277.5 358244.9
vertex 434396.2 219155.5 363002.8
endloop
endfacet
facet normal 0 0 0
outer loop
vertex 411832.5 213928.6 363002.8
vertex 406191.6 210636.6 362813.3
vertex 406302.6 210636.6 363002.8
endloop
endfacet
facet normal 0 0 0
outer loop
vertex 383627.8 173799.8 363002.8
vertex 383627.8 171150 362231.9
vertex 384572.6 171150 363002.8
endloop
endfacet
facet normal 0 0 0
outer loop
vertex 406191.6 211967.9 357361.9
vertex 406191.6 210636.6 362813.3
vertex 411832.5 213928.6 363002.8
endloop
endfacet
facet normal 0 0 0
outer loop
vertex 411832.5 214965.5 357361.9
vertex 406191.6 211967.9 357361.9
vertex 411832.5 213928.6 363002.8
endloop
endfacet
facet normal 0 0 0
outer loop
vertex 434396.2 148412.5 357361.9
vertex 434396.2 148586.2 358980.9
vertex 431550.1 148586.2 357361.9
endloop
endfacet
facet normal 0 0 0
outer loop
vertex 377986.9 182431.9 359348.8
vertex 377986.9 176790.9 358888.7
vertex 382806.8 176790.9 363002.8
endloop
endfacet
facet normal 0 0 0
outer loop
vertex 382806.8 176790.9 363002.8
vertex 382606.7 182431.9 363002.8
vertex 377986.9 182431.9 359348.8
endloop
endfacet
facet normal 0 0 0
outer loop
vertex 435935.7 148586.2 357361.9
vertex 434396.2 148586.2 358980.9
vertex 434396.2 148412.5 357361.9
endloop
endfacet
facet normal 0 0 0
outer loop
vertex 440976.2 171150 363002.8
vertex 441103.6 176790.9 357361.9
vertex 441058.4 176790.9 363002.8
endloop
endfacet
facet normal 0 0 0
outer loop
vertex 440868.6 171150 357361.9
vertex 441103.6 176790.9 357361.9
vertex 440976.2 171150 363002.8
endloop
endfacet
facet normal 0 0 0
outer loop
vertex 377986.9 182431.9 359348.8
vertex 377986.9 188072.8 357787.8
vertex 377495.4 188072.8 357361.9
endloop
endfacet
facet normal 0 0 0
outer loop
vertex 377495.4 188072.8 357361.9
vertex 375794.8 182431.9 357361.9
vertex 377986.9 182431.9 359348.8
endloop
endfacet
facet normal 0 0 0
outer loop
vertex 441103.6 176790.9 357361.9
vertex 441101.8 182431.9 357361.9
vertex 440969.9 182431.9 363002.8
endloop
endfacet
facet normal 0 0 0
outer loop
vertex 440969.9 182431.9 363002.8
vertex 441058.4 176790.9 363002.8
vertex 441103.6 176790.9 357361.9
endloop
endfacet
facet normal 0 0 0
outer loop
vertex 377495.4 188072.8 357361.9
vertex 377986.9 188072.8 357787.8
vertex 377986.9 188808.8 357361.9
endloop
endfacet
facet normal 0 0 0
outer loop
vertex 415260.1 154227.2 363002.8
vertex 417473.4 151970.1 357361.9
vertex 417473.4 153643 363002.8
endloop
endfacet
facet normal 0 0 0
outer loop
vertex 411832.5 154227.2 360156.6
vertex 417473.4 151970.1 357361.9
vertex 415260.1 154227.2 363002.8
endloop
endfacet
facet normal 0 0 0
outer loop
vertex 411832.5 152959.1 357361.9
vertex 417473.4 151970.1 357361.9
vertex 411832.5 154227.2 360156.6
endloop
endfacet
facet normal 0 0 0
outer loop
vertex 440969.9 182431.9 363002.8
vertex 440732.2 188072.8 357361.9
vertex 440712.3 188072.8 363002.8
endloop
endfacet
facet normal 0 0 0
outer loop
vertex 441101.8 182431.9 357361.9
vertex 440732.2 188072.8 357361.9
vertex 440969.9 182431.9 363002.8
endloop
endfacet
facet normal 0 0 0
outer loop
vertex 383627.8 185880.1 363002.8
vertex 377986.9 182431.9 359348.8
vertex 382606.7 182431.9 363002.8
endloop
endfacet
facet normal 0 0 0
outer loop
vertex 377986.9 188072.8 357787.8
vertex 377986.9 182431.9 359348.8
vertex 383627.8 185880.1 363002.8
endloop
endfacet
facet normal 0 0 0
outer loop
vertex 383627.8 188072.8 362335.5
vertex 377986.9 188072.8 357787.8
vertex 383627.8 185880.1 363002.8
endloop
endfacet
facet normal 0 0 0
outer loop
vertex 440732.2 188072.8 357361.9
vertex 440227.3 193713.8 357361.9
vertex 440293.2 193713.8 363002.8
endloop
endfacet
facet normal 0 0 0
outer loop
vertex 440293.2 193713.8 363002.8
vertex 440712.3 188072.8 363002.8
vertex 440732.2 188072.8 357361.9
endloop
endfacet
facet normal 0 0 0
outer loop
vertex 384586.8 188072.8 363002.8
vertex 383627.8 188072.8 362335.5
vertex 383627.8 185880.1 363002.8
endloop
endfacet
facet normal 0 0 0
outer loop
vertex 383627.8 188072.8 362335.5
vertex 383627.8 193713.8 359183.7
vertex 381631.3 193713.8 357361.9
endloop
endfacet
facet normal 0 0 0
outer loop
vertex 377986.9 188808.8 357361.9
vertex 383627.8 188072.8 362335.5
vertex 381631.3 193713.8 357361.9
endloop
endfacet
facet normal 0 0 0
outer loop
vertex 377986.9 188072.8 357787.8
vertex 383627.8 188072.8 362335.5
vertex 377986.9 188808.8 357361.9
endloop
endfacet
facet normal 0 0 0
outer loop
vertex 383627.8 193713.8 359183.7
vertex 383627.8 188072.8 362335.5
vertex 384586.8 188072.8 363002.8
endloop
endfacet
facet normal 0 0 0
outer loop
vertex 384586.8 188072.8 363002.8
vertex 387619.8 193713.8 363002.8
vertex 383627.8 193713.8 359183.7
endloop
endfacet
facet normal 0 0 0
outer loop
vertex 423114.4 152293.2 363002.8
vertex 417473.4 154227.2 365110.1
vertex 417473.4 153643 363002.8
endloop
endfacet
facet normal 0 0 0
outer loop
vertex 423114.4 154227.2 367608.7
vertex 417473.4 154227.2 365110.1
vertex 423114.4 152293.2 363002.8
endloop
endfacet
facet normal 0 0 0
outer loop
vertex 389268.8 193713.8 364596.7
vertex 389268.8 188072.8 367141
vertex 390908 188072.8 368643.8
endloop
endfacet
facet normal 0 0 0
outer loop
vertex 390908 188072.8 368643.8
vertex 393408.9 193713.8 368643.8
vertex 389268.8 193713.8 364596.7
endloop
endfacet
facet normal 0 0 0
outer loop
vertex 416064.9 216277.5 363002.8
vertex 411832.5 213928.6 363002.8
vertex 411832.5 212458.9 368643.8
endloop
endfacet
facet normal 0 0 0
outer loop
vertex 411832.5 212458.9 368643.8
vertex 417276.9 216277.5 368643.8
vertex 416064.9 216277.5 363002.8
endloop
endfacet
facet normal 0 0 0
outer loop
vertex 389268.8 165485.1 363002.8
vertex 389268.8 165509.1 363018.8
vertex 389235.3 165509.1 363002.8
endloop
endfacet
facet normal 0 0 0
outer loop
vertex 387619.8 193713.8 363002.8
vertex 389268.8 193713.8 364596.7
vertex 389268.8 196206.1 363002.8
endloop
endfacet
facet normal 0 0 0
outer loop
vertex 389235.3 165509.1 363002.8
vertex 389268.8 171150 366204.9
vertex 384572.6 171150 363002.8
endloop
endfacet
facet normal 0 0 0
outer loop
vertex 389268.8 165509.1 363018.8
vertex 389268.8 171150 366204.9
vertex 389235.3 165509.1 363002.8
endloop
endfacet
facet normal 0 0 0
outer loop
vertex 411832.5 158383.2 368643.8
vertex 417473.4 154227.2 365110.1
vertex 417473.4 156219.6 368643.8
endloop
endfacet
facet normal 0 0 0
outer loop
vertex 440037.2 195622.2 363002.8
vertex 439326.8 199354.7 363002.8
vertex 439065.9 199354.7 368643.8
endloop
endfacet
facet normal 0 0 0
outer loop
vertex 415260.1 154227.2 363002.8
vertex 417473.4 154227.2 365110.1
vertex 411832.5 158383.2 368643.8
endloop
endfacet
facet normal 0 0 0
outer loop
vertex 439065.9 199354.7 368643.8
vertex 440037.2 195552.7 368643.8
vertex 440037.2 195622.2 363002.8
endloop
endfacet
facet normal 0 0 0
outer loop
vertex 411832.5 155273.8 363002.8
vertex 415260.1 154227.2 363002.8
vertex 411832.5 158383.2 368643.8
endloop
endfacet
facet normal 0 0 0
outer loop
vertex 400550.6 159077.4 363002.8
vertex 400550.6 159868.1 364119.4
vertex 398635.8 159868.1 363002.8
endloop
endfacet
facet normal 0 0 0
outer loop
vertex 440293.2 193713.8 363002.8
vertex 440037.2 195622.2 363002.8
vertex 440037.2 195552.7 368643.8
endloop
endfacet
facet normal 0 0 0
outer loop
vertex 440037.2 195552.7 368643.8
vertex 440310 193713.8 368643.8
vertex 440293.2 193713.8 363002.8
endloop
endfacet
facet normal 0 0 0
outer loop
vertex 417473.4 156219.6 368643.8
vertex 423114.4 154227.2 367608.7
vertex 423114.4 154875.3 368643.8
endloop
endfacet
facet normal 0 0 0
outer loop
vertex 417473.4 154227.2 365110.1
vertex 423114.4 154227.2 367608.7
vertex 417473.4 156219.6 368643.8
endloop
endfacet
facet normal 0 0 0
outer loop
vertex 406191.6 157140.2 363002.8
vertex 400550.6 159868.1 364119.4
vertex 400550.6 159077.4 363002.8
endloop
endfacet
facet normal 0 0 0
outer loop
vertex 406191.6 159868.1 367299.8
vertex 400550.6 159868.1 364119.4
vertex 406191.6 157140.2 363002.8
endloop
endfacet
facet normal 0 0 0
outer loop
vertex 394909.7 196380.7 368643.8
vertex 389268.8 193713.8 364596.7
vertex 393408.9 193713.8 368643.8
endloop
endfacet
facet normal 0 0 0
outer loop
vertex 439326.8 199354.7 363002.8
vertex 439478 204995.6 363002.8
vertex 439088.3 204995.6 368643.8
endloop
endfacet
facet normal 0 0 0
outer loop
vertex 389268.8 196206.1 363002.8
vertex 389268.8 193713.8 364596.7
vertex 394909.7 196380.7 368643.8
endloop
endfacet
facet normal 0 0 0
outer loop
vertex 428755.3 151278.4 363002.8
vertex 423114.4 154227.2 367608.7
vertex 423114.4 152293.2 363002.8
endloop
endfacet
facet normal 0 0 0
outer loop
vertex 439088.3 204995.6 368643.8
vertex 439065.9 199354.7 368643.8
vertex 439326.8 199354.7 363002.8
endloop
endfacet
facet normal 0 0 0
outer loop
vertex 394909.7 199354.7 366148.5
vertex 389268.8 196206.1 363002.8
vertex 394909.7 196380.7 368643.8
endloop
endfacet
facet normal 0 0 0
outer loop
vertex 428755.3 154227.2 368519.3
vertex 423114.4 154227.2 367608.7
vertex 428755.3 151278.4 363002.8
endloop
endfacet
facet normal 0 0 0
outer loop
vertex 391863.8 199354.7 363002.8
vertex 389268.8 196206.1 363002.8
vertex 394909.7 199354.7 366148.5
endloop
endfacet
facet normal 0 0 0
outer loop
vertex 408761.2 159868.1 368643.8
vertex 411832.5 155273.8 363002.8
vertex 411832.5 158383.2 368643.8
endloop
endfacet
facet normal 0 0 0
outer loop
vertex 406191.6 159868.1 367299.8
vertex 411832.5 155273.8 363002.8
vertex 408761.2 159868.1 368643.8
endloop
endfacet
facet normal 0 0 0
outer loop
vertex 406191.6 157140.2 363002.8
vertex 411832.5 155273.8 363002.8
vertex 406191.6 159868.1 367299.8
endloop
endfacet
facet normal 0 0 0
outer loop
vertex 439478 204995.6 363002.8
vertex 439808.4 210636.6 363002.8
vertex 439763.9 210636.6 368643.8
endloop
endfacet
facet normal 0 0 0
outer loop
vertex 397078.7 199354.7 368643.8
vertex 394909.7 199354.7 366148.5
vertex 394909.7 196380.7 368643.8
endloop
endfacet
facet normal 0 0 0
outer loop
vertex 439763.9 210636.6 368643.8
vertex 439088.3 204995.6 368643.8
vertex 439478 204995.6 363002.8
endloop
endfacet
facet normal 0 0 0
outer loop
vertex 430188.1 154227.2 368643.8
vertex 434396.2 150052.4 363002.8
vertex 434396.2 153400.9 368643.8
endloop
endfacet
facet normal 0 0 0
outer loop
vertex 428755.3 151278.4 363002.8
vertex 434396.2 150052.4 363002.8
vertex 430188.1 154227.2 368643.8
endloop
endfacet
facet normal 0 0 0
outer loop
vertex 428755.3 154227.2 368519.3
vertex 428755.3 151278.4 363002.8
vertex 430188.1 154227.2 368643.8
endloop
endfacet
facet normal 0 0 0
outer loop
vertex 391863.8 199354.7 363002.8
vertex 394909.7 199354.7 366148.5
vertex 394909.7 202419.1 363002.8
endloop
endfacet
facet normal 0 0 0
outer loop
vertex 394909.7 165509.1 366186.9
vertex 389268.8 165509.1 363018.8
vertex 389268.8 165485.1 363002.8
endloop
endfacet
facet normal 0 0 0
outer loop
vertex 389268.8 165485.1 363002.8
vertex 394909.7 161718.4 363002.8
vertex 394909.7 165509.1 366186.9
endloop
endfacet
facet normal 0 0 0
outer loop
vertex 439808.4 210636.6 363002.8
vertex 437590.2 216277.5 363002.8
vertex 438486.4 216277.5 368643.8
endloop
endfacet
facet normal 0 0 0
outer loop
vertex 438486.4 216277.5 368643.8
vertex 439763.9 210636.6 368643.8
vertex 439808.4 210636.6 363002.8
endloop
endfacet
facet normal 0 0 0
outer loop
vertex 423114.4 154875.3 368643.8
vertex 428755.3 154227.2 368519.3
vertex 428755.3 154291.5 368643.8
endloop
endfacet
facet normal 0 0 0
outer loop
vertex 423114.4 154227.2 367608.7
vertex 428755.3 154227.2 368519.3
vertex 423114.4 154875.3 368643.8
endloop
endfacet
facet normal 0 0 0
outer loop
vertex 428755.3 154291.5 368643.8
vertex 428755.3 154227.2 368519.3
vertex 430188.1 154227.2 368643.8
endloop
endfacet
facet normal 0 0 0
outer loop
vertex 417473.4 216965.7 363002.8
vertex 416064.9 216277.5 363002.8
vertex 417276.9 216277.5 368643.8
endloop
endfacet
facet normal 0 0 0
outer loop
vertex 417276.9 216277.5 368643.8
vertex 417473.4 216424.6 368643.8
vertex 417473.4 216965.7 363002.8
endloop
endfacet
facet normal 0 0 0
outer loop
vertex 400550.6 204995.6 365852.1
vertex 394909.7 199354.7 366148.5
vertex 397078.7 199354.7 368643.8
endloop
endfacet
facet normal 0 0 0
outer loop
vertex 400550.6 203006.1 368643.8
vertex 400550.6 204995.6 365852.1
vertex 397078.7 199354.7 368643.8
endloop
endfacet
facet normal 0 0 0
outer loop
vertex 398635.8 159868.1 363002.8
vertex 400550.6 159868.1 364119.4
vertex 400550.6 164298.8 368643.8
endloop
endfacet
facet normal 0 0 0
outer loop
vertex 394909.7 202419.1 363002.8
vertex 394909.7 199354.7 366148.5
vertex 400550.6 204995.6 365852.1
endloop
endfacet
facet normal 0 0 0
outer loop
vertex 398881.4 165509.1 368643.8
vertex 398635.8 159868.1 363002.8
vertex 400550.6 164298.8 368643.8
endloop
endfacet
facet normal 0 0 0
outer loop
vertex 398058.5 204995.6 363002.8
vertex 394909.7 202419.1 363002.8
vertex 400550.6 204995.6 365852.1
endloop
endfacet
facet normal 0 0 0
outer loop
vertex 394909.7 165509.1 366186.9
vertex 398635.8 159868.1 363002.8
vertex 398881.4 165509.1 368643.8
endloop
endfacet
facet normal 0 0 0
outer loop
vertex 394909.7 161718.4 363002.8
vertex 398635.8 159868.1 363002.8
vertex 394909.7 165509.1 366186.9
endloop
endfacet
facet normal 0 0 0
outer loop
vertex 423114.4 219176.5 363002.8
vertex 417473.4 216965.7 363002.8
vertex 417473.4 216424.6 368643.8
endloop
endfacet
facet normal 0 0 0
outer loop
vertex 417473.4 216424.6 368643.8
vertex 423114.4 219778.8 368643.8
vertex 423114.4 219176.5 363002.8
endloop
endfacet
facet normal 0 0 0
outer loop
vertex 402614.8 204995.6 368643.8
vertex 400550.6 204995.6 365852.1
vertex 400550.6 203006.1 368643.8
endloop
endfacet
facet normal 0 0 0
outer loop
vertex 439660.5 154227.2 368643.8
vertex 437624 153130.9 366139.8
vertex 440037.2 154227.2 364902
endloop
endfacet
facet normal 0 0 0
outer loop
vertex 440037.2 154227.2 364902
vertex 437624 153130.9 366139.8
vertex 440037.2 153767 363002.8
endloop
endfacet
facet normal 0 0 0
outer loop
vertex 440037.2 153767 363002.8
vertex 437624 153130.9 366139.8
vertex 434396.2 150052.4 363002.8
endloop
endfacet
facet normal 0 0 0
outer loop
vertex 434396.2 150052.4 363002.8
vertex 437624 153130.9 366139.8
vertex 434396.2 153400.9 368643.8
endloop
endfacet
facet normal 0 0 0
outer loop
vertex 434396.2 153400.9 368643.8
vertex 437624 153130.9 366139.8
vertex 437216.7 153110.4 368643.8
endloop
endfacet
facet normal 0 0 0
outer loop
vertex 437216.7 153110.4 368643.8
vertex 437624 153130.9 366139.8
vertex 439660.5 154227.2 368643.8
endloop
endfacet
facet normal 0 0 0
outer loop
vertex 428755.3 220202.5 363002.8
vertex 423114.4 219176.5 363002.8
vertex 423114.4 219778.8 368643.8
endloop
endfacet
facet normal 0 0 0
outer loop
vertex 423114.4 219778.8 368643.8
vertex 428755.3 221867.5 368643.8
vertex 428755.3 220202.5 363002.8
endloop
endfacet
facet normal 0 0 0
outer loop
vertex 398058.5 204995.6 363002.8
vertex 400550.6 204995.6 365852.1
vertex 400550.6 206766 363002.8
endloop
endfacet
facet normal 0 0 0
outer loop
vertex 389268.8 171150 366204.9
vertex 394909.7 165509.1 366186.9
vertex 394909.7 168998.1 368643.8
endloop
endfacet
facet normal 0 0 0
outer loop
vertex 393167 171150 368643.8
vertex 389268.8 171150 366204.9
vertex 394909.7 168998.1 368643.8
endloop
endfacet
facet normal 0 0 0
outer loop
vertex 389268.8 165509.1 363018.8
vertex 394909.7 165509.1 366186.9
vertex 389268.8 171150 366204.9
endloop
endfacet
facet normal 0 0 0
outer loop
vertex 440159.4 154227.2 363002.8
vertex 440037.2 154227.2 364902
vertex 440037.2 153767 363002.8
endloop
endfacet
facet normal 0 0 0
outer loop
vertex 434396.2 221414.9 368643.8
vertex 428755.3 220202.5 363002.8
vertex 428755.3 221867.5 368643.8
endloop
endfacet
facet normal 0 0 0
outer loop
vertex 434396.2 219155.5 363002.8
vertex 428755.3 220202.5 363002.8
vertex 434396.2 221414.9 368643.8
endloop
endfacet
facet normal 0 0 0
outer loop
vertex 394909.7 168998.1 368643.8
vertex 394909.7 165509.1 366186.9
vertex 398881.4 165509.1 368643.8
endloop
endfacet
facet normal 0 0 0
outer loop
vertex 439660.5 154227.2 368643.8
vertex 440037.2 154227.2 364902
vertex 440037.2 154641.5 368643.8
endloop
endfacet
facet normal 0 0 0
outer loop
vertex 406191.6 208221.8 368643.8
vertex 400550.6 204995.6 365852.1
vertex 402614.8 204995.6 368643.8
endloop
endfacet
facet normal 0 0 0
outer loop
vertex 400550.6 206766 363002.8
vertex 400550.6 204995.6 365852.1
vertex 406191.6 208221.8 368643.8
endloop
endfacet
facet normal 0 0 0
outer loop
vertex 406191.6 210571.7 363002.8
vertex 400550.6 206766 363002.8
vertex 406191.6 208221.8 368643.8
endloop
endfacet
facet normal 0 0 0
outer loop
vertex 438486.4 216277.5 368643.8
vertex 434396.2 219155.5 363002.8
vertex 434396.2 221414.9 368643.8
endloop
endfacet
facet normal 0 0 0
outer loop
vertex 437590.2 216277.5 363002.8
vertex 434396.2 219155.5 363002.8
vertex 438486.4 216277.5 368643.8
endloop
endfacet
facet normal 0 0 0
outer loop
vertex 400550.6 164298.8 368643.8
vertex 406191.6 159868.1 367299.8
vertex 406191.6 161082.4 368643.8
endloop
endfacet
facet normal 0 0 0
outer loop
vertex 400550.6 159868.1 364119.4
vertex 406191.6 159868.1 367299.8
vertex 400550.6 164298.8 368643.8
endloop
endfacet
facet normal 0 0 0
outer loop
vertex 441779.4 159868.1 368643.8
vertex 440689.5 156646.6 366139.8
vertex 440686.7 159868.1 363002.8
endloop
endfacet
facet normal 0 0 0
outer loop
vertex 440686.7 159868.1 363002.8
vertex 440689.5 156646.6 366139.8
vertex 440159.4 154227.2 363002.8
endloop
endfacet
facet normal 0 0 0
outer loop
vertex 440159.4 154227.2 363002.8
vertex 440689.5 156646.6 366139.8
vertex 440037.2 154227.2 364902
endloop
endfacet
facet normal 0 0 0
outer loop
vertex 440037.2 154227.2 364902
vertex 440689.5 156646.6 366139.8
vertex 440037.2 154641.5 368643.8
endloop
endfacet
facet normal 0 0 0
outer loop
vertex 440037.2 154641.5 368643.8
vertex 440689.5 156646.6 366139.8
vertex 441437.4 157047.7 368643.8
endloop
endfacet
facet normal 0 0 0
outer loop
vertex 441437.4 157047.7 368643.8
vertex 440689.5 156646.6 366139.8
vertex 441779.4 159868.1 368643.8
endloop
endfacet
facet normal 0 0 0
outer loop
vertex 406302.6 210636.6 363002.8
vertex 406191.6 210571.7 363002.8
vertex 406191.6 208221.8 368643.8
endloop
endfacet
facet normal 0 0 0
outer loop
vertex 406191.6 208221.8 368643.8
vertex 409264.8 210636.6 368643.8
vertex 406302.6 210636.6 363002.8
endloop
endfacet
facet normal 0 0 0
outer loop
vertex 406191.6 161082.4 368643.8
vertex 406191.6 159868.1 367299.8
vertex 408761.2 159868.1 368643.8
endloop
endfacet
facet normal 0 0 0
outer loop
vertex 440686.7 159868.1 363002.8
vertex 440715.4 165509.1 363002.8
vertex 441287.4 165509.1 368643.8
endloop
endfacet
facet normal 0 0 0
outer loop
vertex 411832.5 213928.6 363002.8
vertex 406302.6 210636.6 363002.8
vertex 409264.8 210636.6 368643.8
endloop
endfacet
facet normal 0 0 0
outer loop
vertex 441287.4 165509.1 368643.8
vertex 441779.4 159868.1 368643.8
vertex 440686.7 159868.1 363002.8
endloop
endfacet
facet normal 0 0 0
outer loop
vertex 409264.8 210636.6 368643.8
vertex 411832.5 212458.9 368643.8
vertex 411832.5 213928.6 363002.8
endloop
endfacet
facet normal 0 0 0
outer loop
vertex 417473.4 153643 363002.8
vertex 417473.4 154227.2 365110.1
vertex 415260.1 154227.2 363002.8
endloop
endfacet
facet normal 0 0 0
outer loop
vertex 441287.4 165509.1 368643.8
vertex 440976.2 171150 363002.8
vertex 441118.2 171150 368643.8
endloop
endfacet
facet normal 0 0 0
outer loop
vertex 440715.4 165509.1 363002.8
vertex 440976.2 171150 363002.8
vertex 441287.4 165509.1 368643.8
endloop
endfacet
facet normal 0 0 0
outer loop
vertex 441118.2 171150 368643.8
vertex 441058.4 176790.9 363002.8
vertex 441168.1 176790.9 368643.8
endloop
endfacet
facet normal 0 0 0
outer loop
vertex 440976.2 171150 363002.8
vertex 441058.4 176790.9 363002.8
vertex 441118.2 171150 368643.8
endloop
endfacet
facet normal 0 0 0
outer loop
vertex 383627.8 173799.8 363002.8
vertex 383627.8 176790.9 363709.7
vertex 382806.8 176790.9 363002.8
endloop
endfacet
facet normal 0 0 0
outer loop
vertex 441058.4 176790.9 363002.8
vertex 440969.9 182431.9 363002.8
vertex 441041.1 182431.9 368643.8
endloop
endfacet
facet normal 0 0 0
outer loop
vertex 441041.1 182431.9 368643.8
vertex 441168.1 176790.9 368643.8
vertex 441058.4 176790.9 363002.8
endloop
endfacet
facet normal 0 0 0
outer loop
vertex 389268.8 176790.9 367989.3
vertex 383627.8 176790.9 363709.7
vertex 383627.8 173799.8 363002.8
endloop
endfacet
facet normal 0 0 0
outer loop
vertex 389268.8 171150 366204.9
vertex 389268.8 176790.9 367989.3
vertex 383627.8 173799.8 363002.8
endloop
endfacet
facet normal 0 0 0
outer loop
vertex 384572.6 171150 363002.8
vertex 389268.8 171150 366204.9
vertex 383627.8 173799.8 363002.8
endloop
endfacet
facet normal 0 0 0
outer loop
vertex 440969.9 182431.9 363002.8
vertex 440712.3 188072.8 363002.8
vertex 440693.4 188072.8 368643.8
endloop
endfacet
facet normal 0 0 0
outer loop
vertex 440693.4 188072.8 368643.8
vertex 441041.1 182431.9 368643.8
vertex 440969.9 182431.9 363002.8
endloop
endfacet
facet normal 0 0 0
outer loop
vertex 382806.8 176790.9 363002.8
vertex 383627.8 182431.9 363736.6
vertex 382606.7 182431.9 363002.8
endloop
endfacet
facet normal 0 0 0
outer loop
vertex 383627.8 176790.9 363709.7
vertex 383627.8 182431.9 363736.6
vertex 382806.8 176790.9 363002.8
endloop
endfacet
facet normal 0 0 0
outer loop
vertex 440712.3 188072.8 363002.8
vertex 440293.2 193713.8 363002.8
vertex 440310 193713.8 368643.8
endloop
endfacet
facet normal 0 0 0
outer loop
vertex 440310 193713.8 368643.8
vertex 440693.4 188072.8 368643.8
vertex 440712.3 188072.8 363002.8
endloop
endfacet
facet normal 0 0 0
outer loop
vertex 383627.8 182431.9 363736.6
vertex 389268.8 176790.9 367989.3
vertex 389268.8 182431.9 368333.7
endloop
endfacet
facet normal 0 0 0
outer loop
vertex 383627.8 176790.9 363709.7
vertex 389268.8 176790.9 367989.3
vertex 383627.8 182431.9 363736.6
endloop
endfacet
facet normal 0 0 0
outer loop
vertex 382606.7 182431.9 363002.8
vertex 383627.8 182431.9 363736.6
vertex 383627.8 185880.1 363002.8
endloop
endfacet
facet normal 0 0 0
outer loop
vertex 383627.8 185880.1 363002.8
vertex 389268.8 188072.8 367141
vertex 384586.8 188072.8 363002.8
endloop
endfacet
facet normal 0 0 0
outer loop
vertex 389268.8 182431.9 368333.7
vertex 389268.8 188072.8 367141
vertex 383627.8 185880.1 363002.8
endloop
endfacet
facet normal 0 0 0
outer loop
vertex 383627.8 182431.9 363736.6
vertex 389268.8 182431.9 368333.7
vertex 383627.8 185880.1 363002.8
endloop
endfacet
facet normal 0 0 0
outer loop
vertex 389268.8 188072.8 367141
vertex 389268.8 193713.8 364596.7
vertex 387619.8 193713.8 363002.8
endloop
endfacet
facet normal 0 0 0
outer loop
vertex 387619.8 193713.8 363002.8
vertex 384586.8 188072.8 363002.8
vertex 389268.8 188072.8 367141
endloop
endfacet
facet normal 0 0 0
outer loop
vertex 390274.8 176790.9 368643.8
vertex 389268.8 171150 366204.9
vertex 393167 171150 368643.8
endloop
endfacet
facet normal 0 0 0
outer loop
vertex 389268.8 176790.9 367989.3
vertex 389268.8 171150 366204.9
vertex 390274.8 176790.9 368643.8
endloop
endfacet
facet normal 0 0 0
outer loop
vertex 389658.7 182431.9 368643.8
vertex 389268.8 176790.9 367989.3
vertex 390274.8 176790.9 368643.8
endloop
endfacet
facet normal 0 0 0
outer loop
vertex 389268.8 182431.9 368333.7
vertex 389268.8 176790.9 367989.3
vertex 389658.7 182431.9 368643.8
endloop
endfacet
facet normal 0 0 0
outer loop
vertex 389268.8 188072.8 367141
vertex 389268.8 182431.9 368333.7
vertex 389658.7 182431.9 368643.8
endloop
endfacet
facet normal 0 0 0
outer loop
vertex 389658.7 182431.9 368643.8
vertex 390908 188072.8 368643.8
vertex 389268.8 188072.8 367141
endloop
endfacet
facet normal 0 0 0
outer loop
vertex 375794.8 182431.9 357361.9
vertex 377438.8 178315.6 358240.3
vertex 377986.9 182431.9 359348.8
endloop
endfacet
facet normal 0 0 0
outer loop
vertex 377986.9 182431.9 359348.8
vertex 377438.8 178315.6 358240.3
vertex 377986.9 176790.9 358888.7
endloop
endfacet
facet normal 0 0 0
outer loop
vertex 377986.9 176790.9 358888.7
vertex 377438.8 178315.6 358240.3
vertex 377986.9 171607.8 357361.9
endloop
endfacet
facet normal 0 0 0
outer loop
vertex 377986.9 171607.8 357361.9
vertex 377438.8 178315.6 358240.3
vertex 375794.8 182431.9 357361.9
endloop
endfacet
facet normal 0 0 0
outer loop
vertex 434396.2 154519.4 371464.2
vertex 434396.2 154227.2 370589.8
vertex 436146.8 154227.2 371464.2
endloop
endfacet
facet normal 0 0 0
outer loop
vertex 440037.2 155210.9 371464.2
vertex 441437.4 157047.7 368643.8
vertex 441467.8 157047.7 371464.2
endloop
endfacet
facet normal 0 0 0
outer loop
vertex 440037.2 154641.5 368643.8
vertex 441437.4 157047.7 368643.8
vertex 440037.2 155210.9 371464.2
endloop
endfacet
facet normal 0 0 0
outer loop
vertex 439660.5 154227.2 368643.8
vertex 440037.2 154641.5 368643.8
vertex 440037.2 155210.9 371464.2
endloop
endfacet
facet normal 0 0 0
outer loop
vertex 440037.2 155210.9 371464.2
vertex 438485.9 154227.2 371464.2
vertex 439660.5 154227.2 368643.8
endloop
endfacet
facet normal 0 0 0
outer loop
vertex 436146.8 154227.2 371464.2
vertex 437216.7 153110.4 368643.8
vertex 437216.7 154108.1 371464.2
endloop
endfacet
facet normal 0 0 0
outer loop
vertex 441467.8 157047.7 371464.2
vertex 441779.4 159868.1 368643.8
vertex 442404.4 159868.1 371464.2
endloop
endfacet
facet normal 0 0 0
outer loop
vertex 434396.2 154227.2 370589.8
vertex 437216.7 153110.4 368643.8
vertex 436146.8 154227.2 371464.2
endloop
endfacet
facet normal 0 0 0
outer loop
vertex 441437.4 157047.7 368643.8
vertex 441779.4 159868.1 368643.8
vertex 441467.8 157047.7 371464.2
endloop
endfacet
facet normal 0 0 0
outer loop
vertex 434396.2 153400.9 368643.8
vertex 437216.7 153110.4 368643.8
vertex 434396.2 154227.2 370589.8
endloop
endfacet
facet normal 0 0 0
outer loop
vertex 437216.7 153110.4 368643.8
vertex 439660.5 154227.2 368643.8
vertex 438485.9 154227.2 371464.2
endloop
endfacet
facet normal 0 0 0
outer loop
vertex 438485.9 154227.2 371464.2
vertex 437216.7 154108.1 371464.2
vertex 437216.7 153110.4 368643.8
endloop
endfacet
facet normal 0 0 0
outer loop
vertex 437216.7 154108.1 371464.2
vertex 437216.7 154227.2 371846.5
vertex 436146.8 154227.2 371464.2
endloop
endfacet
facet normal 0 0 0
outer loop
vertex 440037.2 155210.9 371464.2
vertex 441467.8 157047.7 371464.2
vertex 441169.4 157047.7 374284.7
endloop
endfacet
facet normal 0 0 0
outer loop
vertex 441169.4 157047.7 374284.7
vertex 440037.2 155322 374284.7
vertex 440037.2 155210.9 371464.2
endloop
endfacet
facet normal 0 0 0
outer loop
vertex 438485.9 154227.2 371464.2
vertex 437216.7 154227.2 371846.5
vertex 437216.7 154108.1 371464.2
endloop
endfacet
facet normal 0 0 0
outer loop
vertex 436146.8 154227.2 371464.2
vertex 437216.7 154227.2 371846.5
vertex 437216.7 154810.1 374284.7
endloop
endfacet
facet normal 0 0 0
outer loop
vertex 441467.8 157047.7 371464.2
vertex 442404.4 159868.1 371464.2
vertex 441996.7 159868.1 374284.7
endloop
endfacet
facet normal 0 0 0
outer loop
vertex 434396.2 155629.6 374284.7
vertex 436146.8 154227.2 371464.2
vertex 437216.7 154810.1 374284.7
endloop
endfacet
facet normal 0 0 0
outer loop
vertex 441996.7 159868.1 374284.7
vertex 441169.4 157047.7 374284.7
vertex 441467.8 157047.7 371464.2
endloop
endfacet
facet normal 0 0 0
outer loop
vertex 434396.2 154519.4 371464.2
vertex 436146.8 154227.2 371464.2
vertex 434396.2 155629.6 374284.7
endloop
endfacet
facet normal 0 0 0
outer loop
vertex 438485.9 154227.2 371464.2
vertex 440037.2 155210.9 371464.2
vertex 440037.2 155322 374284.7
endloop
endfacet
facet normal 0 0 0
outer loop
vertex 437216.7 154810.1 374284.7
vertex 438485.9 154227.2 371464.2
vertex 440037.2 155322 374284.7
endloop
endfacet
facet normal 0 0 0
outer loop
vertex 437216.7 154227.2 371846.5
vertex 438485.9 154227.2 371464.2
vertex 437216.7 154810.1 374284.7
endloop
endfacet
facet normal 0 0 0
outer loop
vertex 397078.7 199354.7 368643.8
vertex 400550.6 199354.7 372392.2
vertex 400550.6 203006.1 368643.8
endloop
endfacet
facet normal 0 0 0
outer loop
vertex 412429.3 210636.6 374284.7
vertex 411832.5 210636.6 373261.8
vertex 411832.5 209882.9 374284.7
endloop
endfacet
facet normal 0 0 0
outer loop
vertex 402747.8 199354.7 374284.7
vertex 400550.6 199354.7 372392.2
vertex 400550.6 196586.9 374284.7
endloop
endfacet
facet normal 0 0 0
outer loop
vertex 411832.5 158383.2 368643.8
vertex 411832.5 159868.1 370299.4
vertex 408761.2 159868.1 368643.8
endloop
endfacet
facet normal 0 0 0
outer loop
vertex 441411.7 165509.1 374284.7
vertex 441817.6 162218.5 371934.3
vertex 441287.4 165509.1 368643.8
endloop
endfacet
facet normal 0 0 0
outer loop
vertex 441287.4 165509.1 368643.8
vertex 441817.6 162218.5 371934.3
vertex 441779.4 159868.1 368643.8
endloop
endfacet
facet normal 0 0 0
outer loop
vertex 400550.6 164298.8 368643.8
vertex 400550.6 165509.1 369560.8
vertex 398881.4 165509.1 368643.8
endloop
endfacet
facet normal 0 0 0
outer loop
vertex 441779.4 159868.1 368643.8
vertex 441817.6 162218.5 371934.3
vertex 442404.4 159868.1 371464.2
endloop
endfacet
facet normal 0 0 0
outer loop
vertex 442404.4 159868.1 371464.2
vertex 441817.6 162218.5 371934.3
vertex 441996.7 159868.1 374284.7
endloop
endfacet
facet normal 0 0 0
outer loop
vertex 441996.7 159868.1 374284.7
vertex 441817.6 162218.5 371934.3
vertex 442026 162688.6 374284.7
endloop
endfacet
facet normal 0 0 0
outer loop
vertex 442026 162688.6 374284.7
vertex 441817.6 162218.5 371934.3
vertex 441411.7 165509.1 374284.7
endloop
endfacet
facet normal 0 0 0
outer loop
vertex 394909.7 168998.1 368643.8
vertex 394909.7 171150 369779.8
vertex 393167 171150 368643.8
endloop
endfacet
facet normal 0 0 0
outer loop
vertex 417473.4 214964.7 374284.7
vertex 411832.5 210636.6 373261.8
vertex 412429.3 210636.6 374284.7
endloop
endfacet
facet normal 0 0 0
outer loop
vertex 411832.5 212458.9 368643.8
vertex 411832.5 210636.6 373261.8
vertex 417473.4 214964.7 374284.7
endloop
endfacet
facet normal 0 0 0
outer loop
vertex 417473.4 216277.5 369304.4
vertex 411832.5 212458.9 368643.8
vertex 417473.4 214964.7 374284.7
endloop
endfacet
facet normal 0 0 0
outer loop
vertex 417276.9 216277.5 368643.8
vertex 411832.5 212458.9 368643.8
vertex 417473.4 216277.5 369304.4
endloop
endfacet
facet normal 0 0 0
outer loop
vertex 400550.6 203006.1 368643.8
vertex 400550.6 199354.7 372392.2
vertex 402747.8 199354.7 374284.7
endloop
endfacet
facet normal 0 0 0
outer loop
vertex 402614.8 204995.6 368643.8
vertex 400550.6 203006.1 368643.8
vertex 402747.8 199354.7 374284.7
endloop
endfacet
facet normal 0 0 0
outer loop
vertex 406191.6 204995.6 373424.6
vertex 402614.8 204995.6 368643.8
vertex 402747.8 199354.7 374284.7
endloop
endfacet
facet normal 0 0 0
outer loop
vertex 406191.6 204258 374284.7
vertex 406191.6 204995.6 373424.6
vertex 402747.8 199354.7 374284.7
endloop
endfacet
facet normal 0 0 0
outer loop
vertex 441287.4 165509.1 368643.8
vertex 441118.2 171150 368643.8
vertex 441090.8 171150 374284.7
endloop
endfacet
facet normal 0 0 0
outer loop
vertex 441090.8 171150 374284.7
vertex 441411.7 165509.1 374284.7
vertex 441287.4 165509.1 368643.8
endloop
endfacet
facet normal 0 0 0
outer loop
vertex 419663.2 216277.5 374284.7
vertex 417473.4 216277.5 369304.4
vertex 417473.4 214964.7 374284.7
endloop
endfacet
facet normal 0 0 0
outer loop
vertex 406887 204995.6 374284.7
vertex 406191.6 204995.6 373424.6
vertex 406191.6 204258 374284.7
endloop
endfacet
facet normal 0 0 0
outer loop
vertex 400550.6 171150 373382
vertex 394909.7 171150 369779.8
vertex 394909.7 168998.1 368643.8
endloop
endfacet
facet normal 0 0 0
outer loop
vertex 398881.4 165509.1 368643.8
vertex 400550.6 171150 373382
vertex 394909.7 168998.1 368643.8
endloop
endfacet
facet normal 0 0 0
outer loop
vertex 400550.6 165509.1 369560.8
vertex 400550.6 171150 373382
vertex 398881.4 165509.1 368643.8
endloop
endfacet
facet normal 0 0 0
outer loop
vertex 402614.8 204995.6 368643.8
vertex 406191.6 204995.6 373424.6
vertex 406191.6 208221.8 368643.8
endloop
endfacet
facet normal 0 0 0
outer loop
vertex 440037.2 195552.7 368643.8
vertex 439065.9 199354.7 368643.8
vertex 439028.2 199354.7 374284.7
endloop
endfacet
facet normal 0 0 0
outer loop
vertex 439028.2 199354.7 374284.7
vertex 440037.2 194412.2 374284.7
vertex 440037.2 195552.7 368643.8
endloop
endfacet
facet normal 0 0 0
outer loop
vertex 393167 171150 368643.8
vertex 394909.7 176790.9 372074.6
vertex 390274.8 176790.9 368643.8
endloop
endfacet
facet normal 0 0 0
outer loop
vertex 394909.7 171150 369779.8
vertex 394909.7 176790.9 372074.6
vertex 393167 171150 368643.8
endloop
endfacet
facet normal 0 0 0
outer loop
vertex 406191.6 165509.1 372763.2
vertex 400550.6 165509.1 369560.8
vertex 400550.6 164298.8 368643.8
endloop
endfacet
facet normal 0 0 0
outer loop
vertex 400550.6 164298.8 368643.8
vertex 406191.6 161082.4 368643.8
vertex 406191.6 165509.1 372763.2
endloop
endfacet
facet normal 0 0 0
outer loop
vertex 440310 193713.8 368643.8
vertex 440037.2 195552.7 368643.8
vertex 440037.2 194412.2 374284.7
endloop
endfacet
facet normal 0 0 0
outer loop
vertex 440037.2 194412.2 374284.7
vertex 440184.3 193713.8 374284.7
vertex 440310 193713.8 368643.8
endloop
endfacet
facet normal 0 0 0
outer loop
vertex 411832.5 210636.6 373261.8
vertex 406191.6 204995.6 373424.6
vertex 406887 204995.6 374284.7
endloop
endfacet
facet normal 0 0 0
outer loop
vertex 411832.5 209882.9 374284.7
vertex 411832.5 210636.6 373261.8
vertex 406887 204995.6 374284.7
endloop
endfacet
facet normal 0 0 0
outer loop
vertex 406191.6 208221.8 368643.8
vertex 406191.6 204995.6 373424.6
vertex 411832.5 210636.6 373261.8
endloop
endfacet
facet normal 0 0 0
outer loop
vertex 409264.8 210636.6 368643.8
vertex 406191.6 208221.8 368643.8
vertex 411832.5 210636.6 373261.8
endloop
endfacet
facet normal 0 0 0
outer loop
vertex 439028.2 199354.7 374284.7
vertex 439088.3 204995.6 368643.8
vertex 437592.8 204995.6 374284.7
endloop
endfacet
facet normal 0 0 0
outer loop
vertex 439065.9 199354.7 368643.8
vertex 439088.3 204995.6 368643.8
vertex 439028.2 199354.7 374284.7
endloop
endfacet
facet normal 0 0 0
outer loop
vertex 394909.7 171150 369779.8
vertex 400550.6 171150 373382
vertex 400550.6 172785.1 374284.7
endloop
endfacet
facet normal 0 0 0
outer loop
vertex 397729.2 176790.9 374284.7
vertex 394909.7 171150 369779.8
vertex 400550.6 172785.1 374284.7
endloop
endfacet
facet normal 0 0 0
outer loop
vertex 394909.7 176790.9 372074.6
vertex 394909.7 171150 369779.8
vertex 397729.2 176790.9 374284.7
endloop
endfacet
facet normal 0 0 0
outer loop
vertex 409264.8 210636.6 368643.8
vertex 411832.5 210636.6 373261.8
vertex 411832.5 212458.9 368643.8
endloop
endfacet
facet normal 0 0 0
outer loop
vertex 408761.2 159868.1 368643.8
vertex 411832.5 159868.1 370299.4
vertex 411832.5 163758.3 374284.7
endloop
endfacet
facet normal 0 0 0
outer loop
vertex 408730 165509.1 374284.7
vertex 408761.2 159868.1 368643.8
vertex 411832.5 163758.3 374284.7
endloop
endfacet
facet normal 0 0 0
outer loop
vertex 406191.6 165509.1 372763.2
vertex 408761.2 159868.1 368643.8
vertex 408730 165509.1 374284.7
endloop
endfacet
facet normal 0 0 0
outer loop
vertex 406191.6 161082.4 368643.8
vertex 408761.2 159868.1 368643.8
vertex 406191.6 165509.1 372763.2
endloop
endfacet
facet normal 0 0 0
outer loop
vertex 439088.3 204995.6 368643.8
vertex 439763.9 210636.6 368643.8
vertex 437063.9 210636.6 374284.7
endloop
endfacet
facet normal 0 0 0
outer loop
vertex 437063.9 210636.6 374284.7
vertex 437592.8 204995.6 374284.7
vertex 439088.3 204995.6 368643.8
endloop
endfacet
facet normal 0 0 0
outer loop
vertex 394909.7 176790.9 372074.6
vertex 394909.7 182431.9 372983.8
vertex 389658.7 182431.9 368643.8
endloop
endfacet
facet normal 0 0 0
outer loop
vertex 389658.7 182431.9 368643.8
vertex 390274.8 176790.9 368643.8
vertex 394909.7 176790.9 372074.6
endloop
endfacet
facet normal 0 0 0
outer loop
vertex 437063.9 210636.6 374284.7
vertex 438486.4 216277.5 368643.8
vertex 436499.2 216277.5 374284.7
endloop
endfacet
facet normal 0 0 0
outer loop
vertex 439763.9 210636.6 368643.8
vertex 438486.4 216277.5 368643.8
vertex 437063.9 210636.6 374284.7
endloop
endfacet
facet normal 0 0 0
outer loop
vertex 396346.2 182431.9 374284.7
vertex 394909.7 176790.9 372074.6
vertex 397729.2 176790.9 374284.7
endloop
endfacet
facet normal 0 0 0
outer loop
vertex 394909.7 182431.9 372983.8
vertex 394909.7 176790.9 372074.6
vertex 396346.2 182431.9 374284.7
endloop
endfacet
facet normal 0 0 0
outer loop
vertex 441090.8 171150 374284.7
vertex 441168.1 176790.9 368643.8
vertex 441827.5 176790.9 374284.7
endloop
endfacet
facet normal 0 0 0
outer loop
vertex 441118.2 171150 368643.8
vertex 441168.1 176790.9 368643.8
vertex 441090.8 171150 374284.7
endloop
endfacet
facet normal 0 0 0
outer loop
vertex 400550.6 165509.1 369560.8
vertex 406191.6 165509.1 372763.2
vertex 406191.6 167069.9 374284.7
endloop
endfacet
facet normal 0 0 0
outer loop
vertex 402217.5 171150 374284.7
vertex 400550.6 165509.1 369560.8
vertex 406191.6 167069.9 374284.7
endloop
endfacet
facet normal 0 0 0
outer loop
vertex 400550.6 171150 373382
vertex 400550.6 165509.1 369560.8
vertex 402217.5 171150 374284.7
endloop
endfacet
facet normal 0 0 0
outer loop
vertex 417276.9 216277.5 368643.8
vertex 417473.4 216277.5 369304.4
vertex 417473.4 216424.6 368643.8
endloop
endfacet
facet normal 0 0 0
outer loop
vertex 400550.6 172785.1 374284.7
vertex 400550.6 171150 373382
vertex 402217.5 171150 374284.7
endloop
endfacet
facet normal 0 0 0
outer loop
vertex 406191.6 167069.9 374284.7
vertex 406191.6 165509.1 372763.2
vertex 408730 165509.1 374284.7
endloop
endfacet
facet normal 0 0 0
outer loop
vertex 441168.1 176790.9 368643.8
vertex 441041.1 182431.9 368643.8
vertex 441638.1 182431.9 374284.7
endloop
endfacet
facet normal 0 0 0
outer loop
vertex 441638.1 182431.9 374284.7
vertex 441827.5 176790.9 374284.7
vertex 441168.1 176790.9 368643.8
endloop
endfacet
facet normal 0 0 0
outer loop
vertex 394909.7 182431.9 372983.8
vertex 394909.7 188072.8 372302
vertex 390908 188072.8 368643.8
endloop
endfacet
facet normal 0 0 0
outer loop
vertex 390908 188072.8 368643.8
vertex 389658.7 182431.9 368643.8
vertex 394909.7 182431.9 372983.8
endloop
endfacet
facet normal 0 0 0
outer loop
vertex 423114.4 219778.8 368643.8
vertex 417473.4 216277.5 369304.4
vertex 419663.2 216277.5 374284.7
endloop
endfacet
facet normal 0 0 0
outer loop
vertex 423114.4 218234.8 374284.7
vertex 423114.4 219778.8 368643.8
vertex 419663.2 216277.5 374284.7
endloop
endfacet
facet normal 0 0 0
outer loop
vertex 417473.4 216424.6 368643.8
vertex 417473.4 216277.5 369304.4
vertex 423114.4 219778.8 368643.8
endloop
endfacet
facet normal 0 0 0
outer loop
vertex 441041.1 182431.9 368643.8
vertex 440693.4 188072.8 368643.8
vertex 441134.4 188072.8 374284.7
endloop
endfacet
facet normal 0 0 0
outer loop
vertex 441134.4 188072.8 374284.7
vertex 441638.1 182431.9 374284.7
vertex 441041.1 182431.9 368643.8
endloop
endfacet
facet normal 0 0 0
outer loop
vertex 417473.4 156219.6 368643.8
vertex 411832.5 159868.1 370299.4
vertex 411832.5 158383.2 368643.8
endloop
endfacet
facet normal 0 0 0
outer loop
vertex 417473.4 159868.1 373795.1
vertex 411832.5 159868.1 370299.4
vertex 417473.4 156219.6 368643.8
endloop
endfacet
facet normal 0 0 0
outer loop
vertex 396750.2 188072.8 374284.7
vertex 394909.7 182431.9 372983.8
vertex 396346.2 182431.9 374284.7
endloop
endfacet
facet normal 0 0 0
outer loop
vertex 394909.7 188072.8 372302
vertex 394909.7 182431.9 372983.8
vertex 396750.2 188072.8 374284.7
endloop
endfacet
facet normal 0 0 0
outer loop
vertex 428755.3 221311.6 374284.7
vertex 423114.4 219778.8 368643.8
vertex 423114.4 218234.8 374284.7
endloop
endfacet
facet normal 0 0 0
outer loop
vertex 428755.3 221867.5 368643.8
vertex 423114.4 219778.8 368643.8
vertex 428755.3 221311.6 374284.7
endloop
endfacet
facet normal 0 0 0
outer loop
vertex 440693.4 188072.8 368643.8
vertex 440310 193713.8 368643.8
vertex 440184.3 193713.8 374284.7
endloop
endfacet
facet normal 0 0 0
outer loop
vertex 440184.3 193713.8 374284.7
vertex 441134.4 188072.8 374284.7
vertex 440693.4 188072.8 368643.8
endloop
endfacet
facet normal 0 0 0
outer loop
vertex 394909.7 188072.8 372302
vertex 394909.7 193713.8 370274
vertex 393408.9 193713.8 368643.8
endloop
endfacet
facet normal 0 0 0
outer loop
vertex 393408.9 193713.8 368643.8
vertex 390908 188072.8 368643.8
vertex 394909.7 188072.8 372302
endloop
endfacet
facet normal 0 0 0
outer loop
vertex 434396.2 221414.9 368643.8
vertex 428755.3 221867.5 368643.8
vertex 428755.3 221311.6 374284.7
endloop
endfacet
facet normal 0 0 0
outer loop
vertex 428755.3 221311.6 374284.7
vertex 434396.2 220629.1 374284.7
vertex 434396.2 221414.9 368643.8
endloop
endfacet
facet normal 0 0 0
outer loop
vertex 417473.4 156219.6 368643.8
vertex 423114.4 154875.3 368643.8
vertex 423114.4 157303.3 374284.7
endloop
endfacet
facet normal 0 0 0
outer loop
vertex 418106.1 159868.1 374284.7
vertex 417473.4 156219.6 368643.8
vertex 423114.4 157303.3 374284.7
endloop
endfacet
facet normal 0 0 0
outer loop
vertex 417473.4 159868.1 373795.1
vertex 417473.4 156219.6 368643.8
vertex 418106.1 159868.1 374284.7
endloop
endfacet
facet normal 0 0 0
outer loop
vertex 398668.4 193713.8 374284.7
vertex 394909.7 188072.8 372302
vertex 396750.2 188072.8 374284.7
endloop
endfacet
facet normal 0 0 0
outer loop
vertex 394909.7 193713.8 370274
vertex 394909.7 188072.8 372302
vertex 398668.4 193713.8 374284.7
endloop
endfacet
facet normal 0 0 0
outer loop
vertex 436499.2 216277.5 374284.7
vertex 434396.2 221414.9 368643.8
vertex 434396.2 220629.1 374284.7
endloop
endfacet
facet normal 0 0 0
outer loop
vertex 434396.2 153400.9 368643.8
vertex 434396.2 154227.2 370589.8
vertex 430188.1 154227.2 368643.8
endloop
endfacet
facet normal 0 0 0
outer loop
vertex 438486.4 216277.5 368643.8
vertex 434396.2 221414.9 368643.8
vertex 436499.2 216277.5 374284.7
endloop
endfacet
facet normal 0 0 0
outer loop
vertex 393408.9 193713.8 368643.8
vertex 394909.7 193713.8 370274
vertex 394909.7 196380.7 368643.8
endloop
endfacet
facet normal 0 0 0
outer loop
vertex 423114.4 154875.3 368643.8
vertex 428755.3 154291.5 368643.8
vertex 428755.3 156504.2 374284.7
endloop
endfacet
facet normal 0 0 0
outer loop
vertex 428755.3 156504.2 374284.7
vertex 423114.4 157303.3 374284.7
vertex 423114.4 154875.3 368643.8
endloop
endfacet
facet normal 0 0 0
outer loop
vertex 434396.2 155629.6 374284.7
vertex 431814.6 154899.8 371318.5
vertex 434396.2 154519.4 371464.2
endloop
endfacet
facet normal 0 0 0
outer loop
vertex 434396.2 154519.4 371464.2
vertex 431814.6 154899.8 371318.5
vertex 434396.2 154227.2 370589.8
endloop
endfacet
facet normal 0 0 0
outer loop
vertex 434396.2 154227.2 370589.8
vertex 431814.6 154899.8 371318.5
vertex 430188.1 154227.2 368643.8
endloop
endfacet
facet normal 0 0 0
outer loop
vertex 430188.1 154227.2 368643.8
vertex 431814.6 154899.8 371318.5
vertex 428755.3 154291.5 368643.8
endloop
endfacet
facet normal 0 0 0
outer loop
vertex 428755.3 154291.5 368643.8
vertex 431814.6 154899.8 371318.5
vertex 428755.3 156504.2 374284.7
endloop
endfacet
facet normal 0 0 0
outer loop
vertex 428755.3 156504.2 374284.7
vertex 431814.6 154899.8 371318.5
vertex 434396.2 155629.6 374284.7
endloop
endfacet
facet normal 0 0 0
outer loop
vertex 394909.7 196380.7 368643.8
vertex 394909.7 193713.8 370274
vertex 398668.4 193713.8 374284.7
endloop
endfacet
facet normal 0 0 0
outer loop
vertex 400550.6 196586.9 374284.7
vertex 394909.7 196380.7 368643.8
vertex 398668.4 193713.8 374284.7
endloop
endfacet
facet normal 0 0 0
outer loop
vertex 397078.7 199354.7 368643.8
vertex 394909.7 196380.7 368643.8
vertex 400550.6 196586.9 374284.7
endloop
endfacet
facet normal 0 0 0
outer loop
vertex 400550.6 199354.7 372392.2
vertex 397078.7 199354.7 368643.8
vertex 400550.6 196586.9 374284.7
endloop
endfacet
facet normal 0 0 0
outer loop
vertex 411832.5 163758.3 374284.7
vertex 417473.4 159868.1 373795.1
vertex 417473.4 160196.6 374284.7
endloop
endfacet
facet normal 0 0 0
outer loop
vertex 411832.5 159868.1 370299.4
vertex 417473.4 159868.1 373795.1
vertex 411832.5 163758.3 374284.7
endloop
endfacet
facet normal 0 0 0
outer loop
vertex 417473.4 160196.6 374284.7
vertex 417473.4 159868.1 373795.1
vertex 418106.1 159868.1 374284.7
endloop
endfacet
facet normal 0 0 0
outer loop
vertex 440037.2 165136 377105.2
vertex 440037.2 165509.1 376750.3
vertex 439625.4 165509.1 377105.2
endloop
endfacet
facet normal 0 0 0
outer loop
vertex 440037.2 156386.9 377105.2
vertex 441169.4 157047.7 374284.7
vertex 440232.9 157047.7 377105.2
endloop
endfacet
facet normal 0 0 0
outer loop
vertex 440037.2 155322 374284.7
vertex 441169.4 157047.7 374284.7
vertex 440037.2 156386.9 377105.2
endloop
endfacet
facet normal 0 0 0
outer loop
vertex 441996.7 159868.1 374284.7
vertex 442026 162688.6 374284.7
vertex 440462.8 162688.6 377105.2
endloop
endfacet
facet normal 0 0 0
outer loop
vertex 440462.8 162688.6 377105.2
vertex 440225.2 159868.1 377105.2
vertex 441996.7 159868.1 374284.7
endloop
endfacet
facet normal 0 0 0
outer loop
vertex 441169.4 157047.7 374284.7
vertex 441996.7 159868.1 374284.7
vertex 440225.2 159868.1 377105.2
endloop
endfacet
facet normal 0 0 0
outer loop
vertex 434396.2 155629.6 374284.7
vertex 437216.7 154810.1 374284.7
vertex 437216.7 156290 377105.2
endloop
endfacet
facet normal 0 0 0
outer loop
vertex 440225.2 159868.1 377105.2
vertex 440232.9 157047.7 377105.2
vertex 441169.4 157047.7 374284.7
endloop
endfacet
facet normal 0 0 0
outer loop
vertex 434396.2 157047.7 376414.9
vertex 434396.2 155629.6 374284.7
vertex 437216.7 156290 377105.2
endloop
endfacet
facet normal 0 0 0
outer loop
vertex 436678.3 157047.7 377105.2
vertex 434396.2 157047.7 376414.9
vertex 437216.7 156290 377105.2
endloop
endfacet
facet normal 0 0 0
outer loop
vertex 437216.7 156290 377105.2
vertex 440037.2 155322 374284.7
vertex 440037.2 156386.9 377105.2
endloop
endfacet
facet normal 0 0 0
outer loop
vertex 437216.7 154810.1 374284.7
vertex 440037.2 155322 374284.7
vertex 437216.7 156290 377105.2
endloop
endfacet
facet normal 0 0 0
outer loop
vertex 441411.7 165509.1 374284.7
vertex 440037.2 165509.1 376750.3
vertex 440037.2 165136 377105.2
endloop
endfacet
facet normal 0 0 0
outer loop
vertex 440462.8 162688.6 377105.2
vertex 441411.7 165509.1 374284.7
vertex 440037.2 165136 377105.2
endloop
endfacet
facet normal 0 0 0
outer loop
vertex 442026 162688.6 374284.7
vertex 441411.7 165509.1 374284.7
vertex 440462.8 162688.6 377105.2
endloop
endfacet
facet normal 0 0 0
outer loop
vertex 434396.2 157784.8 377105.2
vertex 434396.2 157047.7 376414.9
vertex 436678.3 157047.7 377105.2
endloop
endfacet
facet normal 0 0 0
outer loop
vertex 440232.9 157047.7 377105.2
vertex 440037.2 157047.7 377428.1
vertex 440037.2 156386.9 377105.2
endloop
endfacet
facet normal 0 0 0
outer loop
vertex 437216.7 156290 377105.2
vertex 437216.7 157047.7 377592.5
vertex 436678.3 157047.7 377105.2
endloop
endfacet
facet normal 0 0 0
outer loop
vertex 434396.2 165509.1 378470.3
vertex 437216.7 162688.6 378127
vertex 437216.7 165509.1 377952.5
endloop
endfacet
facet normal 0 0 0
outer loop
vertex 434396.2 162688.6 378724.7
vertex 437216.7 162688.6 378127
vertex 434396.2 165509.1 378470.3
endloop
endfacet
facet normal 0 0 0
outer loop
vertex 440037.2 159868.1 377283.2
vertex 440037.2 157047.7 377428.1
vertex 440232.9 157047.7 377105.2
endloop
endfacet
facet normal 0 0 0
outer loop
vertex 440232.9 157047.7 377105.2
vertex 440225.2 159868.1 377105.2
vertex 440037.2 159868.1 377283.2
endloop
endfacet
facet normal 0 0 0
outer loop
vertex 440037.2 156386.9 377105.2
vertex 437216.7 157047.7 377592.5
vertex 437216.7 156290 377105.2
endloop
endfacet
facet normal 0 0 0
outer loop
vertex 440037.2 157047.7 377428.1
vertex 437216.7 157047.7 377592.5
vertex 440037.2 156386.9 377105.2
endloop
endfacet
facet normal 0 0 0
outer loop
vertex 439625.4 165509.1 377105.2
vertex 440037.2 162688.6 377371.2
vertex 440037.2 165136 377105.2
endloop
endfacet
facet normal 0 0 0
outer loop
vertex 437216.7 162688.6 378127
vertex 440037.2 162688.6 377371.2
vertex 439625.4 165509.1 377105.2
endloop
endfacet
facet normal 0 0 0
outer loop
vertex 437216.7 165509.1 377952.5
vertex 437216.7 162688.6 378127
vertex 439625.4 165509.1 377105.2
endloop
endfacet
facet normal 0 0 0
outer loop
vertex 434396.2 159868.1 378280.9
vertex 437216.7 159868.1 378205.8
vertex 437216.7 162688.6 378127
endloop
endfacet
facet normal 0 0 0
outer loop
vertex 437216.7 162688.6 378127
vertex 434396.2 162688.6 378724.7
vertex 434396.2 159868.1 378280.9
endloop
endfacet
facet normal 0 0 0
outer loop
vertex 437216.7 159868.1 378205.8
vertex 434396.2 159868.1 378280.9
vertex 434396.2 157784.8 377105.2
endloop
endfacet
facet normal 0 0 0
outer loop
vertex 436678.3 157047.7 377105.2
vertex 437216.7 159868.1 378205.8
vertex 434396.2 157784.8 377105.2
endloop
endfacet
facet normal 0 0 0
outer loop
vertex 440037.2 162688.6 377371.2
vertex 440037.2 159868.1 377283.2
vertex 440225.2 159868.1 377105.2
endloop
endfacet
facet normal 0 0 0
outer loop
vertex 437216.7 157047.7 377592.5
vertex 437216.7 159868.1 378205.8
vertex 436678.3 157047.7 377105.2
endloop
endfacet
facet normal 0 0 0
outer loop
vertex 437216.7 159868.1 378205.8
vertex 440037.2 159868.1 377283.2
vertex 440037.2 162688.6 377371.2
endloop
endfacet
facet normal 0 0 0
outer loop
vertex 440225.2 159868.1 377105.2
vertex 440462.8 162688.6 377105.2
vertex 440037.2 162688.6 377371.2
endloop
endfacet
facet normal 0 0 0
outer loop
vertex 440037.2 162688.6 377371.2
vertex 437216.7 162688.6 378127
vertex 437216.7 159868.1 378205.8
endloop
endfacet
facet normal 0 0 0
outer loop
vertex 440037.2 165136 377105.2
vertex 440037.2 162688.6 377371.2
vertex 440462.8 162688.6 377105.2
endloop
endfacet
facet normal 0 0 0
outer loop
vertex 437216.7 157047.7 377592.5
vertex 440037.2 157047.7 377428.1
vertex 440037.2 159868.1 377283.2
endloop
endfacet
facet normal 0 0 0
outer loop
vertex 440037.2 159868.1 377283.2
vertex 437216.7 159868.1 378205.8
vertex 437216.7 157047.7 377592.5
endloop
endfacet
facet normal 0 0 0
outer loop
vertex 417473.4 199354.7 378165
vertex 423114.4 199354.7 378301.8
vertex 423114.4 204995.6 378221.5
endloop
endfacet
facet normal 0 0 0
outer loop
vertex 423114.4 204995.6 378221.5
vertex 417473.4 204995.6 378188.2
vertex 417473.4 199354.7 378165
endloop
endfacet
facet normal 0 0 0
outer loop
vertex 434396.2 165509.1 378470.3
vertex 432139.9 162688.6 378428.4
vertex 434396.2 162688.6 378724.7
endloop
endfacet
facet normal 0 0 0
outer loop
vertex 434396.2 162688.6 378724.7
vertex 432139.9 162688.6 378428.4
vertex 434396.2 159868.1 378280.9
endloop
endfacet
facet normal 0 0 0
outer loop
vertex 411832.5 163758.3 374284.7
vertex 411832.5 165509.1 375954.8
vertex 408730 165509.1 374284.7
endloop
endfacet
facet normal 0 0 0
outer loop
vertex 434396.2 159868.1 378280.9
vertex 432139.9 162688.6 378428.4
vertex 428755.3 159868.1 378132.2
endloop
endfacet
facet normal 0 0 0
outer loop
vertex 428755.3 159868.1 378132.2
vertex 432139.9 162688.6 378428.4
vertex 428755.3 165509.1 378534
endloop
endfacet
facet normal 0 0 0
outer loop
vertex 406191.6 193713.8 377960.8
vertex 406191.6 199354.7 376953.6
vertex 402747.8 199354.7 374284.7
endloop
endfacet
facet normal 0 0 0
outer loop
vertex 428755.3 165509.1 378534
vertex 432139.9 162688.6 378428.4
vertex 434396.2 165509.1 378470.3
endloop
endfacet
facet normal 0 0 0
outer loop
vertex 400550.6 196586.9 374284.7
vertex 406191.6 193713.8 377960.8
vertex 402747.8 199354.7 374284.7
endloop
endfacet
facet normal 0 0 0
outer loop
vertex 423114.4 193713.8 378094.1
vertex 428755.3 193713.8 378132.7
vertex 428755.3 199354.7 378158
endloop
endfacet
facet normal 0 0 0
outer loop
vertex 400550.6 193713.8 375854.5
vertex 406191.6 193713.8 377960.8
vertex 400550.6 196586.9 374284.7
endloop
endfacet
facet normal 0 0 0
outer loop
vertex 428755.3 199354.7 378158
vertex 423114.4 199354.7 378301.8
vertex 423114.4 193713.8 378094.1
endloop
endfacet
facet normal 0 0 0
outer loop
vertex 406191.6 167069.9 374284.7
vertex 406191.6 171150 376581
vertex 402217.5 171150 374284.7
endloop
endfacet
facet normal 0 0 0
outer loop
vertex 423114.4 165509.1 378002.1
vertex 428755.3 165509.1 378534
vertex 428755.3 171150 377998.6
endloop
endfacet
facet normal 0 0 0
outer loop
vertex 428755.3 171150 377998.6
vertex 423114.4 171150 378113.3
vertex 423114.4 165509.1 378002.1
endloop
endfacet
facet normal 0 0 0
outer loop
vertex 428755.3 193713.8 378132.7
vertex 434396.2 193713.8 378575.3
vertex 434396.2 199354.7 378399.8
endloop
endfacet
facet normal 0 0 0
outer loop
vertex 406191.6 193713.8 377960.8
vertex 411832.5 193713.8 378233.3
vertex 411832.5 199354.7 378384.1
endloop
endfacet
facet normal 0 0 0
outer loop
vertex 434396.2 199354.7 378399.8
vertex 428755.3 199354.7 378158
vertex 428755.3 193713.8 378132.7
endloop
endfacet
facet normal 0 0 0
outer loop
vertex 411832.5 199354.7 378384.1
vertex 406191.6 199354.7 376953.6
vertex 406191.6 193713.8 377960.8
endloop
endfacet
facet normal 0 0 0
outer loop
vertex 428755.3 165509.1 378534
vertex 434396.2 165509.1 378470.3
vertex 434396.2 171150 378356
endloop
endfacet
facet normal 0 0 0
outer loop
vertex 408730 165509.1 374284.7
vertex 406191.6 171150 376581
vertex 406191.6 167069.9 374284.7
endloop
endfacet
facet normal 0 0 0
outer loop
vertex 434396.2 171150 378356
vertex 428755.3 171150 377998.6
vertex 428755.3 165509.1 378534
endloop
endfacet
facet normal 0 0 0
outer loop
vertex 402747.8 199354.7 374284.7
vertex 406191.6 199354.7 376953.6
vertex 406191.6 204258 374284.7
endloop
endfacet
facet normal 0 0 0
outer loop
vertex 411832.5 171150 378012.9
vertex 406191.6 171150 376581
vertex 408730 165509.1 374284.7
endloop
endfacet
facet normal 0 0 0
outer loop
vertex 423114.4 199354.7 378301.8
vertex 428755.3 199354.7 378158
vertex 428755.3 204995.6 378083.3
endloop
endfacet
facet normal 0 0 0
outer loop
vertex 411832.5 165509.1 375954.8
vertex 411832.5 171150 378012.9
vertex 408730 165509.1 374284.7
endloop
endfacet
facet normal 0 0 0
outer loop
vertex 428755.3 204995.6 378083.3
vertex 423114.4 204995.6 378221.5
vertex 423114.4 199354.7 378301.8
endloop
endfacet
facet normal 0 0 0
outer loop
vertex 406191.6 204258 374284.7
vertex 411832.5 204995.6 377429.5
vertex 406887 204995.6 374284.7
endloop
endfacet
facet normal 0 0 0
outer loop
vertex 428755.3 204995.6 378083.3
vertex 434396.2 199354.7 378399.8
vertex 434396.2 204995.6 377217.7
endloop
endfacet
facet normal 0 0 0
outer loop
vertex 406191.6 199354.7 376953.6
vertex 411832.5 204995.6 377429.5
vertex 406191.6 204258 374284.7
endloop
endfacet
facet normal 0 0 0
outer loop
vertex 428755.3 199354.7 378158
vertex 434396.2 199354.7 378399.8
vertex 428755.3 204995.6 378083.3
endloop
endfacet
facet normal 0 0 0
outer loop
vertex 411832.5 199354.7 378384.1
vertex 411832.5 204995.6 377429.5
vertex 406191.6 199354.7 376953.6
endloop
endfacet
facet normal 0 0 0
outer loop
vertex 440037.2 171150 376494.2
vertex 437618.2 167389.4 377521.4
vertex 440037.2 165509.1 376750.3
endloop
endfacet
facet normal 0 0 0
outer loop
vertex 440037.2 165509.1 376750.3
vertex 437618.2 167389.4 377521.4
vertex 439625.4 165509.1 377105.2
endloop
endfacet
facet normal 0 0 0
outer loop
vertex 439625.4 165509.1 377105.2
vertex 437618.2 167389.4 377521.4
vertex 437216.7 165509.1 377952.5
endloop
endfacet
facet normal 0 0 0
outer loop
vertex 437216.7 165509.1 377952.5
vertex 437618.2 167389.4 377521.4
vertex 434396.2 165509.1 378470.3
endloop
endfacet
facet normal 0 0 0
outer loop
vertex 434396.2 165509.1 378470.3
vertex 437618.2 167389.4 377521.4
vertex 434396.2 171150 378356
endloop
endfacet
facet normal 0 0 0
outer loop
vertex 423114.4 157303.3 374284.7
vertex 423114.4 159868.1 377272.4
vertex 418106.1 159868.1 374284.7
endloop
endfacet
facet normal 0 0 0
outer loop
vertex 434396.2 171150 378356
vertex 437618.2 167389.4 377521.4
vertex 440037.2 171150 376494.2
endloop
endfacet
facet normal 0 0 0
outer loop
vertex 406887 204995.6 374284.7
vertex 411832.5 204995.6 377429.5
vertex 411832.5 209882.9 374284.7
endloop
endfacet
facet normal 0 0 0
outer loop
vertex 440037.2 171150 376494.2
vertex 440037.2 165509.1 376750.3
vertex 441411.7 165509.1 374284.7
endloop
endfacet
facet normal 0 0 0
outer loop
vertex 441411.7 165509.1 374284.7
vertex 441090.8 171150 374284.7
vertex 440037.2 171150 376494.2
endloop
endfacet
facet normal 0 0 0
outer loop
vertex 428755.3 156504.2 374284.7
vertex 423114.4 159868.1 377272.4
vertex 423114.4 157303.3 374284.7
endloop
endfacet
facet normal 0 0 0
outer loop
vertex 428755.3 159868.1 378132.2
vertex 423114.4 159868.1 377272.4
vertex 428755.3 156504.2 374284.7
endloop
endfacet
facet normal 0 0 0
outer loop
vertex 411832.5 209882.9 374284.7
vertex 417473.4 210636.6 377853.2
vertex 412429.3 210636.6 374284.7
endloop
endfacet
facet normal 0 0 0
outer loop
vertex 411832.5 204995.6 377429.5
vertex 417473.4 210636.6 377853.2
vertex 411832.5 209882.9 374284.7
endloop
endfacet
facet normal 0 0 0
outer loop
vertex 417473.4 204995.6 378188.2
vertex 417473.4 210636.6 377853.2
vertex 411832.5 204995.6 377429.5
endloop
endfacet
facet normal 0 0 0
outer loop
vertex 411832.5 171150 378012.9
vertex 417473.4 171150 377977.6
vertex 417473.4 176790.9 378038.2
endloop
endfacet
facet normal 0 0 0
outer loop
vertex 417473.4 176790.9 378038.2
vertex 411832.5 176790.9 378077.7
vertex 411832.5 171150 378012.9
endloop
endfacet
facet normal 0 0 0
outer loop
vertex 417473.4 204995.6 378188.2
vertex 423114.4 204995.6 378221.5
vertex 423114.4 210636.6 378252.5
endloop
endfacet
facet normal 0 0 0
outer loop
vertex 428755.3 156504.2 374284.7
vertex 432515.9 157783.8 376417.1
vertex 428755.3 159868.1 378132.2
endloop
endfacet
facet normal 0 0 0
outer loop
vertex 423114.4 210636.6 378252.5
vertex 417473.4 210636.6 377853.2
vertex 417473.4 204995.6 378188.2
endloop
endfacet
facet normal 0 0 0
outer loop
vertex 400550.6 172785.1 374284.7
vertex 400550.6 176790.9 376031.6
vertex 397729.2 176790.9 374284.7
endloop
endfacet
facet normal 0 0 0
outer loop
vertex 428755.3 159868.1 378132.2
vertex 432515.9 157783.8 376417.1
vertex 434396.2 159868.1 378280.9
endloop
endfacet
facet normal 0 0 0
outer loop
vertex 417473.4 171150 377977.6
vertex 423114.4 171150 378113.3
vertex 423114.4 176790.9 378023.4
endloop
endfacet
facet normal 0 0 0
outer loop
vertex 434396.2 159868.1 378280.9
vertex 432515.9 157783.8 376417.1
vertex 434396.2 157784.8 377105.2
endloop
endfacet
facet normal 0 0 0
outer loop
vertex 423114.4 176790.9 378023.4
vertex 417473.4 176790.9 378038.2
vertex 417473.4 171150 377977.6
endloop
endfacet
facet normal 0 0 0
outer loop
vertex 434396.2 157784.8 377105.2
vertex 432515.9 157783.8 376417.1
vertex 434396.2 157047.7 376414.9
endloop
endfacet
facet normal 0 0 0
outer loop
vertex 434396.2 157047.7 376414.9
vertex 432515.9 157783.8 376417.1
vertex 434396.2 155629.6 374284.7
endloop
endfacet
facet normal 0 0 0
outer loop
vertex 434396.2 155629.6 374284.7
vertex 432515.9 157783.8 376417.1
vertex 428755.3 156504.2 374284.7
endloop
endfacet
facet normal 0 0 0
outer loop
vertex 412429.3 210636.6 374284.7
vertex 417473.4 210636.6 377853.2
vertex 417473.4 214964.7 374284.7
endloop
endfacet
facet normal 0 0 0
outer loop
vertex 397729.2 176790.9 374284.7
vertex 400550.6 182431.9 377179.4
vertex 396346.2 182431.9 374284.7
endloop
endfacet
facet normal 0 0 0
outer loop
vertex 400550.6 176790.9 376031.6
vertex 400550.6 182431.9 377179.4
vertex 397729.2 176790.9 374284.7
endloop
endfacet
facet normal 0 0 0
outer loop
vertex 411832.5 176790.9 378077.7
vertex 417473.4 176790.9 378038.2
vertex 417473.4 182431.9 378212.2
endloop
endfacet
facet normal 0 0 0
outer loop
vertex 417473.4 182431.9 378212.2
vertex 411832.5 182431.9 378157.9
vertex 411832.5 176790.9 378077.7
endloop
endfacet
facet normal 0 0 0
outer loop
vertex 417473.4 165509.1 377475.6
vertex 411832.5 165509.1 375954.8
vertex 411832.5 163758.3 374284.7
endloop
endfacet
facet normal 0 0 0
outer loop
vertex 411832.5 163758.3 374284.7
vertex 417473.4 160196.6 374284.7
vertex 417473.4 165509.1 377475.6
endloop
endfacet
facet normal 0 0 0
outer loop
vertex 423114.4 210636.6 378252.5
vertex 423114.4 216277.5 377000.3
vertex 419663.2 216277.5 374284.7
endloop
endfacet
facet normal 0 0 0
outer loop
vertex 417473.4 210636.6 377853.2
vertex 423114.4 210636.6 378252.5
vertex 419663.2 216277.5 374284.7
endloop
endfacet
facet normal 0 0 0
outer loop
vertex 417473.4 214964.7 374284.7
vertex 417473.4 210636.6 377853.2
vertex 419663.2 216277.5 374284.7
endloop
endfacet
facet normal 0 0 0
outer loop
vertex 417473.4 176790.9 378038.2
vertex 423114.4 176790.9 378023.4
vertex 423114.4 182431.9 378081.9
endloop
endfacet
facet normal 0 0 0
outer loop
vertex 423114.4 182431.9 378081.9
vertex 417473.4 182431.9 378212.2
vertex 417473.4 176790.9 378038.2
endloop
endfacet
facet normal 0 0 0
outer loop
vertex 406191.6 176790.9 377799.4
vertex 400550.6 176790.9 376031.6
vertex 400550.6 172785.1 374284.7
endloop
endfacet
facet normal 0 0 0
outer loop
vertex 402217.5 171150 374284.7
vertex 406191.6 176790.9 377799.4
vertex 400550.6 172785.1 374284.7
endloop
endfacet
facet normal 0 0 0
outer loop
vertex 406191.6 171150 376581
vertex 406191.6 176790.9 377799.4
vertex 402217.5 171150 374284.7
endloop
endfacet
facet normal 0 0 0
outer loop
vertex 418106.1 159868.1 374284.7
vertex 417473.4 165509.1 377475.6
vertex 417473.4 160196.6 374284.7
endloop
endfacet
facet normal 0 0 0
outer loop
vertex 423114.4 159868.1 377272.4
vertex 417473.4 165509.1 377475.6
vertex 418106.1 159868.1 374284.7
endloop
endfacet
facet normal 0 0 0
outer loop
vertex 423114.4 204995.6 378221.5
vertex 428755.3 204995.6 378083.3
vertex 428755.3 210636.6 378235
endloop
endfacet
facet normal 0 0 0
outer loop
vertex 423114.4 171150 378113.3
vertex 428755.3 171150 377998.6
vertex 428755.3 176790.9 378117.9
endloop
endfacet
facet normal 0 0 0
outer loop
vertex 423114.4 165509.1 378002.1
vertex 417473.4 165509.1 377475.6
vertex 423114.4 159868.1 377272.4
endloop
endfacet
facet normal 0 0 0
outer loop
vertex 428755.3 210636.6 378235
vertex 423114.4 210636.6 378252.5
vertex 423114.4 204995.6 378221.5
endloop
endfacet
facet normal 0 0 0
outer loop
vertex 428755.3 176790.9 378117.9
vertex 423114.4 176790.9 378023.4
vertex 423114.4 171150 378113.3
endloop
endfacet
facet normal 0 0 0
outer loop
vertex 406191.6 176790.9 377799.4
vertex 411832.5 171150 378012.9
vertex 411832.5 176790.9 378077.7
endloop
endfacet
facet normal 0 0 0
outer loop
vertex 406191.6 171150 376581
vertex 411832.5 171150 378012.9
vertex 406191.6 176790.9 377799.4
endloop
endfacet
facet normal 0 0 0
outer loop
vertex 428755.3 210636.6 378235
vertex 434396.2 204995.6 377217.7
vertex 434396.2 210636.6 376560
endloop
endfacet
facet normal 0 0 0
outer loop
vertex 411832.5 171150 378012.9
vertex 417473.4 165509.1 377475.6
vertex 417473.4 171150 377977.6
endloop
endfacet
facet normal 0 0 0
outer loop
vertex 428755.3 204995.6 378083.3
vertex 434396.2 204995.6 377217.7
vertex 428755.3 210636.6 378235
endloop
endfacet
facet normal 0 0 0
outer loop
vertex 428755.3 176790.9 378117.9
vertex 434396.2 171150 378356
vertex 434396.2 176790.9 378681.8
endloop
endfacet
facet normal 0 0 0
outer loop
vertex 411832.5 165509.1 375954.8
vertex 417473.4 165509.1 377475.6
vertex 411832.5 171150 378012.9
endloop
endfacet
facet normal 0 0 0
outer loop
vertex 400550.6 182431.9 377179.4
vertex 406191.6 176790.9 377799.4
vertex 406191.6 182431.9 378248.3
endloop
endfacet
facet normal 0 0 0
outer loop
vertex 428755.3 171150 377998.6
vertex 434396.2 171150 378356
vertex 428755.3 176790.9 378117.9
endloop
endfacet
facet normal 0 0 0
outer loop
vertex 423114.4 210636.6 378252.5
vertex 428755.3 210636.6 378235
vertex 428755.3 216277.5 378144.9
endloop
endfacet
facet normal 0 0 0
outer loop
vertex 417473.4 171150 377977.6
vertex 423114.4 165509.1 378002.1
vertex 423114.4 171150 378113.3
endloop
endfacet
facet normal 0 0 0
outer loop
vertex 400550.6 176790.9 376031.6
vertex 406191.6 176790.9 377799.4
vertex 400550.6 182431.9 377179.4
endloop
endfacet
facet normal 0 0 0
outer loop
vertex 428755.3 216277.5 378144.9
vertex 423114.4 216277.5 377000.3
vertex 423114.4 210636.6 378252.5
endloop
endfacet
facet normal 0 0 0
outer loop
vertex 417473.4 165509.1 377475.6
vertex 423114.4 165509.1 378002.1
vertex 417473.4 171150 377977.6
endloop
endfacet
facet normal 0 0 0
outer loop
vertex 423114.4 176790.9 378023.4
vertex 428755.3 176790.9 378117.9
vertex 428755.3 182431.9 378182.4
endloop
endfacet
facet normal 0 0 0
outer loop
vertex 428755.3 182431.9 378182.4
vertex 423114.4 182431.9 378081.9
vertex 423114.4 176790.9 378023.4
endloop
endfacet
facet normal 0 0 0
outer loop
vertex 428755.3 216277.5 378144.9
vertex 434396.2 210636.6 376560
vertex 434396.2 216277.5 376539.9
endloop
endfacet
facet normal 0 0 0
outer loop
vertex 428755.3 210636.6 378235
vertex 434396.2 210636.6 376560
vertex 428755.3 216277.5 378144.9
endloop
endfacet
facet normal 0 0 0
outer loop
vertex 423114.4 165509.1 378002.1
vertex 428755.3 159868.1 378132.2
vertex 428755.3 165509.1 378534
endloop
endfacet
facet normal 0 0 0
outer loop
vertex 406191.6 182431.9 378248.3
vertex 411832.5 176790.9 378077.7
vertex 411832.5 182431.9 378157.9
endloop
endfacet
facet normal 0 0 0
outer loop
vertex 423114.4 159868.1 377272.4
vertex 428755.3 159868.1 378132.2
vertex 423114.4 165509.1 378002.1
endloop
endfacet
facet normal 0 0 0
outer loop
vertex 406191.6 176790.9 377799.4
vertex 411832.5 176790.9 378077.7
vertex 406191.6 182431.9 378248.3
endloop
endfacet
facet normal 0 0 0
outer loop
vertex 428755.3 176790.9 378117.9
vertex 434396.2 176790.9 378681.8
vertex 434396.2 182431.9 378593.3
endloop
endfacet
facet normal 0 0 0
outer loop
vertex 434396.2 182431.9 378593.3
vertex 428755.3 182431.9 378182.4
vertex 428755.3 176790.9 378117.9
endloop
endfacet
facet normal 0 0 0
outer loop
vertex 400550.6 182431.9 377179.4
vertex 400550.6 188072.8 377231
vertex 396750.2 188072.8 374284.7
endloop
endfacet
facet normal 0 0 0
outer loop
vertex 396750.2 188072.8 374284.7
vertex 396346.2 182431.9 374284.7
vertex 400550.6 182431.9 377179.4
endloop
endfacet
facet normal 0 0 0
outer loop
vertex 411832.5 188072.8 378196.5
vertex 417473.4 182431.9 378212.2
vertex 417473.4 188072.8 378223.2
endloop
endfacet
facet normal 0 0 0
outer loop
vertex 439028.2 199354.7 374284.7
vertex 440037.2 193713.8 375395
vertex 440037.2 194412.2 374284.7
endloop
endfacet
facet normal 0 0 0
outer loop
vertex 411832.5 182431.9 378157.9
vertex 417473.4 182431.9 378212.2
vertex 411832.5 188072.8 378196.5
endloop
endfacet
facet normal 0 0 0
outer loop
vertex 434396.2 193713.8 378575.3
vertex 440037.2 193713.8 375395
vertex 439028.2 199354.7 374284.7
endloop
endfacet
facet normal 0 0 0
outer loop
vertex 434396.2 199354.7 378399.8
vertex 434396.2 193713.8 378575.3
vertex 439028.2 199354.7 374284.7
endloop
endfacet
facet normal 0 0 0
outer loop
vertex 400550.6 188072.8 377231
vertex 400550.6 193713.8 375854.5
vertex 398668.4 193713.8 374284.7
endloop
endfacet
facet normal 0 0 0
outer loop
vertex 398668.4 193713.8 374284.7
vertex 396750.2 188072.8 374284.7
vertex 400550.6 188072.8 377231
endloop
endfacet
facet normal 0 0 0
outer loop
vertex 440037.2 194412.2 374284.7
vertex 440037.2 193713.8 375395
vertex 440184.3 193713.8 374284.7
endloop
endfacet
facet normal 0 0 0
outer loop
vertex 417473.4 182431.9 378212.2
vertex 423114.4 182431.9 378081.9
vertex 423114.4 188072.8 378191.2
endloop
endfacet
facet normal 0 0 0
outer loop
vertex 423114.4 188072.8 378191.2
vertex 417473.4 188072.8 378223.2
vertex 417473.4 182431.9 378212.2
endloop
endfacet
facet normal 0 0 0
outer loop
vertex 437592.8 204995.6 374284.7
vertex 434396.2 199354.7 378399.8
vertex 439028.2 199354.7 374284.7
endloop
endfacet
facet normal 0 0 0
outer loop
vertex 400550.6 188072.8 377231
vertex 406191.6 182431.9 378248.3
vertex 406191.6 188072.8 378361.1
endloop
endfacet
facet normal 0 0 0
outer loop
vertex 434396.2 204995.6 377217.7
vertex 434396.2 199354.7 378399.8
vertex 437592.8 204995.6 374284.7
endloop
endfacet
facet normal 0 0 0
outer loop
vertex 411832.5 188072.8 378196.5
vertex 417473.4 188072.8 378223.2
vertex 417473.4 193713.8 378125.9
endloop
endfacet
facet normal 0 0 0
outer loop
vertex 400550.6 182431.9 377179.4
vertex 406191.6 182431.9 378248.3
vertex 400550.6 188072.8 377231
endloop
endfacet
facet normal 0 0 0
outer loop
vertex 417473.4 193713.8 378125.9
vertex 411832.5 193713.8 378233.3
vertex 411832.5 188072.8 378196.5
endloop
endfacet
facet normal 0 0 0
outer loop
vertex 406191.6 182431.9 378248.3
vertex 411832.5 182431.9 378157.9
vertex 411832.5 188072.8 378196.5
endloop
endfacet
facet normal 0 0 0
outer loop
vertex 411832.5 188072.8 378196.5
vertex 406191.6 188072.8 378361.1
vertex 406191.6 182431.9 378248.3
endloop
endfacet
facet normal 0 0 0
outer loop
vertex 417473.4 188072.8 378223.2
vertex 423114.4 188072.8 378191.2
vertex 423114.4 193713.8 378094.1
endloop
endfacet
facet normal 0 0 0
outer loop
vertex 434396.2 210636.6 376560
vertex 434396.2 204995.6 377217.7
vertex 437592.8 204995.6 374284.7
endloop
endfacet
facet normal 0 0 0
outer loop
vertex 423114.4 193713.8 378094.1
vertex 417473.4 193713.8 378125.9
vertex 417473.4 188072.8 378223.2
endloop
endfacet
facet normal 0 0 0
outer loop
vertex 437592.8 204995.6 374284.7
vertex 437063.9 210636.6 374284.7
vertex 434396.2 210636.6 376560
endloop
endfacet
facet normal 0 0 0
outer loop
vertex 400550.6 188072.8 377231
vertex 406191.6 188072.8 378361.1
vertex 406191.6 193713.8 377960.8
endloop
endfacet
facet normal 0 0 0
outer loop
vertex 406191.6 193713.8 377960.8
vertex 400550.6 193713.8 375854.5
vertex 400550.6 188072.8 377231
endloop
endfacet
facet normal 0 0 0
outer loop
vertex 423114.4 182431.9 378081.9
vertex 428755.3 182431.9 378182.4
vertex 428755.3 188072.8 378128.1
endloop
endfacet
facet normal 0 0 0
outer loop
vertex 436499.2 216277.5 374284.7
vertex 434396.2 210636.6 376560
vertex 437063.9 210636.6 374284.7
endloop
endfacet
facet normal 0 0 0
outer loop
vertex 428755.3 188072.8 378128.1
vertex 423114.4 188072.8 378191.2
vertex 423114.4 182431.9 378081.9
endloop
endfacet
facet normal 0 0 0
outer loop
vertex 434396.2 216277.5 376539.9
vertex 434396.2 210636.6 376560
vertex 436499.2 216277.5 374284.7
endloop
endfacet
facet normal 0 0 0
outer loop
vertex 406191.6 188072.8 378361.1
vertex 411832.5 188072.8 378196.5
vertex 411832.5 193713.8 378233.3
endloop
endfacet
facet normal 0 0 0
outer loop
vertex 411832.5 193713.8 378233.3
vertex 406191.6 193713.8 377960.8
vertex 406191.6 188072.8 378361.1
endloop
endfacet
facet normal 0 0 0
outer loop
vertex 428755.3 182431.9 378182.4
vertex 434396.2 182431.9 378593.3
vertex 434396.2 188072.8 378453.1
endloop
endfacet
facet normal 0 0 0
outer loop
vertex 434396.2 188072.8 378453.1
vertex 428755.3 188072.8 378128.1
vertex 428755.3 182431.9 378182.4
endloop
endfacet
facet normal 0 0 0
outer loop
vertex 419663.2 216277.5 374284.7
vertex 423114.4 216277.5 377000.3
vertex 423114.4 218234.8 374284.7
endloop
endfacet
facet normal 0 0 0
outer loop
vertex 398668.4 193713.8 374284.7
vertex 400550.6 193713.8 375854.5
vertex 400550.6 196586.9 374284.7
endloop
endfacet
facet normal 0 0 0
outer loop
vertex 423114.4 188072.8 378191.2
vertex 428755.3 188072.8 378128.1
vertex 428755.3 193713.8 378132.7
endloop
endfacet
facet normal 0 0 0
outer loop
vertex 423114.4 218234.8 374284.7
vertex 428755.3 216277.5 378144.9
vertex 428755.3 221311.6 374284.7
endloop
endfacet
facet normal 0 0 0
outer loop
vertex 428755.3 193713.8 378132.7
vertex 423114.4 193713.8 378094.1
vertex 423114.4 188072.8 378191.2
endloop
endfacet
facet normal 0 0 0
outer loop
vertex 423114.4 216277.5 377000.3
vertex 428755.3 216277.5 378144.9
vertex 423114.4 218234.8 374284.7
endloop
endfacet
facet normal 0 0 0
outer loop
vertex 428755.3 193713.8 378132.7
vertex 434396.2 188072.8 378453.1
vertex 434396.2 193713.8 378575.3
endloop
endfacet
facet normal 0 0 0
outer loop
vertex 428755.3 221311.6 374284.7
vertex 434396.2 216277.5 376539.9
vertex 434396.2 220629.1 374284.7
endloop
endfacet
facet normal 0 0 0
outer loop
vertex 428755.3 188072.8 378128.1
vertex 434396.2 188072.8 378453.1
vertex 428755.3 193713.8 378132.7
endloop
endfacet
facet normal 0 0 0
outer loop
vertex 428755.3 216277.5 378144.9
vertex 434396.2 216277.5 376539.9
vertex 428755.3 221311.6 374284.7
endloop
endfacet
facet normal 0 0 0
outer loop
vertex 434396.2 171150 378356
vertex 440037.2 171150 376494.2
vertex 440037.2 176790.9 377582.8
endloop
endfacet
facet normal 0 0 0
outer loop
vertex 440037.2 176790.9 377582.8
vertex 434396.2 176790.9 378681.8
vertex 434396.2 171150 378356
endloop
endfacet
facet normal 0 0 0
outer loop
vertex 434396.2 220629.1 374284.7
vertex 434396.2 216277.5 376539.9
vertex 436499.2 216277.5 374284.7
endloop
endfacet
facet normal 0 0 0
outer loop
vertex 441827.5 176790.9 374284.7
vertex 440037.2 171150 376494.2
vertex 441090.8 171150 374284.7
endloop
endfacet
facet normal 0 0 0
outer loop
vertex 440037.2 176790.9 377582.8
vertex 440037.2 171150 376494.2
vertex 441827.5 176790.9 374284.7
endloop
endfacet
facet normal 0 0 0
outer loop
vertex 434396.2 182431.9 378593.3
vertex 440037.2 176790.9 377582.8
vertex 440037.2 182431.9 377359.8
endloop
endfacet
facet normal 0 0 0
outer loop
vertex 434396.2 176790.9 378681.8
vertex 440037.2 176790.9 377582.8
vertex 434396.2 182431.9 378593.3
endloop
endfacet
facet normal 0 0 0
outer loop
vertex 440037.2 182431.9 377359.8
vertex 440037.2 176790.9 377582.8
vertex 441827.5 176790.9 374284.7
endloop
endfacet
facet normal 0 0 0
outer loop
vertex 441827.5 176790.9 374284.7
vertex 441638.1 182431.9 374284.7
vertex 440037.2 182431.9 377359.8
endloop
endfacet
facet normal 0 0 0
outer loop
vertex 434396.2 188072.8 378453.1
vertex 440037.2 182431.9 377359.8
vertex 440037.2 188072.8 377234.3
endloop
endfacet
facet normal 0 0 0
outer loop
vertex 434396.2 182431.9 378593.3
vertex 440037.2 182431.9 377359.8
vertex 434396.2 188072.8 378453.1
endloop
endfacet
facet normal 0 0 0
outer loop
vertex 441134.4 188072.8 374284.7
vertex 440037.2 182431.9 377359.8
vertex 441638.1 182431.9 374284.7
endloop
endfacet
facet normal 0 0 0
outer loop
vertex 440037.2 188072.8 377234.3
vertex 440037.2 182431.9 377359.8
vertex 441134.4 188072.8 374284.7
endloop
endfacet
facet normal 0 0 0
outer loop
vertex 434396.2 193713.8 378575.3
vertex 440037.2 188072.8 377234.3
vertex 440037.2 193713.8 375395
endloop
endfacet
facet normal 0 0 0
outer loop
vertex 434396.2 188072.8 378453.1
vertex 440037.2 188072.8 377234.3
vertex 434396.2 193713.8 378575.3
endloop
endfacet
facet normal 0 0 0
outer loop
vertex 440037.2 193713.8 375395
vertex 440037.2 188072.8 377234.3
vertex 441134.4 188072.8 374284.7
endloop
endfacet
facet normal 0 0 0
outer loop
vertex 441134.4 188072.8 374284.7
vertex 440184.3 193713.8 374284.7
vertex 440037.2 193713.8 375395
endloop
endfacet
facet normal 0 0 0
outer loop
vertex 411832.5 193713.8 378233.3
vertex 417473.4 193713.8 378125.9
vertex 417473.4 199354.7 378165
endloop
endfacet
facet normal 0 0 0
outer loop
vertex 417473.4 199354.7 378165
vertex 411832.5 199354.7 378384.1
vertex 411832.5 193713.8 378233.3
endloop
endfacet
facet normal 0 0 0
outer loop
vertex 417473.4 199354.7 378165
vertex 423114.4 193713.8 378094.1
vertex 423114.4 199354.7 378301.8
endloop
endfacet
facet normal 0 0 0
outer loop
vertex 417473.4 193713.8 378125.9
vertex 423114.4 193713.8 378094.1
vertex 417473.4 199354.7 378165
endloop
endfacet
facet normal 0 0 0
outer loop
vertex 411832.5 199354.7 378384.1
vertex 417473.4 199354.7 378165
vertex 417473.4 204995.6 378188.2
endloop
endfacet
facet normal 0 0 0
outer loop
vertex 417473.4 204995.6 378188.2
vertex 411832.5 204995.6 377429.5
vertex 411832.5 199354.7 378384.1
endloop
endfacet
endsolid